tipo,nroproctab,codconv,nome,especialidade,simbolo,preco,candidatos_brana_por_nome,candidatos_brana_por_codigo,candidatos_por_similaridade,posicao_relativa,motivo_bloqueio,id,codigo,candidatos_easy_dental
easy,1,6000,Alveoloplastia ou alveolotomia - (até 3 elementos),,,,[],[],"[{'codigo': 6000, 'id': 40557, 'nome': 'Alveoloplastia ou alveolotomia - (at\x82 3 elementos)', 'score': 0.9783}, {'codigo': 6010, 'id': 40558, 'nome': 'Alveoloplastica ou alveolotomia - (por sextante)', 'score': 0.7556}, {'codigo': 3280, 'id': 40702, 'nome': 'Gengivectomia ou Gengivoplastia - (por elemento)', 'score': 0.4889}]",,sem_candidato_semantico_confiavel,,,
easy,3,6020,Biópsia,,,,[],[],"[{'codigo': 6020, 'id': 40559, 'nome': 'Bi¢psia', 'score': 0.8571}, {'codigo': 3080, 'id': 40682, 'nome': 'Bridectomia', 'score': 0.4444}, {'codigo': 9050, 'id': 40885, 'nome': 'Bichectomia', 'score': 0.4444}]",,sem_candidato_semantico_confiavel,,,
easy,4,6030,Cirurgia de Hipertrofia de Lábio,,,,[],[],"[{'codigo': 6030, 'id': 40560, 'nome': 'Cirurgia de Hipertrofia de L bio', 'score': 0.9688}, {'codigo': 6130, 'id': 40570, 'nome': 'Cirurgia explorat¢ria', 'score': 0.6038}, {'codigo': 6040, 'id': 40561, 'nome': 'Cirurgia para Cisto de Desenvolvimento', 'score': 0.5714}]",,sem_candidato_semantico_confiavel,,,
easy,10,6090,Ciurgia para tórus mandibular unilateral,,,,[],[],"[{'codigo': 6090, 'id': 40566, 'nome': 'Ciurgia para t¢rus mandibular unilateral', 'score': 0.975}, {'codigo': 6080, 'id': 40565, 'nome': 'Ciurgia para torus mandibular bilateral', 'score': 0.9367}, {'codigo': 6070, 'id': 40564, 'nome': 'Cirurgia para torus palatino unilateral', 'score': 0.8101}]",,sem_candidato_semantico_confiavel,,,
easy,12,6110,Correção de bridas musculares,,,,[],[],"[{'codigo': 6110, 'id': 40568, 'nome': 'Corre\x87Æo de bridas musculares', 'score': 0.931}, {'codigo': 4240, 'id': 40648, 'nome': 'Tratamento de Canal - (Molares)', 'score': 0.5357}, {'codigo': 4180, 'id': 40642, 'nome': 'Retratamento de Canal - (Molares)', 'score': 0.5172}]",,sem_candidato_semantico_confiavel,,,
easy,14,6130,Cirurgia exploratória,,,,[],[],"[{'codigo': 6130, 'id': 40570, 'nome': 'Cirurgia explorat¢ria', 'score': 0.9524}, {'codigo': 3120, 'id': 40686, 'nome': 'Cirurgia para Rizectomia', 'score': 0.6667}, {'codigo': 6050, 'id': 40562, 'nome': 'Cirurgia para Microstomia', 'score': 0.6522}]",,sem_candidato_semantico_confiavel,,,
easy,15,6140,Excisão de glândula parótida,,,,[],[],"[{'codigo': 6140, 'id': 40571, 'nome': 'ExcisÆo de gl\x83ndula par¢tida', 'score': 0.8929}, {'codigo': 6160, 'id': 40573, 'nome': 'ExcisÆo de gl\x83ndula submandibular', 'score': 0.6557}, {'codigo': 6150, 'id': 40572, 'nome': 'ExcisÆo de gl\x83ndula sublingual', 'score': 0.6552}]",,sem_candidato_semantico_confiavel,,,
easy,16,6150,Excisão de glândula sublingual,,,,[],[],"[{'codigo': 6150, 'id': 40572, 'nome': 'ExcisÆo de gl\x83ndula sublingual', 'score': 0.9333}, {'codigo': 6160, 'id': 40573, 'nome': 'ExcisÆo de gl\x83ndula submandibular', 'score': 0.7302}, {'codigo': 6140, 'id': 40571, 'nome': 'ExcisÆo de gl\x83ndula par¢tida', 'score': 0.6897}]",,sem_candidato_semantico_confiavel,,,
easy,17,6160,Excisão de glândula submandibular,,,,[],[],"[{'codigo': 6160, 'id': 40573, 'nome': 'ExcisÆo de gl\x83ndula submandibular', 'score': 0.9394}, {'codigo': 6150, 'id': 40572, 'nome': 'ExcisÆo de gl\x83ndula sublingual', 'score': 0.7302}, {'codigo': 6140, 'id': 40571, 'nome': 'ExcisÆo de gl\x83ndula par¢tida', 'score': 0.6557}]",,sem_candidato_semantico_confiavel,,,
easy,18,6170,Excisão de Mucocele,,,,[],[],"[{'codigo': 6170, 'id': 40574, 'nome': 'ExcisÆo de Mucocele', 'score': 0.9474}, {'codigo': 6180, 'id': 40575, 'nome': 'ExcisÆo de r\x83nula', 'score': 0.6667}, {'codigo': 6140, 'id': 40571, 'nome': 'ExcisÆo de gl\x83ndula par¢tida', 'score': 0.5106}]",,sem_candidato_semantico_confiavel,,,
easy,19,6180,Excisão de rânula,,,,[],[],"[{'codigo': 6180, 'id': 40575, 'nome': 'ExcisÆo de r\x83nula', 'score': 0.8824}, {'codigo': 6170, 'id': 40574, 'nome': 'ExcisÆo de Mucocele', 'score': 0.6667}, {'codigo': 6140, 'id': 40571, 'nome': 'ExcisÆo de gl\x83ndula par¢tida', 'score': 0.6222}]",,sem_candidato_semantico_confiavel,,,
easy,20,6190,Excisão de tumores odontogênicos até 3 cm,,,,[],[],"[{'codigo': 6190, 'id': 40576, 'nome': 'ExcisÆo de tumores odontog\x88nicos at\x82 3 cm', 'score': 0.9268}, {'codigo': 6170, 'id': 40574, 'nome': 'ExcisÆo de Mucocele', 'score': 0.4667}, {'codigo': 336, 'id': 40891, 'nome': 'Remo\x87Æo de aparelho ortodontico fixo.', 'score': 0.4416}]",,sem_candidato_semantico_confiavel,,,
easy,21,6200,Exodontia de decíduos,,,,[],[],"[{'codigo': 6200, 'id': 40577, 'nome': 'Exodontia de dec¡duos', 'score': 0.9524}, {'codigo': 6210, 'id': 40578, 'nome': 'Exodontia de incluso', 'score': 0.7805}, {'codigo': 6250, 'id': 40582, 'nome': 'Exodontia de semi-incluso', 'score': 0.7391}]",,sem_candidato_semantico_confiavel,,,
easy,30,6290,Fraturas alvédio-dentárias - redução cruenta,,,,[],[],"[{'codigo': 6290, 'id': 40586, 'nome': 'Fraturas alv\x82dio-dent rias - redu\x87Æo cruenta', 'score': 0.9048}, {'codigo': 290, 'id': 40845, 'nome': 'Placa com arco de conten\x87Æo cont¡nua', 'score': 0.4359}, {'codigo': 3000, 'id': 40674, 'nome': 'Abertura de implante - (Giro de retalho)', 'score': 0.4359}]",,sem_candidato_semantico_confiavel,,,
easy,31,6300,Marzupialização de cisto,,,,[],[],"[{'codigo': 6300, 'id': 40587, 'nome': 'Marzupializa\x87Æo de cisto', 'score': 0.9167}, {'codigo': 1000, 'id': 40712, 'nome': 'Aplica\x87Æo de Cariost tico - (sessÆo)', 'score': 0.5357}, {'codigo': 5090, 'id': 40604, 'nome': 'Imobiliza\x87Æo dent ria (esplintagem)', 'score': 0.4912}]",,sem_candidato_semantico_confiavel,,,
easy,32,6310,Reconstrução parcial do lábio traumatizado,,,,[],[],"[{'codigo': 6310, 'id': 40588, 'nome': 'Reconstru\x87Æo parcial do l bio traumatizado', 'score': 0.9286}, {'codigo': 6320, 'id': 40589, 'nome': 'Reconstru\x87Æo total do l bio traumatizado', 'score': 0.8293}, {'codigo': 8390, 'id': 40766, 'nome': 'Pr¢tese Parcial Remov¡vel - (por arcada)', 'score': 0.4872}]",,sem_candidato_semantico_confiavel,,,
easy,33,6320,Reconstrução total do lábio traumatizado,,,,[],[],"[{'codigo': 6320, 'id': 40589, 'nome': 'Reconstru\x87Æo total do l bio traumatizado', 'score': 0.925}, {'codigo': 6310, 'id': 40588, 'nome': 'Reconstru\x87Æo parcial do l bio traumatizado', 'score': 0.8293}, {'codigo': 8420, 'id': 40769, 'nome': 'Pr¢tese Total - (por arcada)', 'score': 0.4688}]",,sem_candidato_semantico_confiavel,,,
easy,34,6330,Suturas múltiplas da face ou lábio,,,,[],[],"[{'codigo': 6330, 'id': 40590, 'nome': 'Suturas m£ltiplas da face ou l bio', 'score': 0.9412}, {'codigo': 6340, 'id': 40591, 'nome': 'Suturas simples da face ou l bio', 'score': 0.8485}, {'codigo': 5210, 'id': 40617, 'nome': 'Restaura\x87Æo em Resina Direta - (1 Face)', 'score': 0.4638}]",,sem_candidato_semantico_confiavel,,,
easy,35,6340,Suturas simples da face ou lábio,,,,[],[],"[{'codigo': 6340, 'id': 40591, 'nome': 'Suturas simples da face ou l bio', 'score': 0.9688}, {'codigo': 6330, 'id': 40590, 'nome': 'Suturas m£ltiplas da face ou l bio', 'score': 0.8485}, {'codigo': 6270, 'id': 40584, 'nome': 'Exodontia simples - (Anteriores)', 'score': 0.5}]",,sem_candidato_semantico_confiavel,,,
easy,38,6370,Tratamento cirúrgico do lábio leporino,,,,[],[],"[{'codigo': 6370, 'id': 40594, 'nome': 'Tratamento cir£rgico do l bio leporino', 'score': 0.9474}, {'codigo': 4200, 'id': 40644, 'nome': 'Tratamento cirurgico de lesÆo endo-perio - (Curetagem)', 'score': 0.6136}, {'codigo': 4210, 'id': 40645, 'nome': 'Tratamento cirurgico de lesÆo endo-perio com enxerto leofilizado', 'score': 0.6078}]",,sem_candidato_semantico_confiavel,,,
easy,39,5000,Adequação de meio bucal,,,,[],[],"[{'codigo': 5000, 'id': 40595, 'nome': 'Adequa\x87Æo de meio bucal', 'score': 0.913}, {'codigo': 4100, 'id': 40634, 'nome': 'Desobtura\x87Æo de canal', 'score': 0.5455}, {'codigo': 7050, 'id': 40876, 'nome': 'Levanto de seio maxilar', 'score': 0.5217}]",,sem_candidato_semantico_confiavel,,,
easy,40,5010,Ajuste oclusal - (por sessão),,,,[],[],"[{'codigo': 5010, 'id': 40596, 'nome': 'Ajuste oclusal - (por sessÆo)', 'score': 0.96}, {'codigo': 3320, 'id': 40706, 'nome': 'Manuten\x87Æo Periodontal - (por sessÆo)', 'score': 0.6207}, {'codigo': 1020, 'id': 40714, 'nome': 'Aplica\x87Æo de Selnate Oclusa Invasivo - (por elemento)', 'score': 0.4865}]",,sem_candidato_semantico_confiavel,,,
easy,45,5060,Dessensibilização dentária - (por elemento),,,,[],[],"[{'codigo': 5060, 'id': 40601, 'nome': 'Dessensibiliza\x87Æo dent ria - (por elemento)', 'score': 0.9231}, {'codigo': 3280, 'id': 40702, 'nome': 'Gengivectomia ou Gengivoplastia - (por elemento)', 'score': 0.6024}, {'codigo': 5090, 'id': 40604, 'nome': 'Imobiliza\x87Æo dent ria (esplintagem)', 'score': 0.5833}]",,sem_candidato_semantico_confiavel,,,
easy,47,5080,Imobilização dentária com resina fotopolimerizável,,,,[],[],"[{'codigo': 5080, 'id': 40603, 'nome': 'Imobiliza\x87Æo dent ria com resina fotopolimeriz vel', 'score': 0.92}, {'codigo': 5090, 'id': 40604, 'nome': 'Imobiliza\x87Æo dent ria (esplintagem)', 'score': 0.6024}, {'codigo': 5060, 'id': 40601, 'nome': 'Dessensibiliza\x87Æo dent ria - (por elemento)', 'score': 0.5169}]",,sem_candidato_semantico_confiavel,,,
easy,48,5090,Imobilização dentária (esplintagem),,,,[],[],"[{'codigo': 5090, 'id': 40604, 'nome': 'Imobiliza\x87Æo dent ria (esplintagem)', 'score': 0.9091}, {'codigo': 5080, 'id': 40603, 'nome': 'Imobiliza\x87Æo dent ria com resina fotopolimeriz vel', 'score': 0.6024}, {'codigo': 5060, 'id': 40601, 'nome': 'Dessensibiliza\x87Æo dent ria - (por elemento)', 'score': 0.5833}]",,sem_candidato_semantico_confiavel,,,
easy,49,5121,Núcleo de preenchimento,,,,[],[],"[{'codigo': 5121, 'id': 40605, 'nome': 'N£cleo de preenchimento', 'score': 0.9565}, {'codigo': 5110, 'id': 40607, 'nome': 'N£cleo de preenchimento em resina', 'score': 0.7857}, {'codigo': 9020, 'id': 40879, 'nome': 'Preenchimento', 'score': 0.7222}]",,sem_candidato_semantico_confiavel,,,
easy,50,5100,Núcleo de preenchimento em ionômetro de vidro,,,,[],[],"[{'codigo': 5100, 'id': 40606, 'nome': 'N£cleo de preenchimento em ion\x93metro de vidro', 'score': 0.9556}, {'codigo': 5110, 'id': 40607, 'nome': 'N£cleo de preenchimento em resina', 'score': 0.7179}, {'codigo': 5121, 'id': 40605, 'nome': 'N£cleo de preenchimento', 'score': 0.6471}]",,sem_candidato_semantico_confiavel,,,
easy,51,5110,Núcleo de preenchimento em resina,,,,[],[],"[{'codigo': 5110, 'id': 40607, 'nome': 'N£cleo de preenchimento em resina', 'score': 0.9697}, {'codigo': 5121, 'id': 40605, 'nome': 'N£cleo de preenchimento', 'score': 0.7857}, {'codigo': 5100, 'id': 40606, 'nome': 'N£cleo de preenchimento em ion\x93metro de vidro', 'score': 0.7436}]",,sem_candidato_semantico_confiavel,,,
easy,52,5120,Núcleo fibra de vidro,,,,[],[],"[{'codigo': 5120, 'id': 40608, 'nome': 'N£cleo fibra de vidro', 'score': 0.9524}, {'codigo': 5100, 'id': 40606, 'nome': 'N£cleo de preenchimento em ion\x93metro de vidro', 'score': 0.5152}, {'codigo': 8270, 'id': 40752, 'nome': 'N£cleo Metal-free est\x82tico', 'score': 0.5106}]",,sem_candidato_semantico_confiavel,,,
easy,53,5130,Núcleo metálico pré-fabricado,,,,[],[],"[{'codigo': 5130, 'id': 40609, 'nome': 'N£cleo met lico pr\x82-fabricado', 'score': 0.8966}, {'codigo': 8260, 'id': 40753, 'nome': 'N£cleo Met lico-fundido', 'score': 0.6923}, {'codigo': 8261, 'id': 40890, 'nome': 'N£cleo Met lico fundido bi-partido', 'score': 0.5714}]",,sem_candidato_semantico_confiavel,,,
easy,54,5140,Núcleo rosqueavel - (Roach),,,,[],[],"[{'codigo': 5140, 'id': 40610, 'nome': 'N£cleo rosqueavel - (Roach)', 'score': 0.9565}, {'codigo': 8270, 'id': 40752, 'nome': 'N£cleo Metal-free est\x82tico', 'score': 0.4898}, {'codigo': 5121, 'id': 40605, 'nome': 'N£cleo de preenchimento', 'score': 0.4783}]",,sem_candidato_semantico_confiavel,,,
easy,56,5160,Reconstrução em Resina Direta - (+ de 3 Faces),,,,[],[],"[{'codigo': 5160, 'id': 40612, 'nome': 'Reconstru\x87Æo em Resina Direta - (+ de 3 Faces)', 'score': 0.9524}, {'codigo': 5230, 'id': 40619, 'nome': 'Restaura\x87Æo em Resina Direta - (3 Faces)', 'score': 0.7949}, {'codigo': 5220, 'id': 40618, 'nome': 'Restaura\x87Æo em Resina Direta - (2 Faces)', 'score': 0.7692}]",,sem_candidato_semantico_confiavel,,,
easy,57,5170,Restauração de Amálgama - 1 face,,,,[],[],"[{'codigo': 5170, 'id': 40613, 'nome': 'Restaura\x87Æo de Am lgama - 1 face', 'score': 0.9}, {'codigo': 5180, 'id': 40614, 'nome': 'Restaura\x87Æo de Am lgama - 2 faces', 'score': 0.8525}, {'codigo': 5190, 'id': 40615, 'nome': 'Restaura\x87Æo de Am lgama - 3 faces', 'score': 0.8525}]",,sem_candidato_semantico_confiavel,,,
easy,58,5180,Restauração de Amálgama - 2 faces,,,,[],[],"[{'codigo': 5180, 'id': 40614, 'nome': 'Restaura\x87Æo de Am lgama - 2 faces', 'score': 0.9032}, {'codigo': 5190, 'id': 40615, 'nome': 'Restaura\x87Æo de Am lgama - 3 faces', 'score': 0.871}, {'codigo': 5170, 'id': 40613, 'nome': 'Restaura\x87Æo de Am lgama - 1 face', 'score': 0.8525}]",,sem_candidato_semantico_confiavel,,,
easy,59,5190,Restauração de Amálgama - 3 faces,,,,[],[],"[{'codigo': 5190, 'id': 40615, 'nome': 'Restaura\x87Æo de Am lgama - 3 faces', 'score': 0.9032}, {'codigo': 5180, 'id': 40614, 'nome': 'Restaura\x87Æo de Am lgama - 2 faces', 'score': 0.871}, {'codigo': 5170, 'id': 40613, 'nome': 'Restaura\x87Æo de Am lgama - 1 face', 'score': 0.8525}]",,sem_candidato_semantico_confiavel,,,
easy,60,5200,Restauração de ionômero de vidro - classe V,,,,[],[],"[{'codigo': 5250, 'id': 40621, 'nome': 'Restaura\x87Æo em Resina Direta - (Classe V)', 'score': 0.6667}, {'codigo': 5240, 'id': 40620, 'nome': 'Restaura\x87Æo em Resina Direta - (Classe IV)', 'score': 0.6582}, {'codigo': 5210, 'id': 40617, 'nome': 'Restaura\x87Æo em Resina Direta - (1 Face)', 'score': 0.5526}]",,sem_candidato_semantico_confiavel,,,
easy,61,5210,Restauração em Resina Direta - (1 Face),,,,[],[],"[{'codigo': 5210, 'id': 40617, 'nome': 'Restaura\x87Æo em Resina Direta - (1 Face)', 'score': 0.9429}, {'codigo': 5220, 'id': 40618, 'nome': 'Restaura\x87Æo em Resina Direta - (2 Faces)', 'score': 0.9014}, {'codigo': 5230, 'id': 40619, 'nome': 'Restaura\x87Æo em Resina Direta - (3 Faces)', 'score': 0.9014}]",,sem_candidato_semantico_confiavel,,,
easy,62,5220,Restauração em Resina Direta - (2 Faces),,,,[],[],"[{'codigo': 5220, 'id': 40618, 'nome': 'Restaura\x87Æo em Resina Direta - (2 Faces)', 'score': 0.9444}, {'codigo': 5230, 'id': 40619, 'nome': 'Restaura\x87Æo em Resina Direta - (3 Faces)', 'score': 0.9167}, {'codigo': 5210, 'id': 40617, 'nome': 'Restaura\x87Æo em Resina Direta - (1 Face)', 'score': 0.9014}]",,sem_candidato_semantico_confiavel,,,
easy,63,5230,Restauração em Resina Direta - (3 Faces),,,,[],[],"[{'codigo': 5230, 'id': 40619, 'nome': 'Restaura\x87Æo em Resina Direta - (3 Faces)', 'score': 0.9444}, {'codigo': 5220, 'id': 40618, 'nome': 'Restaura\x87Æo em Resina Direta - (2 Faces)', 'score': 0.9167}, {'codigo': 5210, 'id': 40617, 'nome': 'Restaura\x87Æo em Resina Direta - (1 Face)', 'score': 0.9014}]",,sem_candidato_semantico_confiavel,,,
easy,64,5240,Restauração em Resina Direta - (Classe IV),,,,[],[],"[{'codigo': 5240, 'id': 40620, 'nome': 'Restaura\x87Æo em Resina Direta - (Classe IV)', 'score': 0.9474}, {'codigo': 5250, 'id': 40621, 'nome': 'Restaura\x87Æo em Resina Direta - (Classe V)', 'score': 0.9333}, {'codigo': 5210, 'id': 40617, 'nome': 'Restaura\x87Æo em Resina Direta - (1 Face)', 'score': 0.7945}]",,sem_candidato_semantico_confiavel,,,
easy,65,5250,Restauração em Resina Direta - (Classe V),,,,[],[],"[{'codigo': 5250, 'id': 40621, 'nome': 'Restaura\x87Æo em Resina Direta - (Classe V)', 'score': 0.9459}, {'codigo': 5240, 'id': 40620, 'nome': 'Restaura\x87Æo em Resina Direta - (Classe IV)', 'score': 0.9333}, {'codigo': 5210, 'id': 40617, 'nome': 'Restaura\x87Æo em Resina Direta - (1 Face)', 'score': 0.8056}]",,sem_candidato_semantico_confiavel,,,
easy,66,5260,Restauração temporária (IRM ou similar),,,,[],[],"[{'codigo': 5260, 'id': 40622, 'nome': 'Restaura\x87Æo tempor ria (IRM ou similar)', 'score': 0.9189}, {'codigo': 5210, 'id': 40617, 'nome': 'Restaura\x87Æo em Resina Direta - (1 Face)', 'score': 0.5833}, {'codigo': 5220, 'id': 40618, 'nome': 'Restaura\x87Æo em Resina Direta - (2 Faces)', 'score': 0.5753}]",,sem_candidato_semantico_confiavel,,,
easy,67,5270,Tratamento Expectante com H. Cálcio,,,,[],[],"[{'codigo': 5270, 'id': 40623, 'nome': 'Tratamento Expectante com H. C lcio', 'score': 0.9706}, {'codigo': 4220, 'id': 40646, 'nome': 'Tratamento de Canal - (Incisivos)', 'score': 0.5714}, {'codigo': 4230, 'id': 40647, 'nome': 'Tratamento de Canal - (Molares com mais de 3 condutos)', 'score': 0.5714}]",,sem_candidato_semantico_confiavel,,,
easy,69,4010,Apicectomia em Incisivos com obturação retrógrada,,,,[],[],"[{'codigo': 4010, 'id': 40625, 'nome': 'Apicectomia em Incisivos com obtura\x87Æo retr¢grada', 'score': 0.9388}, {'codigo': 4040, 'id': 40628, 'nome': 'Apicectomia em Molares com obtura\x87Æo retr¢grada', 'score': 0.8125}, {'codigo': 4070, 'id': 40631, 'nome': 'Apicectomia em Pr\x82-molares com obtura\x87Æo retr¢grada', 'score': 0.78}]",,sem_candidato_semantico_confiavel,,,
easy,72,4040,Apicectomia em Molares com obturação retrógrada,,,,[],[],"[{'codigo': 4040, 'id': 40628, 'nome': 'Apicectomia em Molares com obtura\x87Æo retr¢grada', 'score': 0.9362}, {'codigo': 4070, 'id': 40631, 'nome': 'Apicectomia em Pr\x82-molares com obtura\x87Æo retr¢grada', 'score': 0.898}, {'codigo': 4010, 'id': 40625, 'nome': 'Apicectomia em Incisivos com obtura\x87Æo retr¢grada', 'score': 0.8125}]",,sem_candidato_semantico_confiavel,,,
easy,74,4060,Apicectomia em Pré-molares com enxerto leofilizado,,,,[],[],"[{'codigo': 4060, 'id': 40630, 'nome': 'Apicectomia em Pr\x82-molares com enxerto leofilizado', 'score': 0.98}, {'codigo': 4030, 'id': 40627, 'nome': 'Apicectomia em Molares com enxerto leofilizado', 'score': 0.9583}, {'codigo': 4000, 'id': 40624, 'nome': 'Apicectomia em Incisivos com enxerto leofilizado', 'score': 0.8367}]",,sem_candidato_semantico_confiavel,,,
easy,75,4070,Apicectomia em Pré-molares com obturação retrógrada,,,,[],[],"[{'codigo': 4070, 'id': 40631, 'nome': 'Apicectomia em Pr\x82-molares com obtura\x87Æo retr¢grada', 'score': 0.9216}, {'codigo': 4040, 'id': 40628, 'nome': 'Apicectomia em Molares com obtura\x87Æo retr¢grada', 'score': 0.898}, {'codigo': 4010, 'id': 40625, 'nome': 'Apicectomia em Incisivos com obtura\x87Æo retr¢grada', 'score': 0.78}]",,sem_candidato_semantico_confiavel,,,
easy,76,4080,Apicectomia em Pré-molares curetagem apical,,,,[],[],"[{'codigo': 4080, 'id': 40632, 'nome': 'Apicectomia em Pr\x82-molares curetagem apical', 'score': 0.9767}, {'codigo': 4050, 'id': 40629, 'nome': 'Apicectomia em Molares curetagem apical', 'score': 0.9512}, {'codigo': 4020, 'id': 40626, 'nome': 'Apicectomia em Incisivos curetagem apical', 'score': 0.8095}]",,sem_candidato_semantico_confiavel,,,
easy,78,4100,Desobturação de canal,,,,[],[],"[{'codigo': 4100, 'id': 40634, 'nome': 'Desobtura\x87Æo de canal', 'score': 0.9048}, {'codigo': 4180, 'id': 40642, 'nome': 'Retratamento de Canal - (Molares)', 'score': 0.56}, {'codigo': 5000, 'id': 40595, 'nome': 'Adequa\x87Æo de meio bucal', 'score': 0.5455}]",,sem_candidato_semantico_confiavel,,,
easy,79,4110,Preparo para Núcleo intra-radicular,,,,[],[],"[{'codigo': 4110, 'id': 40635, 'nome': 'Preparo para N£cleo intra-radicular', 'score': 0.9714}, {'codigo': 4150, 'id': 40639, 'nome': 'Remo\x87Æo de n£cleo intraradicular', 'score': 0.7463}, {'codigo': 300, 'id': 40855, 'nome': 'Placa de expansÆo para mordida cruzada', 'score': 0.5205}]",,sem_candidato_semantico_confiavel,,,
easy,81,4130,Reimplante dentes avuls. trauma + ap. contenção,,,,[],[],"[{'codigo': 4130, 'id': 40637, 'nome': 'Reimplante dentes avuls. trauma + ap. conten\x87Æo', 'score': 0.9556}, {'codigo': 7021, 'id': 40671, 'nome': 'Implante ¢sseo integr vel - H. Interno', 'score': 0.575}, {'codigo': 7022, 'id': 40670, 'nome': 'Implante ¢sseo integr vel - Cone Morse', 'score': 0.5432}]",,sem_candidato_semantico_confiavel,,,
easy,82,4140,Remoção de Coroal Total,,,,[],[],"[{'codigo': 4140, 'id': 40638, 'nome': 'Remo\x87Æo de Coroal Total', 'score': 0.913}, {'codigo': 2000, 'id': 40652, 'nome': 'Cimenta\x87Æo de Coroa Total Definitiva', 'score': 0.5763}, {'codigo': 2010, 'id': 40653, 'nome': 'Cimenta\x87Æo de Coroa Total Provis¢ria', 'score': 0.5763}]",,sem_candidato_semantico_confiavel,,,
easy,83,4150,Remoção de núcleo intraradicular,,,,[],[],"[{'codigo': 4150, 'id': 40639, 'nome': 'Remo\x87Æo de n£cleo intraradicular', 'score': 0.9062}, {'codigo': 4110, 'id': 40635, 'nome': 'Preparo para N£cleo intra-radicular', 'score': 0.7463}, {'codigo': 4140, 'id': 40638, 'nome': 'Remo\x87Æo de Coroal Total', 'score': 0.5455}]",,sem_candidato_semantico_confiavel,,,
easy,87,4190,Retratamento de Canal - (Pré-molares),,,,[],[],"[{'codigo': 4190, 'id': 40643, 'nome': 'Retratamento de Canal - (Pr\x82-molares)', 'score': 0.9697}, {'codigo': 4250, 'id': 40649, 'nome': 'Tratamento de Canal - (Pr\x82-molares)', 'score': 0.9375}, {'codigo': 4180, 'id': 40642, 'nome': 'Retratamento de Canal - (Molares)', 'score': 0.9355}]",,sem_candidato_semantico_confiavel,,,
easy,88,4200,Tratamento cirurgico de lesão endo-perio - (Curetagem),,,,[],[],"[{'codigo': 4200, 'id': 40644, 'nome': 'Tratamento cirurgico de lesÆo endo-perio - (Curetagem)', 'score': 0.98}, {'codigo': 4210, 'id': 40645, 'nome': 'Tratamento cirurgico de lesÆo endo-perio com enxerto leofilizado', 'score': 0.7719}, {'codigo': 6370, 'id': 40594, 'nome': 'Tratamento cir£rgico do l bio leporino', 'score': 0.6364}]",,sem_candidato_semantico_confiavel,,,
easy,89,4210,Tratamento cirurgico de lesão endo-perio com enxerto leofilizado,,,,[],[],"[{'codigo': 4210, 'id': 40645, 'nome': 'Tratamento cirurgico de lesÆo endo-perio com enxerto leofilizado', 'score': 0.9844}, {'codigo': 4200, 'id': 40644, 'nome': 'Tratamento cirurgico de lesÆo endo-perio - (Curetagem)', 'score': 0.7368}, {'codigo': 6370, 'id': 40594, 'nome': 'Tratamento cir£rgico do l bio leporino', 'score': 0.6275}]",,sem_candidato_semantico_confiavel,,,
easy,93,4250,Tratamento de Canal - (Pré-molares),,,,[],[],"[{'codigo': 4250, 'id': 40649, 'nome': 'Tratamento de Canal - (Pr\x82-molares)', 'score': 0.9677}, {'codigo': 4190, 'id': 40643, 'nome': 'Retratamento de Canal - (Pr\x82-molares)', 'score': 0.9375}, {'codigo': 4240, 'id': 40648, 'nome': 'Tratamento de Canal - (Molares)', 'score': 0.931}]",,sem_candidato_semantico_confiavel,,,
easy,94,4260,Tratamento de dentes c/ rizogenese incompleta - (Por sessão),,,,[],[],"[{'codigo': 4260, 'id': 40650, 'nome': 'Tratamento de dentes c/ rizogenese incompleta - (Por sessÆo)', 'score': 0.9818}, {'codigo': 4230, 'id': 40647, 'nome': 'Tratamento de Canal - (Molares com mais de 3 condutos)', 'score': 0.5524}, {'codigo': 4170, 'id': 40641, 'nome': 'Retratamento de Canal - (Molares com 4 ou mais condutos)', 'score': 0.5234}]",,sem_candidato_semantico_confiavel,,,
easy,95,4270,Tratamento de Trepanações / Perfurações,,,,[],[],"[{'codigo': 4270, 'id': 40651, 'nome': 'Tratamento de Trepana\x87äes / Perfura\x87äes', 'score': 0.8919}, {'codigo': 4240, 'id': 40648, 'nome': 'Tratamento de Canal - (Molares)', 'score': 0.5938}, {'codigo': 4180, 'id': 40642, 'nome': 'Retratamento de Canal - (Molares)', 'score': 0.5758}]",,sem_candidato_semantico_confiavel,,,
easy,96,2000,Cimentação de Coroa Total Definitiva,,,,[],[],"[{'codigo': 2000, 'id': 40652, 'nome': 'Cimenta\x87Æo de Coroa Total Definitiva', 'score': 0.9444}, {'codigo': 2010, 'id': 40653, 'nome': 'Cimenta\x87Æo de Coroa Total Provis¢ria', 'score': 0.75}, {'codigo': 3070, 'id': 40681, 'nome': 'Aumento de Coroa Cl¡nica - (Plastia)', 'score': 0.6176}]",,sem_candidato_semantico_confiavel,,,
easy,97,2010,Cimentação de Coroa Total Provisória,,,,[],[],"[{'codigo': 2010, 'id': 40653, 'nome': 'Cimenta\x87Æo de Coroa Total Provis¢ria', 'score': 0.9167}, {'codigo': 2000, 'id': 40652, 'nome': 'Cimenta\x87Æo de Coroa Total Definitiva', 'score': 0.7222}, {'codigo': 8450, 'id': 40773, 'nome': 'Reembasamento de Coroa Provis¢ria', 'score': 0.6957}]",,sem_candidato_semantico_confiavel,,,
easy,98,2020,Cimentação de Núcleo Metálico Fundido,,,,[],[],"[{'codigo': 2020, 'id': 40654, 'nome': 'Cimenta\x87Æo de N£cleo Met lico Fundido', 'score': 0.8919}, {'codigo': 8260, 'id': 40753, 'nome': 'N£cleo Met lico-fundido', 'score': 0.7}, {'codigo': 8261, 'id': 40890, 'nome': 'N£cleo Met lico fundido bi-partido', 'score': 0.5915}]",,sem_candidato_semantico_confiavel,,,
easy,99,2030,Cimentação de Prótese Parcial Fixa,,,,[],[],"[{'codigo': 2030, 'id': 40655, 'nome': 'Cimenta\x87Æo de Pr¢tese Parcial Fixa', 'score': 0.9118}, {'codigo': 8020, 'id': 40724, 'nome': 'Conserto de Pr¢tese Total e Parcial', 'score': 0.6377}, {'codigo': 2000, 'id': 40652, 'nome': 'Cimenta\x87Æo de Coroa Total Definitiva', 'score': 0.5714}]",,sem_candidato_semantico_confiavel,,,
easy,100,2040,Consulta de adaptação Psicológica,,,,[],[],"[{'codigo': 2040, 'id': 40656, 'nome': 'Consulta de adapta\x87Æo Psicol¢gica', 'score': 0.9091}, {'codigo': 2081, 'id': 40880, 'nome': 'Consulta de Reavalia\x87Æo Cl¡nica', 'score': 0.6875}, {'codigo': 2060, 'id': 40658, 'nome': 'Consulta de Emerg\x88ncia - (S bado, Domingo e Feriado)', 'score': 0.5}]",,sem_candidato_semantico_confiavel,,,
easy,101,2050,Consulta de Emergência,,,,[],[],"[{'codigo': 2050, 'id': 40657, 'nome': 'Consulta de Emerg\x88ncia', 'score': 0.9545}, {'codigo': 2060, 'id': 40658, 'nome': 'Consulta de Emerg\x88ncia - (S bado, Domingo e Feriado)', 'score': 0.6087}, {'codigo': 2070, 'id': 40659, 'nome': 'Consulta de Emerg\x88ncia Noturna - (22:00 s 06:00 hs)', 'score': 0.6087}]",,sem_candidato_semantico_confiavel,,,
easy,102,2060,"Consulta de Emergência - (Sábado, Domingo e Feriado)",,,,[],[],"[{'codigo': 2060, 'id': 40658, 'nome': 'Consulta de Emerg\x88ncia - (S bado, Domingo e Feriado)', 'score': 0.9574}, {'codigo': 2050, 'id': 40657, 'nome': 'Consulta de Emerg\x88ncia', 'score': 0.6087}, {'codigo': 2070, 'id': 40659, 'nome': 'Consulta de Emerg\x88ncia Noturna - (22:00 s 06:00 hs)', 'score': 0.5532}]",,sem_candidato_semantico_confiavel,,,
easy,103,2070,Consulta de Emergência Noturna - (22:00 às 06:00 hs),,,,[],[],"[{'codigo': 2070, 'id': 40659, 'nome': 'Consulta de Emerg\x88ncia Noturna - (22:00 s 06:00 hs)', 'score': 0.9684}, {'codigo': 2050, 'id': 40657, 'nome': 'Consulta de Emerg\x88ncia', 'score': 0.6}, {'codigo': 2060, 'id': 40658, 'nome': 'Consulta de Emerg\x88ncia - (S bado, Domingo e Feriado)', 'score': 0.5474}]",,sem_candidato_semantico_confiavel,,,
easy,104,2080,Consulta Inicial para Exame clínico,,,,[],[],"[{'codigo': 2080, 'id': 40660, 'nome': 'Consulta Inicial para Exame cl¡nico', 'score': 0.9714}, {'codigo': 8310, 'id': 40757, 'nome': 'Placa para Clareamento', 'score': 0.4912}, {'codigo': 2060, 'id': 40658, 'nome': 'Consulta de Emerg\x88ncia - (S bado, Domingo e Feriado)', 'score': 0.4634}]",,sem_candidato_semantico_confiavel,,,
easy,106,2100,Exame para Perícia Inicial e Final,,,,[],[],"[{'codigo': 2100, 'id': 40662, 'nome': 'Exame para Per¡cia Inicial e Final', 'score': 0.9706}, {'codigo': 275, 'id': 40830, 'nome': 'Grade palatina fixa', 'score': 0.4906}, {'codigo': 2140, 'id': 40666, 'nome': 'Radiografia Periapical', 'score': 0.4643}]",,sem_candidato_semantico_confiavel,,,
easy,112,7000,Implante - (técnica de Sammers),,,,[],[],"[{'codigo': 7000, 'id': 40668, 'nome': 'Implante - (t\x82cnica de Sammers)', 'score': 0.963}, {'codigo': 7023, 'id': 40887, 'nome': 'Implante Cone Morse + Enxerto', 'score': 0.5714}, {'codigo': 299, 'id': 40854, 'nome': 'Placa de Eschler', 'score': 0.5581}]",,sem_candidato_semantico_confiavel,,,
easy,114,7022,Implante ósseo integrável - Cone Morse,,,,[],[],"[{'codigo': 7022, 'id': 40670, 'nome': 'Implante ¢sseo integr vel - Cone Morse', 'score': 0.9444}, {'codigo': 7020, 'id': 40672, 'nome': 'Implante ¢sseo integr vel - Standard', 'score': 0.7429}, {'codigo': 7021, 'id': 40671, 'nome': 'Implante ¢sseo integr vel - H. Interno', 'score': 0.7042}]",,sem_candidato_semantico_confiavel,,,
easy,115,7021,Implante ósseo integrável - H. Interno,,,,[],[],"[{'codigo': 7021, 'id': 40671, 'nome': 'Implante ¢sseo integr vel - H. Interno', 'score': 0.9429}, {'codigo': 7020, 'id': 40672, 'nome': 'Implante ¢sseo integr vel - Standard', 'score': 0.7536}, {'codigo': 7022, 'id': 40670, 'nome': 'Implante ¢sseo integr vel - Cone Morse', 'score': 0.7324}]",,sem_candidato_semantico_confiavel,,,
easy,116,7020,Implante ósseo integrável - Standard,,,,[],[],"[{'codigo': 7020, 'id': 40672, 'nome': 'Implante ¢sseo integr vel - Standard', 'score': 0.9412}, {'codigo': 7021, 'id': 40671, 'nome': 'Implante ¢sseo integr vel - H. Interno', 'score': 0.7536}, {'codigo': 7022, 'id': 40670, 'nome': 'Implante ¢sseo integr vel - Cone Morse', 'score': 0.7143}]",,sem_candidato_semantico_confiavel,,,
easy,117,7030,Remoção de implante,,,,[],[],"[{'codigo': 7030, 'id': 40673, 'nome': 'Remo\x87Æo de implante', 'score': 0.8947}, {'codigo': 3020, 'id': 40676, 'nome': 'Abertura de implante - (Plastia)', 'score': 0.5532}, {'codigo': 255, 'id': 40810, 'nome': 'BotÆo de Nance', 'score': 0.5455}]",,sem_candidato_semantico_confiavel,,,
easy,123,3050,Aumento de Coroa Clínica - (Osteotomia e deslize apical),,,,[],[],"[{'codigo': 3050, 'id': 40679, 'nome': 'Aumento de Coroa Cl¡nica - (Osteotomia e deslize apical)', 'score': 0.9808}, {'codigo': 3060, 'id': 40680, 'nome': 'Aumento de Coroa Cl¡nica - (Osteotomia)', 'score': 0.7816}, {'codigo': 3070, 'id': 40681, 'nome': 'Aumento de Coroa Cl¡nica - (Plastia)', 'score': 0.6667}]",,sem_candidato_semantico_confiavel,,,
easy,124,3060,Aumento de Coroa Clínica - (Osteotomia),,,,[],[],"[{'codigo': 3060, 'id': 40680, 'nome': 'Aumento de Coroa Cl¡nica - (Osteotomia)', 'score': 0.9714}, {'codigo': 3070, 'id': 40681, 'nome': 'Aumento de Coroa Cl¡nica - (Plastia)', 'score': 0.8358}, {'codigo': 3050, 'id': 40679, 'nome': 'Aumento de Coroa Cl¡nica - (Osteotomia e deslize apical)', 'score': 0.7816}]",,sem_candidato_semantico_confiavel,,,
easy,125,3070,Aumento de Coroa Clínica - (Plastia),,,,[],[],"[{'codigo': 3070, 'id': 40681, 'nome': 'Aumento de Coroa Cl¡nica - (Plastia)', 'score': 0.9688}, {'codigo': 3060, 'id': 40680, 'nome': 'Aumento de Coroa Cl¡nica - (Osteotomia)', 'score': 0.8358}, {'codigo': 3050, 'id': 40679, 'nome': 'Aumento de Coroa Cl¡nica - (Osteotomia e deslize apical)', 'score': 0.6667}]",,sem_candidato_semantico_confiavel,,,
easy,127,3090,Cirurgia para colagem de botão Ortodôntico,,,,[],[],"[{'codigo': 3090, 'id': 40683, 'nome': 'Cirurgia para colagem de botÆo Ortod\x93ntico', 'score': 0.9524}, {'codigo': 3100, 'id': 40684, 'nome': 'Cirurgia para colagem de botÆo Ortod\x93ntico com osteotomia', 'score': 0.8081}, {'codigo': 6060, 'id': 40563, 'nome': 'Cirurgia para Osteoma e Odontoma', 'score': 0.6216}]",,sem_candidato_semantico_confiavel,,,
easy,128,3100,Cirurgia para colagem de botão Ortodôntico com osteotomia,,,,[],[],"[{'codigo': 3100, 'id': 40684, 'nome': 'Cirurgia para colagem de botÆo Ortod\x93ntico com osteotomia', 'score': 0.9649}, {'codigo': 3090, 'id': 40683, 'nome': 'Cirurgia para colagem de botÆo Ortod\x93ntico', 'score': 0.8081}, {'codigo': 6050, 'id': 40562, 'nome': 'Cirurgia para Microstomia', 'score': 0.5854}]",,sem_candidato_semantico_confiavel,,,
easy,129,3110,Cirurgia para Odonto-secção - (por elemento),,,,[],[],"[{'codigo': 3110, 'id': 40685, 'nome': 'Cirurgia para Odonto-sec\x87Æo - (por elemento)', 'score': 0.95}, {'codigo': 3150, 'id': 40689, 'nome': 'Cirurgia Periodontal a retalho - (por segmento)', 'score': 0.7229}, {'codigo': 3140, 'id': 40688, 'nome': 'Cirurgia Periodontal a retalho - (1 elemento)', 'score': 0.6667}]",,sem_candidato_semantico_confiavel,,,
easy,131,3130,Enxerto de conjuntivo / tunelização,,,,[],[],"[{'codigo': 3130, 'id': 40687, 'nome': 'Enxerto de conjuntivo / tuneliza\x87Æo', 'score': 0.9394}, {'codigo': 3170, 'id': 40691, 'nome': 'Enxerto de Tecido Conjuntivo', 'score': 0.6885}, {'codigo': 3180, 'id': 40692, 'nome': 'Enxerto Gengival Livre', 'score': 0.5455}]",,sem_candidato_semantico_confiavel,,,
easy,137,3190,Enxerto Osseo RTG - (Regeneração Tecidual Guiada),,,,[],[],"[{'codigo': 3190, 'id': 40693, 'nome': 'Enxerto Osseo RTG - (Regenera\x87Æo Tecidual Guiada)', 'score': 0.9556}, {'codigo': 7070, 'id': 40892, 'nome': 'Regenera\x87Æo ¢ssea guiada - ROG', 'score': 0.5205}, {'codigo': 7040, 'id': 40667, 'nome': 'Enxerto Osseo Particulado + Membrana colageno.', 'score': 0.4889}]",,sem_candidato_semantico_confiavel,,,
easy,143,3250,Frenotomia Lábial Inferior,,,,[],[],"[{'codigo': 3250, 'id': 40699, 'nome': 'Frenotomia L bial Inferior', 'score': 0.9615}, {'codigo': 3230, 'id': 40697, 'nome': 'Frenectomia labial inferior', 'score': 0.9057}, {'codigo': 3260, 'id': 40700, 'nome': 'Frenotomia L bial Superior', 'score': 0.8462}]",,sem_candidato_semantico_confiavel,,,
easy,144,3260,Frenotomia Lábial Superior,,,,[],[],"[{'codigo': 3260, 'id': 40700, 'nome': 'Frenotomia L bial Superior', 'score': 0.9615}, {'codigo': 3240, 'id': 40698, 'nome': 'Frenectomia labial superior', 'score': 0.9057}, {'codigo': 3250, 'id': 40699, 'nome': 'Frenotomia L bial Inferior', 'score': 0.8462}]",,sem_candidato_semantico_confiavel,,,
easy,150,3320,Manutenção Periodontal - (por sessão),,,,[],[],"[{'codigo': 3320, 'id': 40706, 'nome': 'Manuten\x87Æo Periodontal - (por sessÆo)', 'score': 0.9091}, {'codigo': 5010, 'id': 40596, 'nome': 'Ajuste oclusal - (por sessÆo)', 'score': 0.5862}, {'codigo': 3150, 'id': 40689, 'nome': 'Cirurgia Periodontal a retalho - (por segmento)', 'score': 0.5526}]",,sem_candidato_semantico_confiavel,,,
easy,153,3350,Remoção de Fatores de Retenção - (por segmento),,,,[],[],"[{'codigo': 3350, 'id': 40709, 'nome': 'Remo\x87Æo de Fatores de Reten\x87Æo - (por segmento)', 'score': 0.907}, {'codigo': 3150, 'id': 40689, 'nome': 'Cirurgia Periodontal a retalho - (por segmento)', 'score': 0.5581}, {'codigo': 1010, 'id': 40713, 'nome': 'Aplica\x87Æo de Fl£or Verniz - (por elemento)', 'score': 0.5432}]",,sem_candidato_semantico_confiavel,,,
easy,156,1000,Aplicação de Cariostático - (sessão),,,,[],[],"[{'codigo': 1000, 'id': 40712, 'nome': 'Aplica\x87Æo de Cariost tico - (sessÆo)', 'score': 0.875}, {'codigo': 6300, 'id': 40587, 'nome': 'Marzupializa\x87Æo de cisto', 'score': 0.5357}, {'codigo': 323, 'id': 40878, 'nome': 'Alinhadores Est\x82ticos', 'score': 0.5283}]",,sem_candidato_semantico_confiavel,,,
easy,157,1010,Aplicação de Flúor Verniz - (por elemento),,,,[],[],"[{'codigo': 1010, 'id': 40713, 'nome': 'Aplica\x87Æo de Fl£or Verniz - (por elemento)', 'score': 0.9211}, {'codigo': 1020, 'id': 40714, 'nome': 'Aplica\x87Æo de Selnate Oclusa Invasivo - (por elemento)', 'score': 0.6667}, {'codigo': 5060, 'id': 40601, 'nome': 'Dessensibiliza\x87Æo dent ria - (por elemento)', 'score': 0.5974}]",,sem_candidato_semantico_confiavel,,,
easy,158,1020,Aplicação de Selnate Oclusa Invasivo - (por elemento),,,,[],[],"[{'codigo': 1020, 'id': 40714, 'nome': 'Aplica\x87Æo de Selnate Oclusa Invasivo - (por elemento)', 'score': 0.9592}, {'codigo': 1010, 'id': 40713, 'nome': 'Aplica\x87Æo de Fl£or Verniz - (por elemento)', 'score': 0.6207}, {'codigo': 3340, 'id': 40708, 'nome': 'Raspagem Supra-gengival - (por segmento)', 'score': 0.5412}]",,sem_candidato_semantico_confiavel,,,
easy,159,1030,Aplicação Tópica de Flúor,,,,[],[],"[{'codigo': 1030, 'id': 40715, 'nome': 'Aplica\x87Æo T¢pica de Fl£or', 'score': 0.84}, {'codigo': 299, 'id': 40854, 'nome': 'Placa de Eschler', 'score': 0.5366}, {'codigo': 305, 'id': 40860, 'nome': 'Placa de Roberts', 'score': 0.5366}]",,sem_candidato_semantico_confiavel,,,
easy,160,1040,Controle da Placa Bacteriana - (por sessão),,,,[],[],"[{'codigo': 1040, 'id': 40716, 'nome': 'Controle da Placa Bacteriana - (por sessÆo)', 'score': 0.9744}, {'codigo': 261, 'id': 40816, 'nome': 'Conten\x87Æo m¢vel - (Placa de acet to)', 'score': 0.507}, {'codigo': 8100, 'id': 40732, 'nome': 'Coroa Metal-free sob implante - (Cerampress)', 'score': 0.5063}]",,sem_candidato_semantico_confiavel,,,
easy,161,1050,Instrução de Higiene Oral - (I.H.O.),,,,[],[],"[{'codigo': 1050, 'id': 40717, 'nome': 'Instru\x87Æo de Higiene Oral - (I.H.O.)', 'score': 0.9355}, {'codigo': 6030, 'id': 40560, 'nome': 'Cirurgia de Hipertrofia de L bio', 'score': 0.5079}, {'codigo': 2030, 'id': 40655, 'nome': 'Cimenta\x87Æo de Pr¢tese Parcial Fixa', 'score': 0.4923}]",,sem_candidato_semantico_confiavel,,,
easy,162,1060,Profilaxia - (Polimento com taça de borracha),,,,[],[],"[{'codigo': 1060, 'id': 40718, 'nome': 'Profilaxia - (Polimento com ta\x87a de borracha)', 'score': 0.9756}, {'codigo': 1070, 'id': 40719, 'nome': 'Profilaxia - (Ultrason e Jato de Bicarbonato)', 'score': 0.5366}, {'codigo': 6360, 'id': 40593, 'nome': 'Tratamento de hemorragia', 'score': 0.5231}]",,sem_candidato_semantico_confiavel,,,
easy,165,1090,Teste de Risco de Cárie,,,,[],[],"[{'codigo': 1090, 'id': 40721, 'nome': 'Teste de Risco de C rie', 'score': 0.9565}, {'codigo': 1080, 'id': 40720, 'nome': 'Teste de fluxo salivar', 'score': 0.5333}, {'codigo': 6170, 'id': 40574, 'nome': 'ExcisÆo de Mucocele', 'score': 0.4762}]",,sem_candidato_semantico_confiavel,,,
easy,168,8020,Conserto de Prótese Total e Parcial,,,,[],[],"[{'codigo': 8020, 'id': 40724, 'nome': 'Conserto de Pr¢tese Total e Parcial', 'score': 0.9714}, {'codigo': 8460, 'id': 40774, 'nome': 'Reembasamento Pr¢tese Total ou Parcial', 'score': 0.6849}, {'codigo': 2030, 'id': 40655, 'nome': 'Cimenta\x87Æo de Pr¢tese Parcial Fixa', 'score': 0.6377}]",,sem_candidato_semantico_confiavel,,,
easy,180,8140,Coroa metalo-cerâmica,,,,[],[],"[{'codigo': 8140, 'id': 40736, 'nome': 'Coroa metalo-cer\x83mica', 'score': 0.9524}, {'codigo': 8150, 'id': 40737, 'nome': 'Coroa Metalo-cer\x83mica sob implante', 'score': 0.7273}, {'codigo': 8070, 'id': 40729, 'nome': 'Coroa Metal-free - (Inceram)', 'score': 0.7111}]",,sem_candidato_semantico_confiavel,,,
easy,181,8150,Coroa Metalo-cerâmica sob implante,,,,[],[],"[{'codigo': 8150, 'id': 40737, 'nome': 'Coroa Metalo-cer\x83mica sob implante', 'score': 0.9706}, {'codigo': 8050, 'id': 40727, 'nome': 'Coroa em Resina sob implante', 'score': 0.7419}, {'codigo': 8110, 'id': 40733, 'nome': 'Coroa Metal-free sob implante - (Inceram)', 'score': 0.7324}]",,sem_candidato_semantico_confiavel,,,
easy,182,8160,Coroa Provisória Imediata,,,,[],[],"[{'codigo': 8160, 'id': 40738, 'nome': 'Coroa Provis¢ria Imediata', 'score': 0.96}, {'codigo': 8171, 'id': 40883, 'nome': 'Coroa Provis¢ria Imediata sob implante', 'score': 0.7619}, {'codigo': 8190, 'id': 40742, 'nome': 'Coroa Provis¢ria de Laborat¢rio', 'score': 0.6786}]",,sem_candidato_semantico_confiavel,,,
easy,183,8161,Coroa Provisória de Onlay / Inlay,,,,[],[],"[{'codigo': 8161, 'id': 40739, 'nome': 'Coroa Provis¢ria de Onlay / Inlay', 'score': 0.9677}, {'codigo': 8190, 'id': 40742, 'nome': 'Coroa Provis¢ria de Laborat¢rio', 'score': 0.7097}, {'codigo': 8160, 'id': 40738, 'nome': 'Coroa Provis¢ria Imediata', 'score': 0.6786}]",,sem_candidato_semantico_confiavel,,,
easy,184,8170,Coroa Provisória de Laboratório sob implante,,,,[],[],"[{'codigo': 8170, 'id': 40740, 'nome': 'Coroa Provis¢ria de Laborat¢rio sob implante', 'score': 0.9545}, {'codigo': 8171, 'id': 40883, 'nome': 'Coroa Provis¢ria Imediata sob implante', 'score': 0.7805}, {'codigo': 8190, 'id': 40742, 'nome': 'Coroa Provis¢ria de Laborat¢rio', 'score': 0.7733}]",,sem_candidato_semantico_confiavel,,,
easy,185,8180,Coroa metálica total,,,,[],[],"[{'codigo': 8180, 'id': 40741, 'nome': 'Coroa met lica total', 'score': 0.95}, {'codigo': 8140, 'id': 40736, 'nome': 'Coroa metalo-cer\x83mica', 'score': 0.6341}, {'codigo': 4140, 'id': 40638, 'nome': 'Remo\x87Æo de Coroal Total', 'score': 0.5581}]",,sem_candidato_semantico_confiavel,,,
easy,186,8190,Coroa Provisória de Laboratório,,,,[],[],"[{'codigo': 8190, 'id': 40742, 'nome': 'Coroa Provis¢ria de Laborat¢rio', 'score': 0.9355}, {'codigo': 8170, 'id': 40740, 'nome': 'Coroa Provis¢ria de Laborat¢rio sob implante', 'score': 0.7733}, {'codigo': 8161, 'id': 40739, 'nome': 'Coroa Provis¢ria de Onlay / Inlay', 'score': 0.7097}]",,sem_candidato_semantico_confiavel,,,
easy,188,8481,E-MAX - Restauração Onlay / Inlay em Dissilicato de lítio,,,,[],[],"[{'codigo': 8481, 'id': 40744, 'nome': 'E-MAX - Restaura\x87Æo Onlay / Inlay em Dissilicato de l¡tio', 'score': 0.9434}, {'codigo': 8490, 'id': 40777, 'nome': 'Restaura\x87Æo Onlay / Inlay em Ceromero', 'score': 0.6591}, {'codigo': 8482, 'id': 40888, 'nome': 'E-MAX - Jaqueta pura em dissilicato', 'score': 0.6279}]",,sem_candidato_semantico_confiavel,,,
easy,189,8200,Enceramento de diagnóstico - (por elemento),,,,[],[],"[{'codigo': 8200, 'id': 40745, 'nome': 'Enceramento de diagn¢stico - (por elemento)', 'score': 0.9744}, {'codigo': 8210, 'id': 40746, 'nome': 'Enceramento de diagn¢stico por elemento sob implante', 'score': 0.8352}, {'codigo': 3200, 'id': 40694, 'nome': 'Enxerto Pediculado - (por elemento)', 'score': 0.7143}]",,sem_candidato_semantico_confiavel,,,
easy,190,8210,Enceramento de diagnóstico por elemento sob implante,,,,[],[],"[{'codigo': 8210, 'id': 40746, 'nome': 'Enceramento de diagn¢stico por elemento sob implante', 'score': 0.9808}, {'codigo': 8200, 'id': 40745, 'nome': 'Enceramento de diagn¢stico - (por elemento)', 'score': 0.8352}, {'codigo': 3200, 'id': 40694, 'nome': 'Enxerto Pediculado - (por elemento)', 'score': 0.6024}]",,sem_candidato_semantico_confiavel,,,
easy,194,8250,Jig ou Front-Platô,,,,[],[],"[{'codigo': 8250, 'id': 40750, 'nome': 'Jig ou Front-Plat\x93', 'score': 0.9444}, {'codigo': 269, 'id': 40824, 'nome': 'Djuntor palatino', 'score': 0.5294}, {'codigo': 285, 'id': 40840, 'nome': 'Palatina ou arco lingual', 'score': 0.4286}]",,sem_candidato_semantico_confiavel,,,
easy,195,8151,Munhão Universal - CM,,,,[],[],"[{'codigo': 8151, 'id': 40751, 'nome': 'MunhÆo Universal - CM', 'score': 0.9474}, {'codigo': 283, 'id': 40838, 'nome': 'Mentoneira', 'score': 0.4828}, {'codigo': 3160, 'id': 40690, 'nome': 'Cunha Distal ou Proximal', 'score': 0.4651}]",,sem_candidato_semantico_confiavel,,,
easy,196,8270,Núcleo Metal-free estético,,,,[],[],"[{'codigo': 8270, 'id': 40752, 'nome': 'N£cleo Metal-free est\x82tico', 'score': 0.9231}, {'codigo': 8060, 'id': 40728, 'nome': 'Coroa Metal-free - (Cerampress)', 'score': 0.6038}, {'codigo': 8070, 'id': 40729, 'nome': 'Coroa Metal-free - (Inceram)', 'score': 0.6}]",,sem_candidato_semantico_confiavel,,,
easy,197,8260,Núcleo Metálico-fundido,,,,[],[],"[{'codigo': 8260, 'id': 40753, 'nome': 'N£cleo Met lico-fundido', 'score': 0.913}, {'codigo': 8261, 'id': 40890, 'nome': 'N£cleo Met lico fundido bi-partido', 'score': 0.7368}, {'codigo': 2020, 'id': 40654, 'nome': 'Cimenta\x87Æo de N£cleo Met lico Fundido', 'score': 0.7}]",,sem_candidato_semantico_confiavel,,,
easy,200,8300,Placa para Bruxismo Acrílica,,,,[],[],"[{'codigo': 8300, 'id': 40755, 'nome': 'Placa para Bruxismo Acr¡lica', 'score': 0.9643}, {'codigo': 8305, 'id': 40756, 'nome': 'Placa para Bruxismo Mista - (Erkoflex)', 'score': 0.7419}, {'codigo': 8315, 'id': 40873, 'nome': 'Placa para Ortose', 'score': 0.5778}]",,sem_candidato_semantico_confiavel,,,
easy,203,8320,Prótese Parcial Fixa Adesiva Metal-free,,,,[],[],"[{'codigo': 8320, 'id': 40758, 'nome': 'Pr¢tese Parcial Fixa Adesiva Metal-free', 'score': 0.9744}, {'codigo': 8330, 'id': 40759, 'nome': 'Pr¢tese Parcial Fixa Acrilica sob Implante', 'score': 0.642}, {'codigo': 8340, 'id': 40760, 'nome': 'Pr¢tese Parcial Fixa Metalo-cer\x83mica - (1 P\x93ntico)', 'score': 0.6353}]",,sem_candidato_semantico_confiavel,,,
easy,204,8330,Prótese Parcial Fixa Acrilica sob Implante,,,,[],[],"[{'codigo': 8330, 'id': 40759, 'nome': 'Pr¢tese Parcial Fixa Acrilica sob Implante', 'score': 0.9762}, {'codigo': 8340, 'id': 40760, 'nome': 'Pr¢tese Parcial Fixa Metalo-cer\x83mica - (1 P\x93ntico)', 'score': 0.7045}, {'codigo': 8350, 'id': 40761, 'nome': 'Pr¢tese Parcial Fixa Metalo-cer\x83mica - (2 P\x93nticos)', 'score': 0.6966}]",,sem_candidato_semantico_confiavel,,,
easy,205,8340,Prótese Parcial Fixa Metalo-cerâmica - (1 Pôntico),,,,[],[],"[{'codigo': 8340, 'id': 40760, 'nome': 'Pr¢tese Parcial Fixa Metalo-cer\x83mica - (1 P\x93ntico)', 'score': 0.9348}, {'codigo': 8350, 'id': 40761, 'nome': 'Pr¢tese Parcial Fixa Metalo-cer\x83mica - (2 P\x93nticos)', 'score': 0.9032}, {'codigo': 8360, 'id': 40762, 'nome': 'Pr¢tese Parcial Fixa Metalo-plastica - (1 P\x93ntico)', 'score': 0.8478}]",,sem_candidato_semantico_confiavel,,,
easy,206,8350,Prótese Parcial Fixa Metalo-cerâmica - (2 Pônticos),,,,[],[],"[{'codigo': 8350, 'id': 40761, 'nome': 'Pr¢tese Parcial Fixa Metalo-cer\x83mica - (2 P\x93nticos)', 'score': 0.9362}, {'codigo': 8340, 'id': 40760, 'nome': 'Pr¢tese Parcial Fixa Metalo-cer\x83mica - (1 P\x93ntico)', 'score': 0.9032}, {'codigo': 8361, 'id': 40763, 'nome': 'Pr¢tese Parcial Fixa Metalo-plastica - (2 P\x93nticos)', 'score': 0.8511}]",,sem_candidato_semantico_confiavel,,,
easy,207,8360,Prótese Parcial Fixa Metalo-plastica - (1 Pôntico),,,,[],[],"[{'codigo': 8360, 'id': 40762, 'nome': 'Pr¢tese Parcial Fixa Metalo-plastica - (1 P\x93ntico)', 'score': 0.9565}, {'codigo': 8361, 'id': 40763, 'nome': 'Pr¢tese Parcial Fixa Metalo-plastica - (2 P\x93nticos)', 'score': 0.9247}, {'codigo': 8340, 'id': 40760, 'nome': 'Pr¢tese Parcial Fixa Metalo-cer\x83mica - (1 P\x93ntico)', 'score': 0.8478}]",,sem_candidato_semantico_confiavel,,,
easy,208,8361,Prótese Parcial Fixa Metalo-plastica - (2 Pônticos),,,,[],[],"[{'codigo': 8361, 'id': 40763, 'nome': 'Pr¢tese Parcial Fixa Metalo-plastica - (2 P\x93nticos)', 'score': 0.9574}, {'codigo': 8360, 'id': 40762, 'nome': 'Pr¢tese Parcial Fixa Metalo-plastica - (1 P\x93ntico)', 'score': 0.9247}, {'codigo': 8350, 'id': 40761, 'nome': 'Pr¢tese Parcial Fixa Metalo-cer\x83mica - (2 P\x93nticos)', 'score': 0.8511}]",,sem_candidato_semantico_confiavel,,,
easy,209,8370,Prótese Parcial Fixa Provisória - (1 Pôntico),,,,[],[],"[{'codigo': 8370, 'id': 40764, 'nome': 'Pr¢tese Parcial Fixa Provis¢ria - (1 P\x93ntico)', 'score': 0.9268}, {'codigo': 8340, 'id': 40760, 'nome': 'Pr¢tese Parcial Fixa Metalo-cer\x83mica - (1 P\x93ntico)', 'score': 0.7356}, {'codigo': 8360, 'id': 40762, 'nome': 'Pr¢tese Parcial Fixa Metalo-plastica - (1 P\x93ntico)', 'score': 0.7356}]",,sem_candidato_semantico_confiavel,,,
easy,210,8380,Prótese Parcial Removível - (Importada) / (por arcada),,,,[],[],"[{'codigo': 8380, 'id': 40765, 'nome': 'Pr¢tese Parcial Remov¡vel - (Importada) / (por arcada)', 'score': 0.9565}, {'codigo': 8390, 'id': 40766, 'nome': 'Pr¢tese Parcial Remov¡vel - (por arcada)', 'score': 0.8293}, {'codigo': 8400, 'id': 40767, 'nome': 'Pr¢tese Parcial Remov¡vel Provis¢ria - (por arcada)', 'score': 0.8172}]",,sem_candidato_semantico_confiavel,,,
easy,211,8390,Prótese Parcial Removível - (por arcada),,,,[],[],"[{'codigo': 8390, 'id': 40766, 'nome': 'Pr¢tese Parcial Remov¡vel - (por arcada)', 'score': 0.9444}, {'codigo': 8380, 'id': 40765, 'nome': 'Pr¢tese Parcial Remov¡vel - (Importada) / (por arcada)', 'score': 0.8293}, {'codigo': 8400, 'id': 40767, 'nome': 'Pr¢tese Parcial Remov¡vel Provis¢ria - (por arcada)', 'score': 0.8193}]",,sem_candidato_semantico_confiavel,,,
easy,212,8400,Prótese Parcial Removível Provisória - (por arcada),,,,[],[],"[{'codigo': 8400, 'id': 40767, 'nome': 'Pr¢tese Parcial Remov¡vel Provis¢ria - (por arcada)', 'score': 0.9362}, {'codigo': 8390, 'id': 40766, 'nome': 'Pr¢tese Parcial Remov¡vel - (por arcada)', 'score': 0.8193}, {'codigo': 8380, 'id': 40765, 'nome': 'Pr¢tese Parcial Remov¡vel - (Importada) / (por arcada)', 'score': 0.8172}]",,sem_candidato_semantico_confiavel,,,
easy,213,8410,Prótese Total - (Importada) / (por arcada),,,,[],[],"[{'codigo': 8410, 'id': 40768, 'nome': 'Pr¢tese Total - (Importada) / (por arcada)', 'score': 0.9706}, {'codigo': 8430, 'id': 40770, 'nome': 'Pr¢tese Total Imediada - (por arcada)', 'score': 0.8657}, {'codigo': 8420, 'id': 40769, 'nome': 'Pr¢tese Total - (por arcada)', 'score': 0.7931}]",,sem_candidato_semantico_confiavel,,,
easy,214,8420,Prótese Total - (por arcada),,,,[],[],"[{'codigo': 8420, 'id': 40769, 'nome': 'Pr¢tese Total - (por arcada)', 'score': 0.9583}, {'codigo': 8430, 'id': 40770, 'nome': 'Pr¢tese Total Imediada - (por arcada)', 'score': 0.807}, {'codigo': 8410, 'id': 40768, 'nome': 'Pr¢tese Total - (Importada) / (por arcada)', 'score': 0.7931}]",,sem_candidato_semantico_confiavel,,,
easy,215,8430,Prótese Total Imediada - (por arcada),,,,[],[],"[{'codigo': 8430, 'id': 40770, 'nome': 'Pr¢tese Total Imediada - (por arcada)', 'score': 0.9697}, {'codigo': 8410, 'id': 40768, 'nome': 'Pr¢tese Total - (Importada) / (por arcada)', 'score': 0.8657}, {'codigo': 8420, 'id': 40769, 'nome': 'Pr¢tese Total - (por arcada)', 'score': 0.807}]",,sem_candidato_semantico_confiavel,,,
easy,217,8440,Prótese Protocolo,,,,[],[],"[{'codigo': 8440, 'id': 40772, 'nome': 'Pr¢tese Protocolo', 'score': 0.9412}, {'codigo': 8420, 'id': 40769, 'nome': 'Pr¢tese Total - (por arcada)', 'score': 0.5366}, {'codigo': 234, 'id': 40789, 'nome': 'Aparelho Ortopedico', 'score': 0.5}]",,sem_candidato_semantico_confiavel,,,
easy,218,8450,Reembasamento de Coroa Provisória,,,,[],[],"[{'codigo': 8450, 'id': 40773, 'nome': 'Reembasamento de Coroa Provis¢ria', 'score': 0.9697}, {'codigo': 2010, 'id': 40653, 'nome': 'Cimenta\x87Æo de Coroa Total Provis¢ria', 'score': 0.6957}, {'codigo': 8460, 'id': 40774, 'nome': 'Reembasamento Pr¢tese Total ou Parcial', 'score': 0.6479}]",,sem_candidato_semantico_confiavel,,,
easy,219,8460,Reembasamento Prótese Total ou Parcial,,,,[],[],"[{'codigo': 8460, 'id': 40774, 'nome': 'Reembasamento Pr¢tese Total ou Parcial', 'score': 0.9737}, {'codigo': 8020, 'id': 40724, 'nome': 'Conserto de Pr¢tese Total e Parcial', 'score': 0.6849}, {'codigo': 8420, 'id': 40769, 'nome': 'Pr¢tese Total - (por arcada)', 'score': 0.6129}]",,sem_candidato_semantico_confiavel,,,
easy,220,8470,Restauração Metálica Fundida - RMF,,,,[],[],"[{'codigo': 8470, 'id': 40775, 'nome': 'Restaura\x87Æo Met lica Fundida - RMF', 'score': 0.9062}, {'codigo': 8260, 'id': 40753, 'nome': 'N£cleo Met lico-fundido', 'score': 0.5818}, {'codigo': 8261, 'id': 40890, 'nome': 'N£cleo Met lico fundido bi-partido', 'score': 0.5455}]",,sem_candidato_semantico_confiavel,,,
easy,221,8480,Restauração Onlay / Inlay em Porcelana,,,,[],[],"[{'codigo': 8480, 'id': 40776, 'nome': 'Restaura\x87Æo Onlay / Inlay em Porcelana', 'score': 0.9444}, {'codigo': 8490, 'id': 40777, 'nome': 'Restaura\x87Æo Onlay / Inlay em Ceromero', 'score': 0.7606}, {'codigo': 8481, 'id': 40744, 'nome': 'E-MAX - Restaura\x87Æo Onlay / Inlay em Dissilicato de l¡tio', 'score': 0.6292}]",,sem_candidato_semantico_confiavel,,,
easy,222,8490,Restauração Onlay / Inlay em Ceromero,,,,[],[],"[{'codigo': 8490, 'id': 40777, 'nome': 'Restaura\x87Æo Onlay / Inlay em Ceromero', 'score': 0.9429}, {'codigo': 8480, 'id': 40776, 'nome': 'Restaura\x87Æo Onlay / Inlay em Porcelana', 'score': 0.7606}, {'codigo': 8481, 'id': 40744, 'nome': 'E-MAX - Restaura\x87Æo Onlay / Inlay em Dissilicato de l¡tio', 'score': 0.6364}]",,sem_candidato_semantico_confiavel,,,
easy,225,,Aparelho de contenção,,,,[],[],"[{'codigo': 225, 'id': 40780, 'nome': 'Aparelho de conten\x87Æo', 'score': 0.9048}, {'codigo': 235, 'id': 40790, 'nome': 'Aparelho removivel', 'score': 0.6154}, {'codigo': 234, 'id': 40789, 'nome': 'Aparelho Ortopedico', 'score': 0.6}]",,sem_candidato_semantico_confiavel,,,
easy,228,,Aparelho Ortodôntico Estético em Porcelana - (Arcada Inferior),,,,[],[],"[{'codigo': 228, 'id': 40783, 'nome': 'Aparelho Ortod\x93ntico Est\x82tico em Porcelana - (Arcada Inferior)', 'score': 0.9655}, {'codigo': 229, 'id': 40784, 'nome': 'Aparelho Ortod\x93ntico Est\x82tico em Porcelana - (Arcada Superior)', 'score': 0.9138}, {'codigo': 230, 'id': 40785, 'nome': 'Aparelho Ortod\x93ntico Est\x82tico em Zafira - (Arcada Inferior)', 'score': 0.8673}]",,sem_candidato_semantico_confiavel,,,
easy,229,,Aparelho Ortodôntico Estético em Porcelana - (Arcada Superior),,,,[],[],"[{'codigo': 229, 'id': 40784, 'nome': 'Aparelho Ortod\x93ntico Est\x82tico em Porcelana - (Arcada Superior)', 'score': 0.9655}, {'codigo': 228, 'id': 40783, 'nome': 'Aparelho Ortod\x93ntico Est\x82tico em Porcelana - (Arcada Inferior)', 'score': 0.9138}, {'codigo': 231, 'id': 40786, 'nome': 'Aparelho Ortod\x93ntico Est\x82tico em Zafira - (Arcada Superior)', 'score': 0.8673}]",,sem_candidato_semantico_confiavel,,,
easy,230,,Aparelho Ortodôntico Estético em Zafira - (Arcada Inferior),,,,[],[],"[{'codigo': 230, 'id': 40785, 'nome': 'Aparelho Ortod\x93ntico Est\x82tico em Zafira - (Arcada Inferior)', 'score': 0.9636}, {'codigo': 231, 'id': 40786, 'nome': 'Aparelho Ortod\x93ntico Est\x82tico em Zafira - (Arcada Superior)', 'score': 0.9091}, {'codigo': 228, 'id': 40783, 'nome': 'Aparelho Ortod\x93ntico Est\x82tico em Porcelana - (Arcada Inferior)', 'score': 0.8673}]",,sem_candidato_semantico_confiavel,,,
easy,231,,Aparelho Ortodôntico Estético em Zafira - (Arcada Superior),,,,[],[],"[{'codigo': 231, 'id': 40786, 'nome': 'Aparelho Ortod\x93ntico Est\x82tico em Zafira - (Arcada Superior)', 'score': 0.9636}, {'codigo': 230, 'id': 40785, 'nome': 'Aparelho Ortod\x93ntico Est\x82tico em Zafira - (Arcada Inferior)', 'score': 0.9091}, {'codigo': 229, 'id': 40784, 'nome': 'Aparelho Ortod\x93ntico Est\x82tico em Porcelana - (Arcada Superior)', 'score': 0.8673}]",,sem_candidato_semantico_confiavel,,,
easy,232,,Aparelho Ortodôntico Fixo - (Arcada Inferior),,,,[],[],"[{'codigo': 232, 'id': 40787, 'nome': 'Aparelho Ortod\x93ntico Fixo - (Arcada Inferior)', 'score': 0.9756}, {'codigo': 233, 'id': 40788, 'nome': 'Aparelho Ortod\x93ntico Fixo - (Arcada Superior)', 'score': 0.9024}, {'codigo': 230, 'id': 40785, 'nome': 'Aparelho Ortod\x93ntico Est\x82tico em Zafira - (Arcada Inferior)', 'score': 0.7917}]",,sem_candidato_semantico_confiavel,,,
easy,233,,Aparelho Ortodôntico Fixo - (Arcada Superior),,,,[],[],"[{'codigo': 233, 'id': 40788, 'nome': 'Aparelho Ortod\x93ntico Fixo - (Arcada Superior)', 'score': 0.9756}, {'codigo': 232, 'id': 40787, 'nome': 'Aparelho Ortod\x93ntico Fixo - (Arcada Inferior)', 'score': 0.9024}, {'codigo': 231, 'id': 40786, 'nome': 'Aparelho Ortod\x93ntico Est\x82tico em Zafira - (Arcada Superior)', 'score': 0.7917}]",,sem_candidato_semantico_confiavel,,,
easy,240,,Ativador de Zurick - Suíça,,,,[],[],"[{'codigo': 240, 'id': 40795, 'nome': 'Ativador de Zurick - Su¡\x87a', 'score': 0.9167}, {'codigo': 239, 'id': 40794, 'nome': 'Ativador de Rossi', 'score': 0.6829}, {'codigo': 238, 'id': 40793, 'nome': 'Ativador de Haulp', 'score': 0.6341}]",,sem_candidato_semantico_confiavel,,,
easy,246,,Bi-hélice,,,,[],[],"[{'codigo': 246, 'id': 40801, 'nome': 'Bi-h\x82lice', 'score': 0.8889}, {'codigo': 313, 'id': 40868, 'nome': 'Quadri-h\x82lice', 'score': 0.6364}, {'codigo': 252, 'id': 40807, 'nome': 'Blinler - A', 'score': 0.4444}]",,sem_candidato_semantico_confiavel,,,
easy,255,,Botão de Nance,,,,[],[],"[{'codigo': 255, 'id': 40810, 'nome': 'BotÆo de Nance', 'score': 0.9286}, {'codigo': 7030, 'id': 40673, 'nome': 'Remo\x87Æo de implante', 'score': 0.5455}, {'codigo': 249, 'id': 40804, 'nome': 'Bionator de Balters - Classe I', 'score': 0.5238}]",,sem_candidato_semantico_confiavel,,,
easy,260,,Contenção Fixa Lingual,,,,[],[],"[{'codigo': 260, 'id': 40815, 'nome': 'Conten\x87Æo Fixa Lingual', 'score': 0.9091}, {'codigo': 3270, 'id': 40701, 'nome': 'Frenotomia Lingual', 'score': 0.65}, {'codigo': 2111, 'id': 40889, 'nome': 'Foto extra-oral', 'score': 0.4865}]",,sem_candidato_semantico_confiavel,,,
easy,261,,Contenção móvel - (Placa de acetáto),,,,[],[],"[{'codigo': 261, 'id': 40816, 'nome': 'Conten\x87Æo m¢vel - (Placa de acet to)', 'score': 0.875}, {'codigo': 1040, 'id': 40716, 'nome': 'Controle da Placa Bacteriana - (por sessÆo)', 'score': 0.4789}, {'codigo': 301, 'id': 40856, 'nome': 'Placa de Hawley', 'score': 0.4681}]",,sem_candidato_semantico_confiavel,,,
easy,268,,Distabilizador Pendex com Pêndulo,,,,[],[],"[{'codigo': 268, 'id': 40823, 'nome': 'Distabilizador Pendex com P\x88ndulo', 'score': 0.9697}, {'codigo': 6300, 'id': 40587, 'nome': 'Marzupializa\x87Æo de cisto', 'score': 0.4561}, {'codigo': 5270, 'id': 40623, 'nome': 'Tratamento Expectante com H. C lcio', 'score': 0.4478}]",,sem_candidato_semantico_confiavel,,,
easy,270,,Documentação ortodôntica,,,,[],[],"[{'codigo': 270, 'id': 40825, 'nome': 'Documenta\x87Æo ortod\x93ntica', 'score': 0.875}, {'codigo': 2000, 'id': 40652, 'nome': 'Cimenta\x87Æo de Coroa Total Definitiva', 'score': 0.5667}, {'codigo': 282, 'id': 40837, 'nome': 'Manuten\x87Æo ortod\x93ntico - (Mensal)', 'score': 0.566}]",,sem_candidato_semantico_confiavel,,,
easy,276,,Grade palatina móvel,,,,[],[],"[{'codigo': 276, 'id': 40831, 'nome': 'Grade palatina m¢vel', 'score': 0.95}, {'codigo': 275, 'id': 40830, 'nome': 'Grade palatina fixa', 'score': 0.7692}, {'codigo': 245, 'id': 40800, 'nome': 'Barra Transpalatina', 'score': 0.5641}]",,sem_candidato_semantico_confiavel,,,
easy,281,,Mantenedor de espaço,,,,[],[],"[{'codigo': 281, 'id': 40836, 'nome': 'Mantenedor de espa\x87o', 'score': 0.95}, {'codigo': 309, 'id': 40864, 'nome': 'Placa mantenedora de espa\x87o.', 'score': 0.8085}, {'codigo': 310, 'id': 40865, 'nome': 'Placa recuperadora de espa\x87o', 'score': 0.625}]",,sem_candidato_semantico_confiavel,,,
easy,282,,Manutenção ortodôntico - (Mensal),,,,[],[],"[{'codigo': 282, 'id': 40837, 'nome': 'Manuten\x87Æo ortod\x93ntico - (Mensal)', 'score': 0.8966}, {'codigo': 270, 'id': 40825, 'nome': 'Documenta\x87Æo ortod\x93ntica', 'score': 0.566}, {'codigo': 234, 'id': 40789, 'nome': 'Aparelho Ortopedico', 'score': 0.5}]",,sem_candidato_semantico_confiavel,,,
easy,289,,Placa com arco alça dupla para expanção Y,,,,[],[],"[{'codigo': 289, 'id': 40844, 'nome': 'Placa com arco al\x87a dupla para expan\x87Æo Y', 'score': 0.9268}, {'codigo': 293, 'id': 40848, 'nome': 'Placa com arco seccionado para uso elasticos', 'score': 0.5882}, {'codigo': 292, 'id': 40847, 'nome': 'Placa com arco de controle dos caninos', 'score': 0.557}]",,sem_candidato_semantico_confiavel,,,
easy,290,,Placa com arco de contenção contínua,,,,[],[],"[{'codigo': 290, 'id': 40845, 'nome': 'Placa com arco de conten\x87Æo cont¡nua', 'score': 0.9167}, {'codigo': 291, 'id': 40846, 'nome': 'Placa com arco de conten\x87Æo de Baag', 'score': 0.7606}, {'codigo': 292, 'id': 40847, 'nome': 'Placa com arco de controle dos caninos', 'score': 0.7297}]",,sem_candidato_semantico_confiavel,,,
easy,291,,Placa com arco de contenção de Baag,,,,[],[],"[{'codigo': 291, 'id': 40846, 'nome': 'Placa com arco de conten\x87Æo de Baag', 'score': 0.9429}, {'codigo': 290, 'id': 40845, 'nome': 'Placa com arco de conten\x87Æo cont¡nua', 'score': 0.7606}, {'codigo': 292, 'id': 40847, 'nome': 'Placa com arco de controle dos caninos', 'score': 0.7397}]",,sem_candidato_semantico_confiavel,,,
easy,297,,Placa de Apnéia,,,,[],[],"[{'codigo': 297, 'id': 40852, 'nome': 'Placa de Apn\x82ia', 'score': 0.9333}, {'codigo': 303, 'id': 40858, 'nome': 'Placa de Mills', 'score': 0.6897}, {'codigo': 301, 'id': 40856, 'nome': 'Placa de Hawley', 'score': 0.6667}]",,sem_candidato_semantico_confiavel,,,
easy,298,,Placa de ativação mandibular,,,,[],[],"[{'codigo': 298, 'id': 40853, 'nome': 'Placa de ativa\x87Æo mandibular', 'score': 0.9286}, {'codigo': 288, 'id': 40843, 'nome': 'Placa ativa com molas', 'score': 0.6531}, {'codigo': 306, 'id': 40861, 'nome': 'Placa dupla de avan\x87o - Piamant', 'score': 0.5965}]",,sem_candidato_semantico_confiavel,,,
easy,300,,Placa de expansão para mordida cruzada,,,,[],[],"[{'codigo': 300, 'id': 40855, 'nome': 'Placa de expansÆo para mordida cruzada', 'score': 0.9737}, {'codigo': 8290, 'id': 40754, 'nome': 'Placa de mordida miorrelaxante', 'score': 0.5882}, {'codigo': 294, 'id': 40849, 'nome': 'Placa com plano de mordida inclinado', 'score': 0.5405}]",,sem_candidato_semantico_confiavel,,,
easy,304,,Placa de ocupação lingual,,,,[],[],"[{'codigo': 304, 'id': 40859, 'nome': 'Placa de ocupa\x87Æo lingual', 'score': 0.92}, {'codigo': 285, 'id': 40840, 'nome': 'Palatina ou arco lingual', 'score': 0.6531}, {'codigo': 303, 'id': 40858, 'nome': 'Placa de Mills', 'score': 0.5641}]",,sem_candidato_semantico_confiavel,,,
easy,306,,Placa dupla de avanço - Piamant,,,,[],[],"[{'codigo': 306, 'id': 40861, 'nome': 'Placa dupla de avan\x87o - Piamant', 'score': 0.9655}, {'codigo': 298, 'id': 40853, 'nome': 'Placa de ativa\x87Æo mandibular', 'score': 0.5965}, {'codigo': 297, 'id': 40852, 'nome': 'Placa de Apn\x82ia', 'score': 0.5909}]",,sem_candidato_semantico_confiavel,,,
easy,307,,Placa interceptora de hábito,,,,[],[],"[{'codigo': 307, 'id': 40862, 'nome': 'Placa interceptora de h bito', 'score': 0.9643}, {'codigo': 309, 'id': 40864, 'nome': 'Placa mantenedora de espa\x87o.', 'score': 0.6545}, {'codigo': 310, 'id': 40865, 'nome': 'Placa recuperadora de espa\x87o', 'score': 0.5714}]",,sem_candidato_semantico_confiavel,,,
easy,309,,Placa mantenedora de espaço.,,,,[],[],"[{'codigo': 309, 'id': 40864, 'nome': 'Placa mantenedora de espa\x87o.', 'score': 0.963}, {'codigo': 281, 'id': 40836, 'nome': 'Mantenedor de espa\x87o', 'score': 0.8085}, {'codigo': 310, 'id': 40865, 'nome': 'Placa recuperadora de espa\x87o', 'score': 0.7273}]",,sem_candidato_semantico_confiavel,,,
easy,310,,Placa recuperadora de espaço,,,,[],[],"[{'codigo': 310, 'id': 40865, 'nome': 'Placa recuperadora de espa\x87o', 'score': 0.9643}, {'codigo': 309, 'id': 40864, 'nome': 'Placa mantenedora de espa\x87o.', 'score': 0.7636}, {'codigo': 281, 'id': 40836, 'nome': 'Mantenedor de espa\x87o', 'score': 0.625}]",,sem_candidato_semantico_confiavel,,,
easy,313,,Quadri-hélice,,,,[],[],"[{'codigo': 313, 'id': 40868, 'nome': 'Quadri-h\x82lice', 'score': 0.9231}, {'codigo': 246, 'id': 40801, 'nome': 'Bi-h\x82lice', 'score': 0.6364}, {'codigo': 301, 'id': 40856, 'nome': 'Placa de Hawley', 'score': 0.4286}]",,sem_candidato_semantico_confiavel,,,
easy,316,,"Vilma Simões - SN1, SN2, SN3, SN4, SN5",,,,[],[],"[{'codigo': 316, 'id': 40871, 'nome': 'Vilma Simäes - SN1, SN2, SN3, SN4, SN5', 'score': 0.9688}, {'codigo': 317, 'id': 40872, 'nome': 'Vilma Simäes - SN6, SN7', 'score': 0.6538}, {'codigo': 6340, 'id': 40591, 'nome': 'Suturas simples da face ou l bio', 'score': 0.375}]",,sem_candidato_semantico_confiavel,,,
easy,317,,"Vilma Simões - SN6, SN7",,,,[],[],"[{'codigo': 317, 'id': 40872, 'nome': 'Vilma Simäes - SN6, SN7', 'score': 0.95}, {'codigo': 316, 'id': 40871, 'nome': 'Vilma Simäes - SN1, SN2, SN3, SN4, SN5', 'score': 0.6538}, {'codigo': 312, 'id': 40867, 'nome': 'Planas Simples', 'score': 0.4706}]",,sem_candidato_semantico_confiavel,,,
easy,323,,Alinhadores Estéticos,,,,[],[],"[{'codigo': 323, 'id': 40878, 'nome': 'Alinhadores Est\x82ticos', 'score': 0.9524}, {'codigo': 239, 'id': 40794, 'nome': 'Ativador de Rossi', 'score': 0.5263}, {'codigo': 8270, 'id': 40752, 'nome': 'N£cleo Metal-free est\x82tico', 'score': 0.5106}]",,sem_candidato_semantico_confiavel,,,
easy,325,2081,Consulta de Reavaliação Clínica,,,,[],[],"[{'codigo': 2081, 'id': 40880, 'nome': 'Consulta de Reavalia\x87Æo Cl¡nica', 'score': 0.9032}, {'codigo': 2040, 'id': 40656, 'nome': 'Consulta de adapta\x87Æo Psicol¢gica', 'score': 0.6875}, {'codigo': 2050, 'id': 40657, 'nome': 'Consulta de Emerg\x88ncia', 'score': 0.566}]",,sem_candidato_semantico_confiavel,,,
easy,326,7060,Implante Zigomático,,,,[],[],"[{'codigo': 7060, 'id': 40881, 'nome': 'Implante Zigom tico', 'score': 0.9474}, {'codigo': 7010, 'id': 40669, 'nome': 'Implante (RTG)', 'score': 0.6452}, {'codigo': 7000, 'id': 40668, 'nome': 'Implante - (t\x82cnica de Sammers)', 'score': 0.5217}]",,sem_candidato_semantico_confiavel,,,
easy,328,8171,Coroa Provisória Imediata sob implante,,,,[],[],"[{'codigo': 8171, 'id': 40883, 'nome': 'Coroa Provis¢ria Imediata sob implante', 'score': 0.9737}, {'codigo': 8170, 'id': 40740, 'nome': 'Coroa Provis¢ria de Laborat¢rio sob implante', 'score': 0.7805}, {'codigo': 8160, 'id': 40738, 'nome': 'Coroa Provis¢ria Imediata', 'score': 0.7619}]",,sem_candidato_semantico_confiavel,,,
easy,329,9040,Fios de sustentação,,,,[],[],"[{'codigo': 9040, 'id': 40884, 'nome': 'Fios de sustenta\x87Æo', 'score': 0.8947}, {'codigo': 225, 'id': 40780, 'nome': 'Aparelho de conten\x87Æo', 'score': 0.45}, {'codigo': 239, 'id': 40794, 'nome': 'Ativador de Rossi', 'score': 0.4444}]",,sem_candidato_semantico_confiavel,,,
easy,331,2011,Cimentação adesiva,,,,[],[],"[{'codigo': 2011, 'id': 40886, 'nome': 'Cimenta\x87Æo adesiva', 'score': 0.8889}, {'codigo': 5030, 'id': 40598, 'nome': 'Clareamento - (Caseiro)', 'score': 0.5405}, {'codigo': 2030, 'id': 40655, 'nome': 'Cimenta\x87Æo de Pr¢tese Parcial Fixa', 'score': 0.5385}]",,sem_candidato_semantico_confiavel,,,
easy,335,8261,Núcleo Metálico fundido bi-partido,,,,[],[],"[{'codigo': 8261, 'id': 40890, 'nome': 'N£cleo Met lico fundido bi-partido', 'score': 0.9412}, {'codigo': 8260, 'id': 40753, 'nome': 'N£cleo Met lico-fundido', 'score': 0.7368}, {'codigo': 2020, 'id': 40654, 'nome': 'Cimenta\x87Æo de N£cleo Met lico Fundido', 'score': 0.5915}]",,sem_candidato_semantico_confiavel,,,
easy,336,,Remoção de aparelho ortodontico fixo.,,,,[],[],"[{'codigo': 336, 'id': 40891, 'nome': 'Remo\x87Æo de aparelho ortodontico fixo.', 'score': 0.9444}, {'codigo': 232, 'id': 40787, 'nome': 'Aparelho Ortod\x93ntico Fixo - (Arcada Inferior)', 'score': 0.6234}, {'codigo': 233, 'id': 40788, 'nome': 'Aparelho Ortod\x93ntico Fixo - (Arcada Superior)', 'score': 0.6234}]",,sem_candidato_semantico_confiavel,,,
easy,337,7070,Regeneração óssea guiada - ROG,,,,[],[],"[{'codigo': 7070, 'id': 40892, 'nome': 'Regenera\x87Æo ¢ssea guiada - ROG', 'score': 0.8929}, {'codigo': 3190, 'id': 40693, 'nome': 'Enxerto Osseo RTG - (Regenera\x87Æo Tecidual Guiada)', 'score': 0.5205}, {'codigo': 8470, 'id': 40775, 'nome': 'Restaura\x87Æo Met lica Fundida - RMF', 'score': 0.5}]",,sem_candidato_semantico_confiavel,,,
brana,,,Alveoloplastia ou alveolotomia - (at 3 elementos),06,57,0.0,,,,,sem_match_confiavel_no_easy_dental,40557,6000,"[{'codigo': 1, 'id': 1, 'nome': 'Alveoloplastia ou alveolotomia - (até 3 elementos)', 'score': 0.9783}, {'codigo': 189, 'id': 189, 'nome': 'Enceramento de diagnóstico - (por elemento)', 'score': 0.4235}, {'codigo': 129, 'id': 129, 'nome': 'Cirurgia para Odonto-secção - (por elemento)', 'score': 0.4186}]"
brana,,,Bi¢psia,06,45,0.0,,,,,sem_match_confiavel_no_easy_dental,40559,6020,"[{'codigo': 3, 'id': 3, 'nome': 'Biópsia', 'score': 0.8571}, {'codigo': 246, 'id': 245, 'nome': 'Bi-hélice', 'score': 0.375}, {'codigo': 331, 'id': 330, 'nome': 'Cimentação adesiva', 'score': 0.32}]"
brana,,,Cirurgia de Hipertrofia de L bio,06,45,0.0,,,,,sem_match_confiavel_no_easy_dental,40560,6030,"[{'codigo': 4, 'id': 4, 'nome': 'Cirurgia de Hipertrofia de Lábio', 'score': 0.9688}, {'codigo': 14, 'id': 14, 'nome': 'Cirurgia exploratória', 'score': 0.6038}, {'codigo': 186, 'id': 186, 'nome': 'Coroa Provisória de Laboratório', 'score': 0.5397}]"
brana,,,Ciurgia para t¢rus mandibular unilateral,06,45,0.0,,,,,sem_match_confiavel_no_easy_dental,40566,6090,"[{'codigo': 10, 'id': 10, 'nome': 'Ciurgia para tórus mandibular unilateral', 'score': 0.975}, {'codigo': 129, 'id': 129, 'nome': 'Cirurgia para Odonto-secção - (por elemento)', 'score': 0.5}, {'codigo': 79, 'id': 79, 'nome': 'Preparo para Núcleo intra-radicular', 'score': 0.48}]"
brana,,,CorreÆo de bridas musculares,06,26,0.0,,,,,sem_match_confiavel_no_easy_dental,40568,6110,"[{'codigo': 12, 'id': 12, 'nome': 'Correção de bridas musculares', 'score': 0.931}, {'codigo': 93, 'id': 93, 'nome': 'Tratamento de Canal - (Pré-molares)', 'score': 0.5}, {'codigo': 117, 'id': 117, 'nome': 'Remoção de implante', 'score': 0.5}]"
brana,,,Cirurgia explorat¢ria,06,45,0.0,,,,,sem_match_confiavel_no_easy_dental,40570,6130,"[{'codigo': 14, 'id': 14, 'nome': 'Cirurgia exploratória', 'score': 0.9524}, {'codigo': 186, 'id': 186, 'nome': 'Coroa Provisória de Laboratório', 'score': 0.5385}, {'codigo': 4, 'id': 4, 'nome': 'Cirurgia de Hipertrofia de Lábio', 'score': 0.5283}]"
brana,,,ExcisÆo de glndula par¢tida,06,45,0.0,,,,,sem_match_confiavel_no_easy_dental,40571,6140,"[{'codigo': 15, 'id': 15, 'nome': 'Excisão de glândula parótida', 'score': 0.8929}, {'codigo': 17, 'id': 17, 'nome': 'Excisão de glândula submandibular', 'score': 0.6557}, {'codigo': 16, 'id': 16, 'nome': 'Excisão de glândula sublingual', 'score': 0.6552}]"
brana,,,ExcisÆo de glndula sublingual,06,45,0.0,,,,,sem_match_confiavel_no_easy_dental,40572,6150,"[{'codigo': 16, 'id': 16, 'nome': 'Excisão de glândula sublingual', 'score': 0.9333}, {'codigo': 17, 'id': 17, 'nome': 'Excisão de glândula submandibular', 'score': 0.7302}, {'codigo': 15, 'id': 15, 'nome': 'Excisão de glândula parótida', 'score': 0.6897}]"
brana,,,ExcisÆo de glndula submandibular,06,45,0.0,,,,,sem_match_confiavel_no_easy_dental,40573,6160,"[{'codigo': 17, 'id': 17, 'nome': 'Excisão de glândula submandibular', 'score': 0.9394}, {'codigo': 16, 'id': 16, 'nome': 'Excisão de glândula sublingual', 'score': 0.7302}, {'codigo': 15, 'id': 15, 'nome': 'Excisão de glândula parótida', 'score': 0.6557}]"
brana,,,ExcisÆo de Mucocele,01,45,0.0,,,,,sem_match_confiavel_no_easy_dental,40574,6170,"[{'codigo': 18, 'id': 18, 'nome': 'Excisão de Mucocele', 'score': 0.9474}, {'codigo': 19, 'id': 19, 'nome': 'Excisão de rânula', 'score': 0.6667}, {'codigo': 15, 'id': 15, 'nome': 'Excisão de glândula parótida', 'score': 0.5106}]"
brana,,,ExcisÆo de rnula,06,45,0.0,,,,,sem_match_confiavel_no_easy_dental,40575,6180,"[{'codigo': 19, 'id': 19, 'nome': 'Excisão de rânula', 'score': 0.8824}, {'codigo': 18, 'id': 18, 'nome': 'Excisão de Mucocele', 'score': 0.6667}, {'codigo': 15, 'id': 15, 'nome': 'Excisão de glândula parótida', 'score': 0.6222}]"
brana,,,ExcisÆo de tumores odontognicos at 3 cm,06,45,0.0,,,,,sem_match_confiavel_no_easy_dental,40576,6190,"[{'codigo': 20, 'id': 20, 'nome': 'Excisão de tumores odontogênicos até 3 cm', 'score': 0.9268}, {'codigo': 18, 'id': 18, 'nome': 'Excisão de Mucocele', 'score': 0.4667}, {'codigo': 336, 'id': 335, 'nome': 'Remoção de aparelho ortodontico fixo.', 'score': 0.4416}]"
brana,,,Exodontia de dec¡duos,06,13,0.0,,,,,sem_match_confiavel_no_easy_dental,40577,6200,"[{'codigo': 21, 'id': 21, 'nome': 'Exodontia de decíduos', 'score': 0.9524}, {'codigo': 52, 'id': 52, 'nome': 'Núcleo fibra de vidro', 'score': 0.4762}, {'codigo': 101, 'id': 101, 'nome': 'Consulta de Emergência', 'score': 0.4651}]"
brana,,,Fraturas alvdio-dent rias - reduÆo cruenta,06,45,0.0,,,,,sem_match_confiavel_no_easy_dental,40586,6290,"[{'codigo': 30, 'id': 30, 'nome': 'Fraturas alvédio-dentárias - redução cruenta', 'score': 0.9048}, {'codigo': 88, 'id': 88, 'nome': 'Tratamento cirurgico de lesão endo-perio - (Curetagem)', 'score': 0.4565}, {'codigo': 290, 'id': 289, 'nome': 'Placa com arco de contenção contínua', 'score': 0.4359}]"
brana,,,MarzupializaÆo de cisto,06,45,0.0,,,,,sem_match_confiavel_no_easy_dental,40587,6300,"[{'codigo': 31, 'id': 31, 'nome': 'Marzupialização de cisto', 'score': 0.9167}, {'codigo': 156, 'id': 156, 'nome': 'Aplicação de Cariostático - (sessão)', 'score': 0.5357}, {'codigo': 225, 'id': 224, 'nome': 'Aparelho de contenção', 'score': 0.4889}]"
brana,,,ReconstruÆo parcial do l bio traumatizado,06,45,0.0,,,,,sem_match_confiavel_no_easy_dental,40588,6310,"[{'codigo': 32, 'id': 32, 'nome': 'Reconstrução parcial do lábio traumatizado', 'score': 0.9286}, {'codigo': 33, 'id': 33, 'nome': 'Reconstrução total do lábio traumatizado', 'score': 0.8293}, {'codigo': 211, 'id': 210, 'nome': 'Prótese Parcial Removível - (por arcada)', 'score': 0.5128}]"
brana,,,ReconstruÆo total do l bio traumatizado,06,45,0.0,,,,,sem_match_confiavel_no_easy_dental,40589,6320,"[{'codigo': 33, 'id': 33, 'nome': 'Reconstrução total do lábio traumatizado', 'score': 0.925}, {'codigo': 32, 'id': 32, 'nome': 'Reconstrução parcial do lábio traumatizado', 'score': 0.8293}, {'codigo': 214, 'id': 213, 'nome': 'Prótese Total - (por arcada)', 'score': 0.4688}]"
brana,,,Suturas m£ltiplas da face ou l bio,06,45,0.0,,,,,sem_match_confiavel_no_easy_dental,40590,6330,"[{'codigo': 34, 'id': 34, 'nome': 'Suturas múltiplas da face ou lábio', 'score': 0.9412}, {'codigo': 35, 'id': 35, 'nome': 'Suturas simples da face ou lábio', 'score': 0.8485}, {'codigo': 61, 'id': 61, 'nome': 'Restauração em Resina Direta - (1 Face)', 'score': 0.4638}]"
brana,,,Suturas simples da face ou l bio,06,45,0.0,,,,,sem_match_confiavel_no_easy_dental,40591,6340,"[{'codigo': 35, 'id': 35, 'nome': 'Suturas simples da face ou lábio', 'score': 0.9688}, {'codigo': 34, 'id': 34, 'nome': 'Suturas múltiplas da face ou lábio', 'score': 0.8485}, {'codigo': 61, 'id': 61, 'nome': 'Restauração em Resina Direta - (1 Face)', 'score': 0.4776}]"
brana,,,Tratamento cir£rgico do l bio leporino,06,45,0.0,,,,,sem_match_confiavel_no_easy_dental,40594,6370,"[{'codigo': 38, 'id': 38, 'nome': 'Tratamento cirúrgico do lábio leporino', 'score': 0.9474}, {'codigo': 88, 'id': 88, 'nome': 'Tratamento cirurgico de lesão endo-perio - (Curetagem)', 'score': 0.6364}, {'codigo': 89, 'id': 89, 'nome': 'Tratamento cirurgico de lesão endo-perio com enxerto leofilizado', 'score': 0.6275}]"
brana,,,AdequaÆo de meio bucal,01,28,0.0,,,,,sem_match_confiavel_no_easy_dental,40595,5000,"[{'codigo': 39, 'id': 39, 'nome': 'Adequação de meio bucal', 'score': 0.913}, {'codigo': 78, 'id': 78, 'nome': 'Desobturação de canal', 'score': 0.5455}, {'codigo': 18, 'id': 18, 'nome': 'Excisão de Mucocele', 'score': 0.4762}]"
brana,,,Ajuste oclusal - (por sessÆo),01,32,0.0,,,,,sem_match_confiavel_no_easy_dental,40596,5010,"[{'codigo': 40, 'id': 40, 'nome': 'Ajuste oclusal - (por sessão)', 'score': 0.96}, {'codigo': 150, 'id': 150, 'nome': 'Manutenção Periodontal - (por sessão)', 'score': 0.6207}, {'codigo': 158, 'id': 158, 'nome': 'Aplicação de Selnate Oclusa Invasivo - (por elemento)', 'score': 0.4865}]"
brana,,,DessensibilizaÆo dent ria - (por elemento),01,58,0.0,,,,,sem_match_confiavel_no_easy_dental,40601,5060,"[{'codigo': 45, 'id': 45, 'nome': 'Dessensibilização dentária - (por elemento)', 'score': 0.9231}, {'codigo': 189, 'id': 189, 'nome': 'Enceramento de diagnóstico - (por elemento)', 'score': 0.5897}, {'codigo': 48, 'id': 48, 'nome': 'Imobilização dentária (esplintagem)', 'score': 0.5833}]"
brana,,,ImobilizaÆo dent ria com resina fotopolimeriz vel,04,58,0.0,,,,,sem_match_confiavel_no_easy_dental,40603,5080,"[{'codigo': 47, 'id': 47, 'nome': 'Imobilização dentária com resina fotopolimerizável', 'score': 0.92}, {'codigo': 48, 'id': 48, 'nome': 'Imobilização dentária (esplintagem)', 'score': 0.6024}, {'codigo': 45, 'id': 45, 'nome': 'Dessensibilização dentária - (por elemento)', 'score': 0.5169}]"
brana,,,ImobilizaÆo dent ria (esplintagem),01,57,0.0,,,,,sem_match_confiavel_no_easy_dental,40604,5090,"[{'codigo': 48, 'id': 48, 'nome': 'Imobilização dentária (esplintagem)', 'score': 0.9091}, {'codigo': 47, 'id': 47, 'nome': 'Imobilização dentária com resina fotopolimerizável', 'score': 0.6024}, {'codigo': 45, 'id': 45, 'nome': 'Dessensibilização dentária - (por elemento)', 'score': 0.5833}]"
brana,,,N£cleo de preenchimento,01,14,0.0,,,,,sem_match_confiavel_no_easy_dental,40605,5121,"[{'codigo': 49, 'id': 49, 'nome': 'Núcleo de preenchimento', 'score': 0.9565}, {'codigo': 51, 'id': 51, 'nome': 'Núcleo de preenchimento em resina', 'score': 0.7857}, {'codigo': 50, 'id': 50, 'nome': 'Núcleo de preenchimento em ionômetro de vidro', 'score': 0.6471}]"
brana,,,N£cleo de preenchimento em ionmetro de vidro,01,14,0.0,,,,,sem_match_confiavel_no_easy_dental,40606,5100,"[{'codigo': 50, 'id': 50, 'nome': 'Núcleo de preenchimento em ionômetro de vidro', 'score': 0.9556}, {'codigo': 51, 'id': 51, 'nome': 'Núcleo de preenchimento em resina', 'score': 0.7179}, {'codigo': 49, 'id': 49, 'nome': 'Núcleo de preenchimento', 'score': 0.6471}]"
brana,,,N£cleo de preenchimento em resina,01,14,0.0,,,,,sem_match_confiavel_no_easy_dental,40607,5110,"[{'codigo': 51, 'id': 51, 'nome': 'Núcleo de preenchimento em resina', 'score': 0.9697}, {'codigo': 49, 'id': 49, 'nome': 'Núcleo de preenchimento', 'score': 0.7857}, {'codigo': 50, 'id': 50, 'nome': 'Núcleo de preenchimento em ionômetro de vidro', 'score': 0.7436}]"
brana,,,N£cleo fibra de vidro,01,14,0.0,,,,,sem_match_confiavel_no_easy_dental,40608,5120,"[{'codigo': 52, 'id': 52, 'nome': 'Núcleo fibra de vidro', 'score': 0.9524}, {'codigo': 50, 'id': 50, 'nome': 'Núcleo de preenchimento em ionômetro de vidro', 'score': 0.5152}, {'codigo': 196, 'id': 196, 'nome': 'Núcleo Metal-free estético', 'score': 0.5106}]"
brana,,,N£cleo met lico pr-fabricado,01,14,0.0,,,,,sem_match_confiavel_no_easy_dental,40609,5130,"[{'codigo': 53, 'id': 53, 'nome': 'Núcleo metálico pré-fabricado', 'score': 0.8966}, {'codigo': 197, 'id': 197, 'nome': 'Núcleo Metálico-fundido', 'score': 0.6923}, {'codigo': 335, 'id': 334, 'nome': 'Núcleo Metálico fundido bi-partido', 'score': 0.5714}]"
brana,,,N£cleo rosqueavel - (Roach),02,14,0.0,,,,,sem_match_confiavel_no_easy_dental,40610,5140,"[{'codigo': 54, 'id': 54, 'nome': 'Núcleo rosqueavel - (Roach)', 'score': 0.9565}, {'codigo': 196, 'id': 196, 'nome': 'Núcleo Metal-free estético', 'score': 0.4898}, {'codigo': 49, 'id': 49, 'nome': 'Núcleo de preenchimento', 'score': 0.4783}]"
brana,,,ReconstruÆo em Resina Direta - (+ de 3 Faces),01,4,0.0,,,,,sem_match_confiavel_no_easy_dental,40612,5160,"[{'codigo': 56, 'id': 56, 'nome': 'Reconstrução em Resina Direta - (+ de 3 Faces)', 'score': 0.9524}, {'codigo': 63, 'id': 63, 'nome': 'Restauração em Resina Direta - (3 Faces)', 'score': 0.7949}, {'codigo': 62, 'id': 62, 'nome': 'Restauração em Resina Direta - (2 Faces)', 'score': 0.7692}]"
brana,,,RestauraÆo de Am lgama - 1 face,01,4,0.0,,,,,sem_match_confiavel_no_easy_dental,40613,5170,"[{'codigo': 57, 'id': 57, 'nome': 'Restauração de Amálgama - 1 face', 'score': 0.9}, {'codigo': 58, 'id': 58, 'nome': 'Restauração de Amálgama - 2 faces', 'score': 0.8525}, {'codigo': 59, 'id': 59, 'nome': 'Restauração de Amálgama - 3 faces', 'score': 0.8525}]"
brana,,,RestauraÆo de Am lgama - 2 faces,01,4,0.0,,,,,sem_match_confiavel_no_easy_dental,40614,5180,"[{'codigo': 58, 'id': 58, 'nome': 'Restauração de Amálgama - 2 faces', 'score': 0.9032}, {'codigo': 59, 'id': 59, 'nome': 'Restauração de Amálgama - 3 faces', 'score': 0.871}, {'codigo': 57, 'id': 57, 'nome': 'Restauração de Amálgama - 1 face', 'score': 0.8525}]"
brana,,,RestauraÆo de Am lgama - 3 faces,01,4,0.0,,,,,sem_match_confiavel_no_easy_dental,40615,5190,"[{'codigo': 59, 'id': 59, 'nome': 'Restauração de Amálgama - 3 faces', 'score': 0.9032}, {'codigo': 58, 'id': 58, 'nome': 'Restauração de Amálgama - 2 faces', 'score': 0.871}, {'codigo': 57, 'id': 57, 'nome': 'Restauração de Amálgama - 1 face', 'score': 0.8525}]"
brana,,,Procedimento 5200,01,4,0.0,,,,,sem_match_confiavel_no_easy_dental,40616,5200,"[{'codigo': 331, 'id': 330, 'nome': 'Cimentação adesiva', 'score': 0.4571}, {'codigo': 49, 'id': 49, 'nome': 'Núcleo de preenchimento', 'score': 0.45}, {'codigo': 51, 'id': 51, 'nome': 'Núcleo de preenchimento em resina', 'score': 0.4}]"
brana,,,RestauraÆo em Resina Direta - (1 Face),01,4,0.0,,,,,sem_match_confiavel_no_easy_dental,40617,5210,"[{'codigo': 61, 'id': 61, 'nome': 'Restauração em Resina Direta - (1 Face)', 'score': 0.9429}, {'codigo': 62, 'id': 62, 'nome': 'Restauração em Resina Direta - (2 Faces)', 'score': 0.9014}, {'codigo': 63, 'id': 63, 'nome': 'Restauração em Resina Direta - (3 Faces)', 'score': 0.9014}]"
brana,,,RestauraÆo em Resina Direta - (2 Faces),01,4,0.0,,,,,sem_match_confiavel_no_easy_dental,40618,5220,"[{'codigo': 62, 'id': 62, 'nome': 'Restauração em Resina Direta - (2 Faces)', 'score': 0.9444}, {'codigo': 63, 'id': 63, 'nome': 'Restauração em Resina Direta - (3 Faces)', 'score': 0.9167}, {'codigo': 61, 'id': 61, 'nome': 'Restauração em Resina Direta - (1 Face)', 'score': 0.9014}]"
brana,,,RestauraÆo em Resina Direta - (3 Faces),01,4,0.0,,,,,sem_match_confiavel_no_easy_dental,40619,5230,"[{'codigo': 63, 'id': 63, 'nome': 'Restauração em Resina Direta - (3 Faces)', 'score': 0.9444}, {'codigo': 62, 'id': 62, 'nome': 'Restauração em Resina Direta - (2 Faces)', 'score': 0.9167}, {'codigo': 61, 'id': 61, 'nome': 'Restauração em Resina Direta - (1 Face)', 'score': 0.9014}]"
brana,,,RestauraÆo em Resina Direta - (Classe IV),01,4,0.0,,,,,sem_match_confiavel_no_easy_dental,40620,5240,"[{'codigo': 64, 'id': 64, 'nome': 'Restauração em Resina Direta - (Classe IV)', 'score': 0.9474}, {'codigo': 65, 'id': 65, 'nome': 'Restauração em Resina Direta - (Classe V)', 'score': 0.9333}, {'codigo': 61, 'id': 61, 'nome': 'Restauração em Resina Direta - (1 Face)', 'score': 0.7945}]"
brana,,,RestauraÆo em Resina Direta - (Classe V),01,4,0.0,,,,,sem_match_confiavel_no_easy_dental,40621,5250,"[{'codigo': 65, 'id': 65, 'nome': 'Restauração em Resina Direta - (Classe V)', 'score': 0.9459}, {'codigo': 64, 'id': 64, 'nome': 'Restauração em Resina Direta - (Classe IV)', 'score': 0.9333}, {'codigo': 61, 'id': 61, 'nome': 'Restauração em Resina Direta - (1 Face)', 'score': 0.8056}]"
brana,,,RestauraÆo tempor ria (IRM ou similar),01,4,0.0,,,,,sem_match_confiavel_no_easy_dental,40622,5260,"[{'codigo': 66, 'id': 66, 'nome': 'Restauração temporária (IRM ou similar)', 'score': 0.9189}, {'codigo': 61, 'id': 61, 'nome': 'Restauração em Resina Direta - (1 Face)', 'score': 0.6111}, {'codigo': 62, 'id': 62, 'nome': 'Restauração em Resina Direta - (2 Faces)', 'score': 0.6027}]"
brana,,,Tratamento Expectante com H. C lcio,05,57,0.0,,,,,sem_match_confiavel_no_easy_dental,40623,5270,"[{'codigo': 67, 'id': 67, 'nome': 'Tratamento Expectante com H. Cálcio', 'score': 0.9706}, {'codigo': 38, 'id': 38, 'nome': 'Tratamento cirúrgico do lábio leporino', 'score': 0.5278}, {'codigo': 94, 'id': 94, 'nome': 'Tratamento de dentes c/ rizogenese incompleta - (Por sessão)', 'score': 0.5169}]"
brana,,,Apicectomia em Incisivos com obturaÆo retr¢grada,06,15,0.0,,,,,sem_match_confiavel_no_easy_dental,40625,4010,"[{'codigo': 69, 'id': 69, 'nome': 'Apicectomia em Incisivos com obturação retrógrada', 'score': 0.9388}, {'codigo': 72, 'id': 72, 'nome': 'Apicectomia em Molares com obturação retrógrada', 'score': 0.8125}, {'codigo': 75, 'id': 75, 'nome': 'Apicectomia em Pré-molares com obturação retrógrada', 'score': 0.78}]"
brana,,,Apicectomia em Molares com obturaÆo retr¢grada,06,15,0.0,,,,,sem_match_confiavel_no_easy_dental,40628,4040,"[{'codigo': 72, 'id': 72, 'nome': 'Apicectomia em Molares com obturação retrógrada', 'score': 0.9362}, {'codigo': 75, 'id': 75, 'nome': 'Apicectomia em Pré-molares com obturação retrógrada', 'score': 0.898}, {'codigo': 69, 'id': 69, 'nome': 'Apicectomia em Incisivos com obturação retrógrada', 'score': 0.8125}]"
brana,,,Apicectomia em Pr-molares com enxerto leofilizado,06,15,0.0,,,,,sem_match_confiavel_no_easy_dental,40630,4060,"[{'codigo': 74, 'id': 74, 'nome': 'Apicectomia em Pré-molares com enxerto leofilizado', 'score': 0.98}, {'codigo': 75, 'id': 75, 'nome': 'Apicectomia em Pré-molares com obturação retrógrada', 'score': 0.7129}, {'codigo': 72, 'id': 72, 'nome': 'Apicectomia em Molares com obturação retrógrada', 'score': 0.6804}]"
brana,,,Apicectomia em Pr-molares com obturaÆo retr¢grada,06,15,0.0,,,,,sem_match_confiavel_no_easy_dental,40631,4070,"[{'codigo': 75, 'id': 75, 'nome': 'Apicectomia em Pré-molares com obturação retrógrada', 'score': 0.9216}, {'codigo': 72, 'id': 72, 'nome': 'Apicectomia em Molares com obturação retrógrada', 'score': 0.898}, {'codigo': 69, 'id': 69, 'nome': 'Apicectomia em Incisivos com obturação retrógrada', 'score': 0.78}]"
brana,,,Apicectomia em Pr-molares curetagem apical,06,15,0.0,,,,,sem_match_confiavel_no_easy_dental,40632,4080,"[{'codigo': 76, 'id': 76, 'nome': 'Apicectomia em Pré-molares curetagem apical', 'score': 0.9767}, {'codigo': 75, 'id': 75, 'nome': 'Apicectomia em Pré-molares com obturação retrógrada', 'score': 0.7021}, {'codigo': 72, 'id': 72, 'nome': 'Apicectomia em Molares com obturação retrógrada', 'score': 0.6667}]"
brana,,,DesobturaÆo de canal,03,57,0.0,,,,,sem_match_confiavel_no_easy_dental,40634,4100,"[{'codigo': 78, 'id': 78, 'nome': 'Desobturação de canal', 'score': 0.9048}, {'codigo': 39, 'id': 39, 'nome': 'Adequação de meio bucal', 'score': 0.5455}, {'codigo': 87, 'id': 87, 'nome': 'Retratamento de Canal - (Pré-molares)', 'score': 0.5185}]"
brana,,,Preparo para N£cleo intra-radicular,03,57,0.0,,,,,sem_match_confiavel_no_easy_dental,40635,4110,"[{'codigo': 79, 'id': 79, 'nome': 'Preparo para Núcleo intra-radicular', 'score': 0.9714}, {'codigo': 83, 'id': 83, 'nome': 'Remoção de núcleo intraradicular', 'score': 0.7463}, {'codigo': 300, 'id': 299, 'nome': 'Placa de expansão para mordida cruzada', 'score': 0.5205}]"
brana,,,Reimplante dentes avuls. trauma + ap. contenÆo,06,9,0.0,,,,,sem_match_confiavel_no_easy_dental,40637,4130,"[{'codigo': 81, 'id': 81, 'nome': 'Reimplante dentes avuls. trauma + ap. contenção', 'score': 0.9556}, {'codigo': 114, 'id': 114, 'nome': 'Implante ósseo integrável - Cone Morse', 'score': 0.5185}, {'codigo': 115, 'id': 115, 'nome': 'Implante ósseo integrável - H. Interno', 'score': 0.5}]"
brana,,,RemoÆo de Coroal Total,02,57,0.0,,,,,sem_match_confiavel_no_easy_dental,40638,4140,"[{'codigo': 82, 'id': 82, 'nome': 'Remoção de Coroal Total', 'score': 0.913}, {'codigo': 96, 'id': 96, 'nome': 'Cimentação de Coroa Total Definitiva', 'score': 0.5763}, {'codigo': 97, 'id': 97, 'nome': 'Cimentação de Coroa Total Provisória', 'score': 0.5763}]"
brana,,,RemoÆo de n£cleo intraradicular,06,57,0.0,,,,,sem_match_confiavel_no_easy_dental,40639,4150,"[{'codigo': 83, 'id': 83, 'nome': 'Remoção de núcleo intraradicular', 'score': 0.9062}, {'codigo': 79, 'id': 79, 'nome': 'Preparo para Núcleo intra-radicular', 'score': 0.7463}, {'codigo': 82, 'id': 82, 'nome': 'Remoção de Coroal Total', 'score': 0.5455}]"
brana,,,Retratamento de Canal - (Pr-molares),,12,0.0,,,,,sem_match_confiavel_no_easy_dental,40643,4190,"[{'codigo': 87, 'id': 87, 'nome': 'Retratamento de Canal - (Pré-molares)', 'score': 0.9697}, {'codigo': 93, 'id': 93, 'nome': 'Tratamento de Canal - (Pré-molares)', 'score': 0.9375}, {'codigo': 95, 'id': 95, 'nome': 'Tratamento de Trepanações / Perfurações', 'score': 0.6571}]"
brana,,,Tratamento cirurgico de lesÆo endo-perio - (Curetagem),06,45,0.0,,,,,sem_match_confiavel_no_easy_dental,40644,4200,"[{'codigo': 88, 'id': 88, 'nome': 'Tratamento cirurgico de lesão endo-perio - (Curetagem)', 'score': 0.98}, {'codigo': 89, 'id': 89, 'nome': 'Tratamento cirurgico de lesão endo-perio com enxerto leofilizado', 'score': 0.7719}, {'codigo': 38, 'id': 38, 'nome': 'Tratamento cirúrgico do lábio leporino', 'score': 0.6364}]"
brana,,,Tratamento cirurgico de lesÆo endo-perio com enxerto leofilizado,04,25,0.0,,,,,sem_match_confiavel_no_easy_dental,40645,4210,"[{'codigo': 89, 'id': 89, 'nome': 'Tratamento cirurgico de lesão endo-perio com enxerto leofilizado', 'score': 0.9844}, {'codigo': 88, 'id': 88, 'nome': 'Tratamento cirurgico de lesão endo-perio - (Curetagem)', 'score': 0.7368}, {'codigo': 38, 'id': 38, 'nome': 'Tratamento cirúrgico do lábio leporino', 'score': 0.6078}]"
brana,,,Tratamento de Canal - (Pr-molares),,12,0.0,,,,,sem_match_confiavel_no_easy_dental,40649,4250,"[{'codigo': 93, 'id': 93, 'nome': 'Tratamento de Canal - (Pré-molares)', 'score': 0.9677}, {'codigo': 87, 'id': 87, 'nome': 'Retratamento de Canal - (Pré-molares)', 'score': 0.9375}, {'codigo': 95, 'id': 95, 'nome': 'Tratamento de Trepanações / Perfurações', 'score': 0.6765}]"
brana,,,Tratamento de dentes c/ rizogenese incompleta - (Por sessÆo),03,57,0.0,,,,,sem_match_confiavel_no_easy_dental,40650,4260,"[{'codigo': 94, 'id': 94, 'nome': 'Tratamento de dentes c/ rizogenese incompleta - (Por sessão)', 'score': 0.9818}, {'codigo': 189, 'id': 189, 'nome': 'Enceramento de diagnóstico - (por elemento)', 'score': 0.5106}, {'codigo': 67, 'id': 67, 'nome': 'Tratamento Expectante com H. Cálcio', 'score': 0.4944}]"
brana,,,Tratamento de Trepanaäes / Perfuraäes,03,12,0.0,,,,,sem_match_confiavel_no_easy_dental,40651,4270,"[{'codigo': 95, 'id': 95, 'nome': 'Tratamento de Trepanações / Perfurações', 'score': 0.8919}, {'codigo': 93, 'id': 93, 'nome': 'Tratamento de Canal - (Pré-molares)', 'score': 0.5588}, {'codigo': 88, 'id': 88, 'nome': 'Tratamento cirurgico de lesão endo-perio - (Curetagem)', 'score': 0.5517}]"
brana,,,CimentaÆo de Coroa Total Definitiva,02,1,0.0,,,,,sem_match_confiavel_no_easy_dental,40652,2000,"[{'codigo': 96, 'id': 96, 'nome': 'Cimentação de Coroa Total Definitiva', 'score': 0.9444}, {'codigo': 97, 'id': 97, 'nome': 'Cimentação de Coroa Total Provisória', 'score': 0.75}, {'codigo': 125, 'id': 125, 'nome': 'Aumento de Coroa Clínica - (Plastia)', 'score': 0.6176}]"
brana,,,CimentaÆo de Coroa Total Provis¢ria,02,30,0.0,,,,,sem_match_confiavel_no_easy_dental,40653,2010,"[{'codigo': 97, 'id': 97, 'nome': 'Cimentação de Coroa Total Provisória', 'score': 0.9167}, {'codigo': 96, 'id': 96, 'nome': 'Cimentação de Coroa Total Definitiva', 'score': 0.7222}, {'codigo': 218, 'id': 217, 'nome': 'Reembasamento de Coroa Provisória', 'score': 0.6957}]"
brana,,,CimentaÆo de N£cleo Met lico Fundido,02,14,0.0,,,,,sem_match_confiavel_no_easy_dental,40654,2020,"[{'codigo': 98, 'id': 98, 'nome': 'Cimentação de Núcleo Metálico Fundido', 'score': 0.8919}, {'codigo': 197, 'id': 197, 'nome': 'Núcleo Metálico-fundido', 'score': 0.7}, {'codigo': 335, 'id': 334, 'nome': 'Núcleo Metálico fundido bi-partido', 'score': 0.5915}]"
brana,,,CimentaÆo de Pr¢tese Parcial Fixa,02,7,0.0,,,,,sem_match_confiavel_no_easy_dental,40655,2030,"[{'codigo': 99, 'id': 99, 'nome': 'Cimentação de Prótese Parcial Fixa', 'score': 0.9118}, {'codigo': 168, 'id': 168, 'nome': 'Conserto de Prótese Total e Parcial', 'score': 0.6377}, {'codigo': 96, 'id': 96, 'nome': 'Cimentação de Coroa Total Definitiva', 'score': 0.5714}]"
brana,,,Consulta de adaptaÆo Psicol¢gica,05,10,0.0,,,,,sem_match_confiavel_no_easy_dental,40656,2040,"[{'codigo': 100, 'id': 100, 'nome': 'Consulta de adaptação Psicológica', 'score': 0.9091}, {'codigo': 325, 'id': 324, 'nome': 'Consulta de Reavaliação Clínica', 'score': 0.6875}, {'codigo': 102, 'id': 102, 'nome': 'Consulta de Emergência - (Sábado, Domingo e Feriado)', 'score': 0.5}]"
brana,,,Consulta de Emergncia,05,40,0.0,,,,,sem_match_confiavel_no_easy_dental,40657,2050,"[{'codigo': 101, 'id': 101, 'nome': 'Consulta de Emergência', 'score': 0.9545}, {'codigo': 102, 'id': 102, 'nome': 'Consulta de Emergência - (Sábado, Domingo e Feriado)', 'score': 0.6087}, {'codigo': 103, 'id': 103, 'nome': 'Consulta de Emergência Noturna - (22:00 às 06:00 hs)', 'score': 0.6}]"
brana,,,"Consulta de Emergncia - (S bado, Domingo e Feriado)",05,40,0.0,,,,,sem_match_confiavel_no_easy_dental,40658,2060,"[{'codigo': 102, 'id': 102, 'nome': 'Consulta de Emergência - (Sábado, Domingo e Feriado)', 'score': 0.9574}, {'codigo': 101, 'id': 101, 'nome': 'Consulta de Emergência', 'score': 0.6087}, {'codigo': 103, 'id': 103, 'nome': 'Consulta de Emergência Noturna - (22:00 às 06:00 hs)', 'score': 0.5474}]"
brana,,,Consulta de Emergncia Noturna - (22:00 s 06:00 hs),05,40,0.0,,,,,sem_match_confiavel_no_easy_dental,40659,2070,"[{'codigo': 103, 'id': 103, 'nome': 'Consulta de Emergência Noturna - (22:00 às 06:00 hs)', 'score': 0.9684}, {'codigo': 101, 'id': 101, 'nome': 'Consulta de Emergência', 'score': 0.6087}, {'codigo': 102, 'id': 102, 'nome': 'Consulta de Emergência - (Sábado, Domingo e Feriado)', 'score': 0.5532}]"
brana,,,Consulta Inicial para Exame cl¡nico,05,,350.0,,,,,sem_match_confiavel_no_easy_dental,40660,2080,"[{'codigo': 104, 'id': 104, 'nome': 'Consulta Inicial para Exame clínico', 'score': 0.9714}, {'codigo': 102, 'id': 102, 'nome': 'Consulta de Emergência - (Sábado, Domingo e Feriado)', 'score': 0.4634}, {'codigo': 101, 'id': 101, 'nome': 'Consulta de Emergência', 'score': 0.4561}]"
brana,,,Exame para Per¡cia Inicial e Final,05,54,0.0,,,,,sem_match_confiavel_no_easy_dental,40662,2100,"[{'codigo': 106, 'id': 106, 'nome': 'Exame para Perícia Inicial e Final', 'score': 0.9706}, {'codigo': 51, 'id': 51, 'nome': 'Núcleo de preenchimento em resina', 'score': 0.4478}, {'codigo': 300, 'id': 299, 'nome': 'Placa de expansão para mordida cruzada', 'score': 0.4444}]"
brana,,,Implante - (tcnica de Sammers),13,9,0.0,,,,,sem_match_confiavel_no_easy_dental,40668,7000,"[{'codigo': 112, 'id': 112, 'nome': 'Implante - (técnica de Sammers)', 'score': 0.963}, {'codigo': 114, 'id': 114, 'nome': 'Implante ósseo integrável - Cone Morse', 'score': 0.5397}, {'codigo': 326, 'id': 325, 'nome': 'Implante Zigomático', 'score': 0.5217}]"
brana,,,Implante ¢sseo integr vel - Cone Morse,13,9,0.0,,,,,sem_match_confiavel_no_easy_dental,40670,7022,"[{'codigo': 114, 'id': 114, 'nome': 'Implante ósseo integrável - Cone Morse', 'score': 0.9444}, {'codigo': 116, 'id': 116, 'nome': 'Implante ósseo integrável - Standard', 'score': 0.7429}, {'codigo': 115, 'id': 115, 'nome': 'Implante ósseo integrável - H. Interno', 'score': 0.7042}]"
brana,,,Implante ¢sseo integr vel - H. Interno,13,9,0.0,,,,,sem_match_confiavel_no_easy_dental,40671,7021,"[{'codigo': 115, 'id': 115, 'nome': 'Implante ósseo integrável - H. Interno', 'score': 0.9429}, {'codigo': 116, 'id': 116, 'nome': 'Implante ósseo integrável - Standard', 'score': 0.7536}, {'codigo': 114, 'id': 114, 'nome': 'Implante ósseo integrável - Cone Morse', 'score': 0.7324}]"
brana,,,Implante ¢sseo integr vel - Standard,13,9,0.0,,,,,sem_match_confiavel_no_easy_dental,40672,7020,"[{'codigo': 116, 'id': 116, 'nome': 'Implante ósseo integrável - Standard', 'score': 0.9412}, {'codigo': 115, 'id': 115, 'nome': 'Implante ósseo integrável - H. Interno', 'score': 0.7536}, {'codigo': 114, 'id': 114, 'nome': 'Implante ósseo integrável - Cone Morse', 'score': 0.7143}]"
brana,,,RemoÆo de implante,13,9,0.0,,,,,sem_match_confiavel_no_easy_dental,40673,7030,"[{'codigo': 117, 'id': 117, 'nome': 'Remoção de implante', 'score': 0.8947}, {'codigo': 255, 'id': 254, 'nome': 'Botão de Nance', 'score': 0.5455}, {'codigo': 181, 'id': 181, 'nome': 'Coroa Metalo-cerâmica sob implante', 'score': 0.5283}]"
brana,,,Aumento de Coroa Cl¡nica - (Osteotomia e deslize apical),04,49,0.0,,,,,sem_match_confiavel_no_easy_dental,40679,3050,"[{'codigo': 123, 'id': 123, 'nome': 'Aumento de Coroa Clínica - (Osteotomia e deslize apical)', 'score': 0.9808}, {'codigo': 124, 'id': 124, 'nome': 'Aumento de Coroa Clínica - (Osteotomia)', 'score': 0.7816}, {'codigo': 125, 'id': 125, 'nome': 'Aumento de Coroa Clínica - (Plastia)', 'score': 0.6667}]"
brana,,,Aumento de Coroa Cl¡nica - (Osteotomia),04,49,0.0,,,,,sem_match_confiavel_no_easy_dental,40680,3060,"[{'codigo': 124, 'id': 124, 'nome': 'Aumento de Coroa Clínica - (Osteotomia)', 'score': 0.9714}, {'codigo': 125, 'id': 125, 'nome': 'Aumento de Coroa Clínica - (Plastia)', 'score': 0.8358}, {'codigo': 123, 'id': 123, 'nome': 'Aumento de Coroa Clínica - (Osteotomia e deslize apical)', 'score': 0.7816}]"
brana,,,Aumento de Coroa Cl¡nica - (Plastia),04,49,0.0,,,,,sem_match_confiavel_no_easy_dental,40681,3070,"[{'codigo': 125, 'id': 125, 'nome': 'Aumento de Coroa Clínica - (Plastia)', 'score': 0.9688}, {'codigo': 124, 'id': 124, 'nome': 'Aumento de Coroa Clínica - (Osteotomia)', 'score': 0.8358}, {'codigo': 123, 'id': 123, 'nome': 'Aumento de Coroa Clínica - (Osteotomia e deslize apical)', 'score': 0.6667}]"
brana,,,Cirurgia para colagem de botÆo Ortodntico,06,45,0.0,,,,,sem_match_confiavel_no_easy_dental,40683,3090,"[{'codigo': 127, 'id': 127, 'nome': 'Cirurgia para colagem de botão Ortodôntico', 'score': 0.9524}, {'codigo': 128, 'id': 128, 'nome': 'Cirurgia para colagem de botão Ortodôntico com osteotomia', 'score': 0.8081}, {'codigo': 129, 'id': 129, 'nome': 'Cirurgia para Odonto-secção - (por elemento)', 'score': 0.5366}]"
brana,,,Cirurgia para colagem de botÆo Ortodntico com osteotomia,06,45,0.0,,,,,sem_match_confiavel_no_easy_dental,40684,3100,"[{'codigo': 128, 'id': 128, 'nome': 'Cirurgia para colagem de botão Ortodôntico com osteotomia', 'score': 0.9649}, {'codigo': 127, 'id': 127, 'nome': 'Cirurgia para colagem de botão Ortodôntico', 'score': 0.8081}, {'codigo': 124, 'id': 124, 'nome': 'Aumento de Coroa Clínica - (Osteotomia)', 'score': 0.5}]"
brana,,,Cirurgia para Odonto-secÆo - (por elemento),04,46,0.0,,,,,sem_match_confiavel_no_easy_dental,40685,3110,"[{'codigo': 129, 'id': 129, 'nome': 'Cirurgia para Odonto-secção - (por elemento)', 'score': 0.95}, {'codigo': 189, 'id': 189, 'nome': 'Enceramento de diagnóstico - (por elemento)', 'score': 0.5823}, {'codigo': 128, 'id': 128, 'nome': 'Cirurgia para colagem de botão Ortodôntico com osteotomia', 'score': 0.5155}]"
brana,,,Enxerto de conjuntivo / tunelizaÆo,04,25,0.0,,,,,sem_match_confiavel_no_easy_dental,40687,3130,"[{'codigo': 131, 'id': 131, 'nome': 'Enxerto de conjuntivo / tunelização', 'score': 0.9394}, {'codigo': 97, 'id': 97, 'nome': 'Cimentação de Coroa Total Provisória', 'score': 0.4638}, {'codigo': 137, 'id': 137, 'nome': 'Enxerto Osseo RTG - (Regeneração Tecidual Guiada)', 'score': 0.4615}]"
brana,,,Enxerto Osseo RTG - (RegeneraÆo Tecidual Guiada),04,25,0.0,,,,,sem_match_confiavel_no_easy_dental,40693,3190,"[{'codigo': 137, 'id': 137, 'nome': 'Enxerto Osseo RTG - (Regeneração Tecidual Guiada)', 'score': 0.9556}, {'codigo': 337, 'id': 336, 'nome': 'Regeneração óssea guiada - ROG', 'score': 0.5205}, {'codigo': 131, 'id': 131, 'nome': 'Enxerto de conjuntivo / tunelização', 'score': 0.4103}]"
brana,,,Frenotomia L bial Inferior,04,26,0.0,,,,,sem_match_confiavel_no_easy_dental,40699,3250,"[{'codigo': 143, 'id': 143, 'nome': 'Frenotomia Lábial Inferior', 'score': 0.9615}, {'codigo': 144, 'id': 144, 'nome': 'Frenotomia Lábial Superior', 'score': 0.8462}, {'codigo': 232, 'id': 231, 'nome': 'Aparelho Ortodôntico Fixo - (Arcada Inferior)', 'score': 0.5075}]"
brana,,,Frenotomia L bial Superior,04,26,0.0,,,,,sem_match_confiavel_no_easy_dental,40700,3260,"[{'codigo': 144, 'id': 144, 'nome': 'Frenotomia Lábial Superior', 'score': 0.9615}, {'codigo': 143, 'id': 143, 'nome': 'Frenotomia Lábial Inferior', 'score': 0.8462}, {'codigo': 233, 'id': 232, 'nome': 'Aparelho Ortodôntico Fixo - (Arcada Superior)', 'score': 0.5075}]"
brana,,,ManutenÆo Periodontal - (por sessÆo),01,58,0.0,,,,,sem_match_confiavel_no_easy_dental,40706,3320,"[{'codigo': 150, 'id': 150, 'nome': 'Manutenção Periodontal - (por sessão)', 'score': 0.9091}, {'codigo': 40, 'id': 40, 'nome': 'Ajuste oclusal - (por sessão)', 'score': 0.5862}, {'codigo': 281, 'id': 280, 'nome': 'Mantenedor de espaço', 'score': 0.5283}]"
brana,,,RemoÆo de Fatores de RetenÆo - (por segmento),04,58,0.0,,,,,sem_match_confiavel_no_easy_dental,40709,3350,"[{'codigo': 153, 'id': 153, 'nome': 'Remoção de Fatores de Retenção - (por segmento)', 'score': 0.907}, {'codigo': 157, 'id': 157, 'nome': 'Aplicação de Flúor Verniz - (por elemento)', 'score': 0.5432}, {'codigo': 189, 'id': 189, 'nome': 'Enceramento de diagnóstico - (por elemento)', 'score': 0.5122}]"
brana,,,AplicaÆo de Cariost tico - (sessÆo),01,28,0.0,,,,,sem_match_confiavel_no_easy_dental,40712,1000,"[{'codigo': 156, 'id': 156, 'nome': 'Aplicação de Cariostático - (sessão)', 'score': 0.875}, {'codigo': 31, 'id': 31, 'nome': 'Marzupialização de cisto', 'score': 0.5357}, {'codigo': 323, 'id': 322, 'nome': 'Alinhadores Estéticos', 'score': 0.5283}]"
brana,,,AplicaÆo de Fl£or Verniz - (por elemento),08,20,0.0,,,,,sem_match_confiavel_no_easy_dental,40713,1010,"[{'codigo': 157, 'id': 157, 'nome': 'Aplicação de Flúor Verniz - (por elemento)', 'score': 0.9211}, {'codigo': 158, 'id': 158, 'nome': 'Aplicação de Selnate Oclusa Invasivo - (por elemento)', 'score': 0.6667}, {'codigo': 45, 'id': 45, 'nome': 'Dessensibilização dentária - (por elemento)', 'score': 0.5714}]"
brana,,,AplicaÆo de Selnate Oclusa Invasivo - (por elemento),08,3,0.0,,,,,sem_match_confiavel_no_easy_dental,40714,1020,"[{'codigo': 158, 'id': 158, 'nome': 'Aplicação de Selnate Oclusa Invasivo - (por elemento)', 'score': 0.9592}, {'codigo': 157, 'id': 157, 'nome': 'Aplicação de Flúor Verniz - (por elemento)', 'score': 0.6207}, {'codigo': 189, 'id': 189, 'nome': 'Enceramento de diagnóstico - (por elemento)', 'score': 0.5227}]"
brana,,,AplicaÆo T¢pica de Fl£or,08,20,0.0,,,,,sem_match_confiavel_no_easy_dental,40715,1030,"[{'codigo': 159, 'id': 159, 'nome': 'Aplicação Tópica de Flúor', 'score': 0.84}, {'codigo': 112, 'id': 112, 'nome': 'Implante - (técnica de Sammers)', 'score': 0.5}, {'codigo': 157, 'id': 157, 'nome': 'Aplicação de Flúor Verniz - (por elemento)', 'score': 0.4762}]"
brana,,,Controle da Placa Bacteriana - (por sessÆo),08,55,0.0,,,,,sem_match_confiavel_no_easy_dental,40716,1040,"[{'codigo': 160, 'id': 160, 'nome': 'Controle da Placa Bacteriana - (por sessão)', 'score': 0.9744}, {'codigo': 309, 'id': 308, 'nome': 'Placa mantenedora de espaço.', 'score': 0.4848}, {'codigo': 261, 'id': 260, 'nome': 'Contenção móvel - (Placa de acetáto)', 'score': 0.4789}]"
brana,,,InstruÆo de Higiene Oral - (I.H.O.),08,28,0.0,,,,,sem_match_confiavel_no_easy_dental,40717,1050,"[{'codigo': 161, 'id': 161, 'nome': 'Instrução de Higiene Oral - (I.H.O.)', 'score': 0.9355}, {'codigo': 99, 'id': 99, 'nome': 'Cimentação de Prótese Parcial Fixa', 'score': 0.4923}, {'codigo': 168, 'id': 168, 'nome': 'Conserto de Prótese Total e Parcial', 'score': 0.4848}]"
brana,,,Profilaxia - (Polimento com taa de borracha),08,8,0.0,,,,,sem_match_confiavel_no_easy_dental,40718,1060,"[{'codigo': 162, 'id': 162, 'nome': 'Profilaxia - (Polimento com taça de borracha)', 'score': 0.9756}, {'codigo': 307, 'id': 306, 'nome': 'Placa interceptora de hábito', 'score': 0.4638}, {'codigo': 291, 'id': 290, 'nome': 'Placa com arco de contenção de Baag', 'score': 0.4474}]"
brana,,,Teste de Risco de C rie,08,28,0.0,,,,,sem_match_confiavel_no_easy_dental,40721,1090,"[{'codigo': 165, 'id': 165, 'nome': 'Teste de Risco de Cárie', 'score': 0.9565}, {'codigo': 18, 'id': 18, 'nome': 'Excisão de Mucocele', 'score': 0.4762}, {'codigo': 78, 'id': 78, 'nome': 'Desobturação de canal', 'score': 0.4545}]"
brana,,,Conserto de Pr¢tese Total e Parcial,02,56,0.0,,,,,sem_match_confiavel_no_easy_dental,40724,8020,"[{'codigo': 168, 'id': 168, 'nome': 'Conserto de Prótese Total e Parcial', 'score': 0.9714}, {'codigo': 219, 'id': 218, 'nome': 'Reembasamento Prótese Total ou Parcial', 'score': 0.6849}, {'codigo': 99, 'id': 99, 'nome': 'Cimentação de Prótese Parcial Fixa', 'score': 0.6377}]"
brana,,,Coroa metalo-cermica,02,1,0.0,,,,,sem_match_confiavel_no_easy_dental,40736,8140,"[{'codigo': 180, 'id': 180, 'nome': 'Coroa metalo-cerâmica', 'score': 0.9524}, {'codigo': 181, 'id': 181, 'nome': 'Coroa Metalo-cerâmica sob implante', 'score': 0.7273}, {'codigo': 185, 'id': 185, 'nome': 'Coroa metálica total', 'score': 0.6341}]"
brana,,,Coroa Metalo-cermica sob implante,02,1,0.0,,,,,sem_match_confiavel_no_easy_dental,40737,8150,"[{'codigo': 181, 'id': 181, 'nome': 'Coroa Metalo-cerâmica sob implante', 'score': 0.9706}, {'codigo': 180, 'id': 180, 'nome': 'Coroa metalo-cerâmica', 'score': 0.7273}, {'codigo': 328, 'id': 327, 'nome': 'Coroa Provisória Imediata sob implante', 'score': 0.6389}]"
brana,,,Coroa Provis¢ria Imediata,,30,0.0,,,,,sem_match_confiavel_no_easy_dental,40738,8160,"[{'codigo': 182, 'id': 182, 'nome': 'Coroa Provisória Imediata', 'score': 0.96}, {'codigo': 328, 'id': 327, 'nome': 'Coroa Provisória Imediata sob implante', 'score': 0.7619}, {'codigo': 186, 'id': 186, 'nome': 'Coroa Provisória de Laboratório', 'score': 0.6786}]"
brana,,,Coroa Provis¢ria de Onlay / Inlay,,2,0.0,,,,,sem_match_confiavel_no_easy_dental,40739,8161,"[{'codigo': 183, 'id': 183, 'nome': 'Coroa Provisória de Onlay / Inlay', 'score': 0.9677}, {'codigo': 186, 'id': 186, 'nome': 'Coroa Provisória de Laboratório', 'score': 0.7097}, {'codigo': 182, 'id': 182, 'nome': 'Coroa Provisória Imediata', 'score': 0.6786}]"
brana,,,Coroa Provis¢ria de Laborat¢rio sob implante,02,30,0.0,,,,,sem_match_confiavel_no_easy_dental,40740,8170,"[{'codigo': 184, 'id': 184, 'nome': 'Coroa Provisória de Laboratório sob implante', 'score': 0.9545}, {'codigo': 328, 'id': 327, 'nome': 'Coroa Provisória Imediata sob implante', 'score': 0.7805}, {'codigo': 186, 'id': 186, 'nome': 'Coroa Provisória de Laboratório', 'score': 0.7733}]"
brana,,,Coroa met lica total,02,1,0.0,,,,,sem_match_confiavel_no_easy_dental,40741,8180,"[{'codigo': 185, 'id': 185, 'nome': 'Coroa metálica total', 'score': 0.95}, {'codigo': 180, 'id': 180, 'nome': 'Coroa metalo-cerâmica', 'score': 0.6341}, {'codigo': 82, 'id': 82, 'nome': 'Remoção de Coroal Total', 'score': 0.5581}]"
brana,,,Coroa Provis¢ria de Laborat¢rio,02,1,0.0,,,,,sem_match_confiavel_no_easy_dental,40742,8190,"[{'codigo': 186, 'id': 186, 'nome': 'Coroa Provisória de Laboratório', 'score': 0.9355}, {'codigo': 184, 'id': 184, 'nome': 'Coroa Provisória de Laboratório sob implante', 'score': 0.7733}, {'codigo': 183, 'id': 183, 'nome': 'Coroa Provisória de Onlay / Inlay', 'score': 0.7097}]"
brana,,,E-MAX - RestauraÆo Onlay / Inlay em Dissilicato de l¡tio,02,2,0.0,,,,,sem_match_confiavel_no_easy_dental,40744,8481,"[{'codigo': 188, 'id': 188, 'nome': 'E-MAX - Restauração Onlay / Inlay em Dissilicato de lítio', 'score': 0.9434}, {'codigo': 222, 'id': 221, 'nome': 'Restauração Onlay / Inlay em Ceromero', 'score': 0.6591}, {'codigo': 221, 'id': 220, 'nome': 'Restauração Onlay / Inlay em Porcelana', 'score': 0.6067}]"
brana,,,Enceramento de diagn¢stico - (por elemento),02,41,0.0,,,,,sem_match_confiavel_no_easy_dental,40745,8200,"[{'codigo': 189, 'id': 189, 'nome': 'Enceramento de diagnóstico - (por elemento)', 'score': 0.9744}, {'codigo': 190, 'id': 190, 'nome': 'Enceramento de diagnóstico por elemento sob implante', 'score': 0.8352}, {'codigo': 129, 'id': 129, 'nome': 'Cirurgia para Odonto-secção - (por elemento)', 'score': 0.5823}]"
brana,,,Enceramento de diagn¢stico por elemento sob implante,02,1,0.0,,,,,sem_match_confiavel_no_easy_dental,40746,8210,"[{'codigo': 190, 'id': 190, 'nome': 'Enceramento de diagnóstico por elemento sob implante', 'score': 0.9808}, {'codigo': 189, 'id': 189, 'nome': 'Enceramento de diagnóstico - (por elemento)', 'score': 0.8352}, {'codigo': 184, 'id': 184, 'nome': 'Coroa Provisória de Laboratório sob implante', 'score': 0.5417}]"
brana,,,Jig ou Front-Plat,07,37,0.0,,,,,sem_match_confiavel_no_easy_dental,40750,8250,"[{'codigo': 194, 'id': 194, 'nome': 'Jig ou Front-Platô', 'score': 0.9444}, {'codigo': 125, 'id': 125, 'nome': 'Aumento de Coroa Clínica - (Plastia)', 'score': 0.4}, {'codigo': 129, 'id': 129, 'nome': 'Cirurgia para Odonto-secção - (por elemento)', 'score': 0.3793}]"
brana,,,MunhÆo Universal - CM,01,14,0.0,,,,,sem_match_confiavel_no_easy_dental,40751,8151,"[{'codigo': 195, 'id': 195, 'nome': 'Munhão Universal - CM', 'score': 0.9474}, {'codigo': 282, 'id': 281, 'nome': 'Manutenção ortodôntico - (Mensal)', 'score': 0.4583}, {'codigo': 54, 'id': 54, 'nome': 'Núcleo rosqueavel - (Roach)', 'score': 0.4286}]"
brana,,,N£cleo Metal-free esttico,01,14,0.0,,,,,sem_match_confiavel_no_easy_dental,40752,8270,"[{'codigo': 196, 'id': 196, 'nome': 'Núcleo Metal-free estético', 'score': 0.9231}, {'codigo': 49, 'id': 49, 'nome': 'Núcleo de preenchimento', 'score': 0.5714}, {'codigo': 197, 'id': 197, 'nome': 'Núcleo Metálico-fundido', 'score': 0.5306}]"
brana,,,N£cleo Met lico-fundido,02,14,0.0,,,,,sem_match_confiavel_no_easy_dental,40753,8260,"[{'codigo': 197, 'id': 197, 'nome': 'Núcleo Metálico-fundido', 'score': 0.913}, {'codigo': 335, 'id': 334, 'nome': 'Núcleo Metálico fundido bi-partido', 'score': 0.7368}, {'codigo': 98, 'id': 98, 'nome': 'Cimentação de Núcleo Metálico Fundido', 'score': 0.7}]"
brana,,,Placa para Bruxismo Acr¡lica,07,37,0.0,,,,,sem_match_confiavel_no_easy_dental,40755,8300,"[{'codigo': 200, 'id': 199, 'nome': 'Placa para Bruxismo Acrílica', 'score': 0.9643}, {'codigo': 104, 'id': 104, 'nome': 'Consulta Inicial para Exame clínico', 'score': 0.5397}, {'codigo': 304, 'id': 303, 'nome': 'Placa de ocupação lingual', 'score': 0.4906}]"
brana,,,Pr¢tese Parcial Fixa Adesiva Metal-free,02,7,0.0,,,,,sem_match_confiavel_no_easy_dental,40758,8320,"[{'codigo': 203, 'id': 202, 'nome': 'Prótese Parcial Fixa Adesiva Metal-free', 'score': 0.9744}, {'codigo': 204, 'id': 203, 'nome': 'Prótese Parcial Fixa Acrilica sob Implante', 'score': 0.642}, {'codigo': 205, 'id': 204, 'nome': 'Prótese Parcial Fixa Metalo-cerâmica - (1 Pôntico)', 'score': 0.6353}]"
brana,,,Pr¢tese Parcial Fixa Acrilica sob Implante,02,7,0.0,,,,,sem_match_confiavel_no_easy_dental,40759,8330,"[{'codigo': 204, 'id': 203, 'nome': 'Prótese Parcial Fixa Acrilica sob Implante', 'score': 0.9762}, {'codigo': 205, 'id': 204, 'nome': 'Prótese Parcial Fixa Metalo-cerâmica - (1 Pôntico)', 'score': 0.7045}, {'codigo': 206, 'id': 205, 'nome': 'Prótese Parcial Fixa Metalo-cerâmica - (2 Pônticos)', 'score': 0.6966}]"
brana,,,Pr¢tese Parcial Fixa Metalo-cermica - (1 Pntico),02,5,0.0,,,,,sem_match_confiavel_no_easy_dental,40760,8340,"[{'codigo': 205, 'id': 204, 'nome': 'Prótese Parcial Fixa Metalo-cerâmica - (1 Pôntico)', 'score': 0.9348}, {'codigo': 206, 'id': 205, 'nome': 'Prótese Parcial Fixa Metalo-cerâmica - (2 Pônticos)', 'score': 0.9032}, {'codigo': 207, 'id': 206, 'nome': 'Prótese Parcial Fixa Metalo-plastica - (1 Pôntico)', 'score': 0.8478}]"
brana,,,Pr¢tese Parcial Fixa Metalo-cermica - (2 Pnticos),02,5,0.0,,,,,sem_match_confiavel_no_easy_dental,40761,8350,"[{'codigo': 206, 'id': 205, 'nome': 'Prótese Parcial Fixa Metalo-cerâmica - (2 Pônticos)', 'score': 0.9362}, {'codigo': 205, 'id': 204, 'nome': 'Prótese Parcial Fixa Metalo-cerâmica - (1 Pôntico)', 'score': 0.9032}, {'codigo': 208, 'id': 207, 'nome': 'Prótese Parcial Fixa Metalo-plastica - (2 Pônticos)', 'score': 0.8511}]"
brana,,,Pr¢tese Parcial Fixa Metalo-plastica - (1 Pntico),02,5,0.0,,,,,sem_match_confiavel_no_easy_dental,40762,8360,"[{'codigo': 207, 'id': 206, 'nome': 'Prótese Parcial Fixa Metalo-plastica - (1 Pôntico)', 'score': 0.9565}, {'codigo': 208, 'id': 207, 'nome': 'Prótese Parcial Fixa Metalo-plastica - (2 Pônticos)', 'score': 0.9247}, {'codigo': 205, 'id': 204, 'nome': 'Prótese Parcial Fixa Metalo-cerâmica - (1 Pôntico)', 'score': 0.8478}]"
brana,,,Pr¢tese Parcial Fixa Metalo-plastica - (2 Pnticos),02,5,0.0,,,,,sem_match_confiavel_no_easy_dental,40763,8361,"[{'codigo': 208, 'id': 207, 'nome': 'Prótese Parcial Fixa Metalo-plastica - (2 Pônticos)', 'score': 0.9574}, {'codigo': 207, 'id': 206, 'nome': 'Prótese Parcial Fixa Metalo-plastica - (1 Pôntico)', 'score': 0.9247}, {'codigo': 206, 'id': 205, 'nome': 'Prótese Parcial Fixa Metalo-cerâmica - (2 Pônticos)', 'score': 0.8511}]"
brana,,,Pr¢tese Parcial Fixa Provis¢ria - (1 Pntico),02,5,0.0,,,,,sem_match_confiavel_no_easy_dental,40764,8370,"[{'codigo': 209, 'id': 208, 'nome': 'Prótese Parcial Fixa Provisória - (1 Pôntico)', 'score': 0.9268}, {'codigo': 205, 'id': 204, 'nome': 'Prótese Parcial Fixa Metalo-cerâmica - (1 Pôntico)', 'score': 0.7356}, {'codigo': 207, 'id': 206, 'nome': 'Prótese Parcial Fixa Metalo-plastica - (1 Pôntico)', 'score': 0.7356}]"
brana,,,Pr¢tese Parcial Remov¡vel - (Importada) / (por arcada),02,6,0.0,,,,,sem_match_confiavel_no_easy_dental,40765,8380,"[{'codigo': 210, 'id': 209, 'nome': 'Prótese Parcial Removível - (Importada) / (por arcada)', 'score': 0.9565}, {'codigo': 211, 'id': 210, 'nome': 'Prótese Parcial Removível - (por arcada)', 'score': 0.8293}, {'codigo': 212, 'id': 211, 'nome': 'Prótese Parcial Removível Provisória - (por arcada)', 'score': 0.8172}]"
brana,,,Pr¢tese Parcial Remov¡vel - (por arcada),02,6,0.0,,,,,sem_match_confiavel_no_easy_dental,40766,8390,"[{'codigo': 211, 'id': 210, 'nome': 'Prótese Parcial Removível - (por arcada)', 'score': 0.9444}, {'codigo': 210, 'id': 209, 'nome': 'Prótese Parcial Removível - (Importada) / (por arcada)', 'score': 0.8293}, {'codigo': 212, 'id': 211, 'nome': 'Prótese Parcial Removível Provisória - (por arcada)', 'score': 0.8193}]"
brana,,,Pr¢tese Parcial Remov¡vel Provis¢ria - (por arcada),02,6,0.0,,,,,sem_match_confiavel_no_easy_dental,40767,8400,"[{'codigo': 212, 'id': 211, 'nome': 'Prótese Parcial Removível Provisória - (por arcada)', 'score': 0.9362}, {'codigo': 211, 'id': 210, 'nome': 'Prótese Parcial Removível - (por arcada)', 'score': 0.8193}, {'codigo': 210, 'id': 209, 'nome': 'Prótese Parcial Removível - (Importada) / (por arcada)', 'score': 0.8172}]"
brana,,,Pr¢tese Total - (Importada) / (por arcada),02,24,0.0,,,,,sem_match_confiavel_no_easy_dental,40768,8410,"[{'codigo': 213, 'id': 212, 'nome': 'Prótese Total - (Importada) / (por arcada)', 'score': 0.9706}, {'codigo': 215, 'id': 214, 'nome': 'Prótese Total Imediada - (por arcada)', 'score': 0.8657}, {'codigo': 214, 'id': 213, 'nome': 'Prótese Total - (por arcada)', 'score': 0.7931}]"
brana,,,Pr¢tese Total - (por arcada),02,24,0.0,,,,,sem_match_confiavel_no_easy_dental,40769,8420,"[{'codigo': 214, 'id': 213, 'nome': 'Prótese Total - (por arcada)', 'score': 0.9583}, {'codigo': 215, 'id': 214, 'nome': 'Prótese Total Imediada - (por arcada)', 'score': 0.807}, {'codigo': 213, 'id': 212, 'nome': 'Prótese Total - (Importada) / (por arcada)', 'score': 0.7931}]"
brana,,,Pr¢tese Total Imediada - (por arcada),02,24,0.0,,,,,sem_match_confiavel_no_easy_dental,40770,8430,"[{'codigo': 215, 'id': 214, 'nome': 'Prótese Total Imediada - (por arcada)', 'score': 0.9697}, {'codigo': 213, 'id': 212, 'nome': 'Prótese Total - (Importada) / (por arcada)', 'score': 0.8657}, {'codigo': 214, 'id': 213, 'nome': 'Prótese Total - (por arcada)', 'score': 0.807}]"
brana,,,Pr¢tese Protocolo,02,24,0.0,,,,,sem_match_confiavel_no_easy_dental,40772,8440,"[{'codigo': 217, 'id': 216, 'nome': 'Prótese Protocolo', 'score': 0.9412}, {'codigo': 214, 'id': 213, 'nome': 'Prótese Total - (por arcada)', 'score': 0.5366}, {'codigo': 211, 'id': 210, 'nome': 'Prótese Parcial Removível - (por arcada)', 'score': 0.4528}]"
brana,,,Reembasamento de Coroa Provis¢ria,02,57,0.0,,,,,sem_match_confiavel_no_easy_dental,40773,8450,"[{'codigo': 218, 'id': 217, 'nome': 'Reembasamento de Coroa Provisória', 'score': 0.9697}, {'codigo': 97, 'id': 97, 'nome': 'Cimentação de Coroa Total Provisória', 'score': 0.6957}, {'codigo': 219, 'id': 218, 'nome': 'Reembasamento Prótese Total ou Parcial', 'score': 0.6479}]"
brana,,,Reembasamento Pr¢tese Total ou Parcial,01,42,0.0,,,,,sem_match_confiavel_no_easy_dental,40774,8460,"[{'codigo': 219, 'id': 218, 'nome': 'Reembasamento Prótese Total ou Parcial', 'score': 0.9737}, {'codigo': 168, 'id': 168, 'nome': 'Conserto de Prótese Total e Parcial', 'score': 0.6849}, {'codigo': 214, 'id': 213, 'nome': 'Prótese Total - (por arcada)', 'score': 0.6129}]"
brana,,,RestauraÆo Met lica Fundida - RMF,02,2,0.0,,,,,sem_match_confiavel_no_easy_dental,40775,8470,"[{'codigo': 220, 'id': 219, 'nome': 'Restauração Metálica Fundida - RMF', 'score': 0.9062}, {'codigo': 197, 'id': 197, 'nome': 'Núcleo Metálico-fundido', 'score': 0.5818}, {'codigo': 335, 'id': 334, 'nome': 'Núcleo Metálico fundido bi-partido', 'score': 0.5455}]"
brana,,,RestauraÆo Onlay / Inlay em Porcelana,02,2,0.0,,,,,sem_match_confiavel_no_easy_dental,40776,8480,"[{'codigo': 221, 'id': 220, 'nome': 'Restauração Onlay / Inlay em Porcelana', 'score': 0.9444}, {'codigo': 222, 'id': 221, 'nome': 'Restauração Onlay / Inlay em Ceromero', 'score': 0.7606}, {'codigo': 188, 'id': 188, 'nome': 'E-MAX - Restauração Onlay / Inlay em Dissilicato de lítio', 'score': 0.6292}]"
brana,,,RestauraÆo Onlay / Inlay em Ceromero,02,2,0.0,,,,,sem_match_confiavel_no_easy_dental,40777,8490,"[{'codigo': 222, 'id': 221, 'nome': 'Restauração Onlay / Inlay em Ceromero', 'score': 0.9429}, {'codigo': 221, 'id': 220, 'nome': 'Restauração Onlay / Inlay em Porcelana', 'score': 0.7606}, {'codigo': 188, 'id': 188, 'nome': 'E-MAX - Restauração Onlay / Inlay em Dissilicato de lítio', 'score': 0.6364}]"
brana,,,Aparelho de contenÆo,07,37,0.0,,,,,sem_match_confiavel_no_easy_dental,40780,225,"[{'codigo': 225, 'id': 224, 'nome': 'Aparelho de contenção', 'score': 0.9048}, {'codigo': 291, 'id': 290, 'nome': 'Placa com arco de contenção de Baag', 'score': 0.5357}, {'codigo': 290, 'id': 289, 'nome': 'Placa com arco de contenção contínua', 'score': 0.5263}]"
brana,,,Aparelho Ortodntico Esttico em Porcelana - (Arcada Inferior),07,22,0.0,,,,,sem_match_confiavel_no_easy_dental,40783,228,"[{'codigo': 228, 'id': 227, 'nome': 'Aparelho Ortodôntico Estético em Porcelana - (Arcada Inferior)', 'score': 0.9655}, {'codigo': 229, 'id': 228, 'nome': 'Aparelho Ortodôntico Estético em Porcelana - (Arcada Superior)', 'score': 0.9138}, {'codigo': 230, 'id': 229, 'nome': 'Aparelho Ortodôntico Estético em Zafira - (Arcada Inferior)', 'score': 0.8673}]"
brana,,,Aparelho Ortodntico Esttico em Porcelana - (Arcada Superior),07,22,0.0,,,,,sem_match_confiavel_no_easy_dental,40784,229,"[{'codigo': 229, 'id': 228, 'nome': 'Aparelho Ortodôntico Estético em Porcelana - (Arcada Superior)', 'score': 0.9655}, {'codigo': 228, 'id': 227, 'nome': 'Aparelho Ortodôntico Estético em Porcelana - (Arcada Inferior)', 'score': 0.9138}, {'codigo': 231, 'id': 230, 'nome': 'Aparelho Ortodôntico Estético em Zafira - (Arcada Superior)', 'score': 0.8673}]"
brana,,,Aparelho Ortodntico Esttico em Zafira - (Arcada Inferior),07,22,0.0,,,,,sem_match_confiavel_no_easy_dental,40785,230,"[{'codigo': 230, 'id': 229, 'nome': 'Aparelho Ortodôntico Estético em Zafira - (Arcada Inferior)', 'score': 0.9636}, {'codigo': 231, 'id': 230, 'nome': 'Aparelho Ortodôntico Estético em Zafira - (Arcada Superior)', 'score': 0.9091}, {'codigo': 228, 'id': 227, 'nome': 'Aparelho Ortodôntico Estético em Porcelana - (Arcada Inferior)', 'score': 0.8673}]"
brana,,,Aparelho Ortodntico Esttico em Zafira - (Arcada Superior),07,22,0.0,,,,,sem_match_confiavel_no_easy_dental,40786,231,"[{'codigo': 231, 'id': 230, 'nome': 'Aparelho Ortodôntico Estético em Zafira - (Arcada Superior)', 'score': 0.9636}, {'codigo': 230, 'id': 229, 'nome': 'Aparelho Ortodôntico Estético em Zafira - (Arcada Inferior)', 'score': 0.9091}, {'codigo': 229, 'id': 228, 'nome': 'Aparelho Ortodôntico Estético em Porcelana - (Arcada Superior)', 'score': 0.8673}]"
brana,,,Aparelho Ortodntico Fixo - (Arcada Inferior),07,22,0.0,,,,,sem_match_confiavel_no_easy_dental,40787,232,"[{'codigo': 232, 'id': 231, 'nome': 'Aparelho Ortodôntico Fixo - (Arcada Inferior)', 'score': 0.9756}, {'codigo': 233, 'id': 232, 'nome': 'Aparelho Ortodôntico Fixo - (Arcada Superior)', 'score': 0.9024}, {'codigo': 230, 'id': 229, 'nome': 'Aparelho Ortodôntico Estético em Zafira - (Arcada Inferior)', 'score': 0.7917}]"
brana,,,Aparelho Ortodntico Fixo - (Arcada Superior),07,22,0.0,,,,,sem_match_confiavel_no_easy_dental,40788,233,"[{'codigo': 233, 'id': 232, 'nome': 'Aparelho Ortodôntico Fixo - (Arcada Superior)', 'score': 0.9756}, {'codigo': 232, 'id': 231, 'nome': 'Aparelho Ortodôntico Fixo - (Arcada Inferior)', 'score': 0.9024}, {'codigo': 231, 'id': 230, 'nome': 'Aparelho Ortodôntico Estético em Zafira - (Arcada Superior)', 'score': 0.7917}]"
brana,,,Ativador de Zurick - Su¡a,07,22,0.0,,,,,sem_match_confiavel_no_easy_dental,40795,240,"[{'codigo': 240, 'id': 239, 'nome': 'Ativador de Zurick - Suíça', 'score': 0.9167}, {'codigo': 281, 'id': 280, 'nome': 'Mantenedor de espaço', 'score': 0.5}, {'codigo': 323, 'id': 322, 'nome': 'Alinhadores Estéticos', 'score': 0.4889}]"
brana,,,Bi-hlice,07,37,0.0,,,,,sem_match_confiavel_no_easy_dental,40801,246,"[{'codigo': 246, 'id': 245, 'nome': 'Bi-hélice', 'score': 0.8889}, {'codigo': 313, 'id': 312, 'nome': 'Quadri-hélice', 'score': 0.6364}, {'codigo': 3, 'id': 3, 'nome': 'Biópsia', 'score': 0.375}]"
brana,,,BotÆo de Nance,07,22,0.0,,,,,sem_match_confiavel_no_easy_dental,40810,255,"[{'codigo': 255, 'id': 254, 'nome': 'Botão de Nance', 'score': 0.9286}, {'codigo': 117, 'id': 117, 'nome': 'Remoção de implante', 'score': 0.5455}, {'codigo': 78, 'id': 78, 'nome': 'Desobturação de canal', 'score': 0.5143}]"
brana,,,ContenÆo Fixa Lingual,01,29,0.0,,,,,sem_match_confiavel_no_easy_dental,40815,260,"[{'codigo': 260, 'id': 259, 'nome': 'Contenção Fixa Lingual', 'score': 0.9091}, {'codigo': 304, 'id': 303, 'nome': 'Placa de ocupação lingual', 'score': 0.4681}, {'codigo': 16, 'id': 16, 'nome': 'Excisão de glândula sublingual', 'score': 0.4615}]"
brana,,,ContenÆo m¢vel - (Placa de acet to),07,37,0.0,,,,,sem_match_confiavel_no_easy_dental,40816,261,"[{'codigo': 261, 'id': 260, 'nome': 'Contenção móvel - (Placa de acetáto)', 'score': 0.875}, {'codigo': 160, 'id': 160, 'nome': 'Controle da Placa Bacteriana - (por sessão)', 'score': 0.507}, {'codigo': 185, 'id': 185, 'nome': 'Coroa metálica total', 'score': 0.4615}]"
brana,,,Distabilizador Pendex com Pndulo,07,37,0.0,,,,,sem_match_confiavel_no_easy_dental,40823,268,"[{'codigo': 268, 'id': 267, 'nome': 'Distabilizador Pendex com Pêndulo', 'score': 0.9697}, {'codigo': 31, 'id': 31, 'nome': 'Marzupialização de cisto', 'score': 0.4561}, {'codigo': 67, 'id': 67, 'nome': 'Tratamento Expectante com H. Cálcio', 'score': 0.4478}]"
brana,,,DocumentaÆo ortodntica,07,43,0.0,,,,,sem_match_confiavel_no_easy_dental,40825,270,"[{'codigo': 270, 'id': 269, 'nome': 'Documentação ortodôntica', 'score': 0.875}, {'codigo': 96, 'id': 96, 'nome': 'Cimentação de Coroa Total Definitiva', 'score': 0.5667}, {'codigo': 282, 'id': 281, 'nome': 'Manutenção ortodôntico - (Mensal)', 'score': 0.566}]"
brana,,,Grade palatina m¢vel,07,37,0.0,,,,,sem_match_confiavel_no_easy_dental,40831,276,"[{'codigo': 276, 'id': 275, 'nome': 'Grade palatina móvel', 'score': 0.95}, {'codigo': 304, 'id': 303, 'nome': 'Placa de ocupação lingual', 'score': 0.4889}, {'codigo': 4, 'id': 4, 'nome': 'Cirurgia de Hipertrofia de Lábio', 'score': 0.4615}]"
brana,,,Mantenedor de espao,09,19,0.0,,,,,sem_match_confiavel_no_easy_dental,40836,281,"[{'codigo': 281, 'id': 280, 'nome': 'Mantenedor de espaço', 'score': 0.95}, {'codigo': 309, 'id': 308, 'nome': 'Placa mantenedora de espaço.', 'score': 0.8085}, {'codigo': 310, 'id': 309, 'nome': 'Placa recuperadora de espaço', 'score': 0.625}]"
brana,,,ManutenÆo ortodntico - (Mensal),07,23,0.0,,,,,sem_match_confiavel_no_easy_dental,40837,282,"[{'codigo': 282, 'id': 281, 'nome': 'Manutenção ortodôntico - (Mensal)', 'score': 0.8966}, {'codigo': 270, 'id': 269, 'nome': 'Documentação ortodôntica', 'score': 0.566}, {'codigo': 336, 'id': 335, 'nome': 'Remoção de aparelho ortodontico fixo.', 'score': 0.4923}]"
brana,,,Placa com arco ala dupla para expanÆo Y,07,37,0.0,,,,,sem_match_confiavel_no_easy_dental,40844,289,"[{'codigo': 289, 'id': 288, 'nome': 'Placa com arco alça dupla para expanção Y', 'score': 0.9268}, {'codigo': 290, 'id': 289, 'nome': 'Placa com arco de contenção contínua', 'score': 0.5195}, {'codigo': 291, 'id': 290, 'nome': 'Placa com arco de contenção de Baag', 'score': 0.5}]"
brana,,,Placa com arco de contenÆo cont¡nua,07,37,0.0,,,,,sem_match_confiavel_no_easy_dental,40845,290,"[{'codigo': 290, 'id': 289, 'nome': 'Placa com arco de contenção contínua', 'score': 0.9167}, {'codigo': 291, 'id': 290, 'nome': 'Placa com arco de contenção de Baag', 'score': 0.7606}, {'codigo': 225, 'id': 224, 'nome': 'Aparelho de contenção', 'score': 0.5263}]"
brana,,,Placa com arco de contenÆo de Baag,07,37,0.0,,,,,sem_match_confiavel_no_easy_dental,40846,291,"[{'codigo': 291, 'id': 290, 'nome': 'Placa com arco de contenção de Baag', 'score': 0.9429}, {'codigo': 290, 'id': 289, 'nome': 'Placa com arco de contenção contínua', 'score': 0.7606}, {'codigo': 225, 'id': 224, 'nome': 'Aparelho de contenção', 'score': 0.5357}]"
brana,,,Placa de Apnia,07,37,0.0,,,,,sem_match_confiavel_no_easy_dental,40852,297,"[{'codigo': 297, 'id': 296, 'nome': 'Placa de Apnéia', 'score': 0.9333}, {'codigo': 298, 'id': 297, 'nome': 'Placa de ativação mandibular', 'score': 0.6047}, {'codigo': 304, 'id': 303, 'nome': 'Placa de ocupação lingual', 'score': 0.6}]"
brana,,,Placa de ativaÆo mandibular,07,37,0.0,,,,,sem_match_confiavel_no_easy_dental,40853,298,"[{'codigo': 298, 'id': 297, 'nome': 'Placa de ativação mandibular', 'score': 0.9286}, {'codigo': 306, 'id': 305, 'nome': 'Placa dupla de avanço - Piamant', 'score': 0.5965}, {'codigo': 297, 'id': 296, 'nome': 'Placa de Apnéia', 'score': 0.5581}]"
brana,,,Placa de expansÆo para mordida cruzada,07,37,0.0,,,,,sem_match_confiavel_no_easy_dental,40855,300,"[{'codigo': 300, 'id': 299, 'nome': 'Placa de expansão para mordida cruzada', 'score': 0.9737}, {'codigo': 200, 'id': 199, 'nome': 'Placa para Bruxismo Acrílica', 'score': 0.5152}, {'codigo': 306, 'id': 305, 'nome': 'Placa dupla de avanço - Piamant', 'score': 0.4776}]"
brana,,,Placa de ocupaÆo lingual,01,37,0.0,,,,,sem_match_confiavel_no_easy_dental,40859,304,"[{'codigo': 304, 'id': 303, 'nome': 'Placa de ocupação lingual', 'score': 0.92}, {'codigo': 297, 'id': 296, 'nome': 'Placa de Apnéia', 'score': 0.55}, {'codigo': 16, 'id': 16, 'nome': 'Excisão de glândula sublingual', 'score': 0.5455}]"
brana,,,Placa dupla de avano - Piamant,07,37,0.0,,,,,sem_match_confiavel_no_easy_dental,40861,306,"[{'codigo': 306, 'id': 305, 'nome': 'Placa dupla de avanço - Piamant', 'score': 0.9655}, {'codigo': 298, 'id': 297, 'nome': 'Placa de ativação mandibular', 'score': 0.5965}, {'codigo': 297, 'id': 296, 'nome': 'Placa de Apnéia', 'score': 0.5909}]"
brana,,,Placa interceptora de h bito,07,37,0.0,,,,,sem_match_confiavel_no_easy_dental,40862,307,"[{'codigo': 307, 'id': 306, 'nome': 'Placa interceptora de hábito', 'score': 0.9643}, {'codigo': 309, 'id': 308, 'nome': 'Placa mantenedora de espaço.', 'score': 0.6545}, {'codigo': 310, 'id': 309, 'nome': 'Placa recuperadora de espaço', 'score': 0.5714}]"
brana,,,Placa mantenedora de espao.,09,19,0.0,,,,,sem_match_confiavel_no_easy_dental,40864,309,"[{'codigo': 309, 'id': 308, 'nome': 'Placa mantenedora de espaço.', 'score': 0.963}, {'codigo': 281, 'id': 280, 'nome': 'Mantenedor de espaço', 'score': 0.8085}, {'codigo': 310, 'id': 309, 'nome': 'Placa recuperadora de espaço', 'score': 0.7273}]"
brana,,,Placa recuperadora de espao,09,19,0.0,,,,,sem_match_confiavel_no_easy_dental,40865,310,"[{'codigo': 310, 'id': 309, 'nome': 'Placa recuperadora de espaço', 'score': 0.9643}, {'codigo': 309, 'id': 308, 'nome': 'Placa mantenedora de espaço.', 'score': 0.7636}, {'codigo': 281, 'id': 280, 'nome': 'Mantenedor de espaço', 'score': 0.625}]"
brana,,,Quadri-hlice,07,37,0.0,,,,,sem_match_confiavel_no_easy_dental,40868,313,"[{'codigo': 313, 'id': 312, 'nome': 'Quadri-hélice', 'score': 0.9231}, {'codigo': 246, 'id': 245, 'nome': 'Bi-hélice', 'score': 0.6364}, {'codigo': 39, 'id': 39, 'nome': 'Adequação de meio bucal', 'score': 0.3889}]"
brana,,,"Vilma Simäes - SN1, SN2, SN3, SN4, SN5",07,37,0.0,,,,,sem_match_confiavel_no_easy_dental,40871,316,"[{'codigo': 316, 'id': 315, 'nome': 'Vilma Simões - SN1, SN2, SN3, SN4, SN5', 'score': 0.9688}, {'codigo': 317, 'id': 316, 'nome': 'Vilma Simões - SN6, SN7', 'score': 0.6538}, {'codigo': 35, 'id': 35, 'nome': 'Suturas simples da face ou lábio', 'score': 0.3438}]"
brana,,,"Vilma Simäes - SN6, SN7",07,37,0.0,,,,,sem_match_confiavel_no_easy_dental,40872,317,"[{'codigo': 317, 'id': 316, 'nome': 'Vilma Simões - SN6, SN7', 'score': 0.95}, {'codigo': 316, 'id': 315, 'nome': 'Vilma Simões - SN1, SN2, SN3, SN4, SN5', 'score': 0.6538}, {'codigo': 35, 'id': 35, 'nome': 'Suturas simples da face ou lábio', 'score': 0.3462}]"
brana,,,Alinhadores Estticos,07,22,0.0,,,,,sem_match_confiavel_no_easy_dental,40878,323,"[{'codigo': 323, 'id': 322, 'nome': 'Alinhadores Estéticos', 'score': 0.9524}, {'codigo': 196, 'id': 196, 'nome': 'Núcleo Metal-free estético', 'score': 0.5106}, {'codigo': 156, 'id': 156, 'nome': 'Aplicação de Cariostático - (sessão)', 'score': 0.4906}]"
brana,,,Consulta de ReavaliaÆo Cl¡nica,05,10,0.0,,,,,sem_match_confiavel_no_easy_dental,40880,2081,"[{'codigo': 325, 'id': 324, 'nome': 'Consulta de Reavaliação Clínica', 'score': 0.9032}, {'codigo': 100, 'id': 100, 'nome': 'Consulta de adaptação Psicológica', 'score': 0.6875}, {'codigo': 101, 'id': 101, 'nome': 'Consulta de Emergência', 'score': 0.566}]"
brana,,,Implante Zigom tico,13,9,0.0,,,,,sem_match_confiavel_no_easy_dental,40881,7060,"[{'codigo': 326, 'id': 325, 'nome': 'Implante Zigomático', 'score': 0.9474}, {'codigo': 112, 'id': 112, 'nome': 'Implante - (técnica de Sammers)', 'score': 0.5217}, {'codigo': 114, 'id': 114, 'nome': 'Implante ósseo integrável - Cone Morse', 'score': 0.5091}]"
brana,,,Coroa Provis¢ria Imediata sob implante,02,30,0.0,,,,,sem_match_confiavel_no_easy_dental,40883,8171,"[{'codigo': 328, 'id': 327, 'nome': 'Coroa Provisória Imediata sob implante', 'score': 0.9737}, {'codigo': 184, 'id': 184, 'nome': 'Coroa Provisória de Laboratório sob implante', 'score': 0.7805}, {'codigo': 182, 'id': 182, 'nome': 'Coroa Provisória Imediata', 'score': 0.7619}]"
brana,,,Fios de sustentaÆo,01,45,0.0,,,,,sem_match_confiavel_no_easy_dental,40884,9040,"[{'codigo': 329, 'id': 328, 'nome': 'Fios de sustentação', 'score': 0.8947}, {'codigo': 225, 'id': 224, 'nome': 'Aparelho de contenção', 'score': 0.45}, {'codigo': 19, 'id': 19, 'nome': 'Excisão de rânula', 'score': 0.4444}]"
brana,,,CimentaÆo adesiva,02,1,0.0,,,,,sem_match_confiavel_no_easy_dental,40886,2011,"[{'codigo': 331, 'id': 330, 'nome': 'Cimentação adesiva', 'score': 0.8889}, {'codigo': 99, 'id': 99, 'nome': 'Cimentação de Prótese Parcial Fixa', 'score': 0.5385}, {'codigo': 96, 'id': 96, 'nome': 'Cimentação de Coroa Total Definitiva', 'score': 0.5185}]"
brana,,,N£cleo Met lico fundido bi-partido,01,14,0.0,,,,,sem_match_confiavel_no_easy_dental,40890,8261,"[{'codigo': 335, 'id': 334, 'nome': 'Núcleo Metálico fundido bi-partido', 'score': 0.9412}, {'codigo': 197, 'id': 197, 'nome': 'Núcleo Metálico-fundido', 'score': 0.7368}, {'codigo': 98, 'id': 98, 'nome': 'Cimentação de Núcleo Metálico Fundido', 'score': 0.5915}]"
brana,,,RemoÆo de aparelho ortodontico fixo.,07,37,0.0,,,,,sem_match_confiavel_no_easy_dental,40891,336,"[{'codigo': 336, 'id': 335, 'nome': 'Remoção de aparelho ortodontico fixo.', 'score': 0.9444}, {'codigo': 232, 'id': 231, 'nome': 'Aparelho Ortodôntico Fixo - (Arcada Inferior)', 'score': 0.6234}, {'codigo': 233, 'id': 232, 'nome': 'Aparelho Ortodôntico Fixo - (Arcada Superior)', 'score': 0.6234}]"
brana,,,RegeneraÆo ¢ssea guiada - ROG,,25,0.0,,,,,sem_match_confiavel_no_easy_dental,40892,7070,"[{'codigo': 337, 'id': 336, 'nome': 'Regeneração óssea guiada - ROG', 'score': 0.8929}, {'codigo': 137, 'id': 137, 'nome': 'Enxerto Osseo RTG - (Regeneração Tecidual Guiada)', 'score': 0.5205}, {'codigo': 220, 'id': 219, 'nome': 'Restauração Metálica Fundida - RMF', 'score': 0.5}]"
