acao_futura_bloqueada,campos_atuais,campos_preservados,campos_propostos,candidatos_brana_por_codigo,candidatos_brana_por_nome,candidatos_easy_dental,candidatos_por_similaridade,codconv,codconv_easy,codigo,codigo_brana_atual,divergencias,especialidade,id,id_brana,justificativa,metodo_match,motivo_bloqueio,nivel_confianca,nome,nome_brana_atual,nome_easy,nroproctab,nroproctab_easy,posicao_relativa,preco,simbolo,status,tipo
apply,"{'codigo': 6010, 'especialidade': '06', 'nome': 'Alveoloplastica ou alveolotomia - (por sextante)', 'preco': 0.0, 'simbolo_grafico_legacy_id': 57}","['id', 'tabela_id', 'codigo', 'procedimento_generico_id', 'materiais_vinculados', 'fases_vinculadas', 'historicos', 'chaves_estrangeiras']",{'nome': 'Alveoloplastica ou alveolotomia - (por sextante)'},,,,,,6010,,6010,['codigo_nro'],,,40558,nome preservado como chave semantica; codigo varia entre CODCONV e NROPROCTAB conforme presenca de CODCONV,nome_exato + CODCONV,,M?DIA,,Alveoloplastica ou alveolotomia - (por sextante),Alveoloplastica ou alveolotomia - (por sextante),,2,,,,revisar,medio
apply,"{'codigo': 6040, 'especialidade': '06', 'nome': 'Cirurgia para Cisto de Desenvolvimento', 'preco': 0.0, 'simbolo_grafico_legacy_id': 45}","['id', 'tabela_id', 'codigo', 'procedimento_generico_id', 'materiais_vinculados', 'fases_vinculadas', 'historicos', 'chaves_estrangeiras']",{'nome': 'Cirurgia para Cisto de Desenvolvimento'},,,,,,6040,,6040,['codigo_nro'],,,40561,nome preservado como chave semantica; codigo varia entre CODCONV e NROPROCTAB conforme presenca de CODCONV,nome_exato + CODCONV,,M?DIA,,Cirurgia para Cisto de Desenvolvimento,Cirurgia para Cisto de Desenvolvimento,,5,,,,revisar,medio
apply,"{'codigo': 6050, 'especialidade': '06', 'nome': 'Cirurgia para Microstomia', 'preco': 0.0, 'simbolo_grafico_legacy_id': 45}","['id', 'tabela_id', 'codigo', 'procedimento_generico_id', 'materiais_vinculados', 'fases_vinculadas', 'historicos', 'chaves_estrangeiras']",{'nome': 'Cirurgia para Microstomia'},,,,,,6050,,6050,['codigo_nro'],,,40562,nome preservado como chave semantica; codigo varia entre CODCONV e NROPROCTAB conforme presenca de CODCONV,nome_exato + CODCONV,,M?DIA,,Cirurgia para Microstomia,Cirurgia para Microstomia,,6,,,,revisar,medio
apply,"{'codigo': 6060, 'especialidade': '06', 'nome': 'Cirurgia para Osteoma e Odontoma', 'preco': 0.0, 'simbolo_grafico_legacy_id': 45}","['id', 'tabela_id', 'codigo', 'procedimento_generico_id', 'materiais_vinculados', 'fases_vinculadas', 'historicos', 'chaves_estrangeiras']",{'nome': 'Cirurgia para Osteoma e Odontoma'},,,,,,6060,,6060,['codigo_nro'],,,40563,nome preservado como chave semantica; codigo varia entre CODCONV e NROPROCTAB conforme presenca de CODCONV,nome_exato + CODCONV,,M?DIA,,Cirurgia para Osteoma e Odontoma,Cirurgia para Osteoma e Odontoma,,7,,,,revisar,medio
apply,"{'codigo': 6070, 'especialidade': '06', 'nome': 'Cirurgia para torus palatino unilateral', 'preco': 0.0, 'simbolo_grafico_legacy_id': 45}","['id', 'tabela_id', 'codigo', 'procedimento_generico_id', 'materiais_vinculados', 'fases_vinculadas', 'historicos', 'chaves_estrangeiras']",{'nome': 'Cirurgia para torus palatino unilateral'},,,,,,6070,,6070,['codigo_nro'],,,40564,nome preservado como chave semantica; codigo varia entre CODCONV e NROPROCTAB conforme presenca de CODCONV,nome_exato + CODCONV,,M?DIA,,Cirurgia para torus palatino unilateral,Cirurgia para torus palatino unilateral,,8,,,,revisar,medio
apply,"{'codigo': 6080, 'especialidade': '06', 'nome': 'Ciurgia para torus mandibular bilateral', 'preco': 0.0, 'simbolo_grafico_legacy_id': 45}","['id', 'tabela_id', 'codigo', 'procedimento_generico_id', 'materiais_vinculados', 'fases_vinculadas', 'historicos', 'chaves_estrangeiras']",{'nome': 'Ciurgia para torus mandibular bilateral'},,,,,,6080,,6080,['codigo_nro'],,,40565,nome preservado como chave semantica; codigo varia entre CODCONV e NROPROCTAB conforme presenca de CODCONV,nome_exato + CODCONV,,M?DIA,,Ciurgia para torus mandibular bilateral,Ciurgia para torus mandibular bilateral,,9,,,,revisar,medio
apply,"{'codigo': 6100, 'especialidade': '06', 'nome': 'Cirurgia para torus palatino bilateral', 'preco': 0.0, 'simbolo_grafico_legacy_id': 45}","['id', 'tabela_id', 'codigo', 'procedimento_generico_id', 'materiais_vinculados', 'fases_vinculadas', 'historicos', 'chaves_estrangeiras']",{'nome': 'Cirurgia para torus palatino bilateral'},,,,,,6100,,6100,['codigo_nro'],,,40567,nome preservado como chave semantica; codigo varia entre CODCONV e NROPROCTAB conforme presenca de CODCONV,nome_exato + CODCONV,,M?DIA,,Cirurgia para torus palatino bilateral,Cirurgia para torus palatino bilateral,,11,,,,revisar,medio
apply,"{'codigo': 6120, 'especialidade': '06', 'nome': 'Drenagem de abcesso por via intra ou extra-oral', 'preco': 0.0, 'simbolo_grafico_legacy_id': 45}","['id', 'tabela_id', 'codigo', 'procedimento_generico_id', 'materiais_vinculados', 'fases_vinculadas', 'historicos', 'chaves_estrangeiras']",{'nome': 'Drenagem de abcesso por via intra ou extra-oral'},,,,,,6120,,6120,['codigo_nro'],,,40569,nome preservado como chave semantica; codigo varia entre CODCONV e NROPROCTAB conforme presenca de CODCONV,nome_exato + CODCONV,,M?DIA,,Drenagem de abcesso por via intra ou extra-oral,Drenagem de abcesso por via intra ou extra-oral,,13,,,,revisar,medio
apply,"{'codigo': 6210, 'especialidade': None, 'nome': 'Exodontia de incluso', 'preco': 0.0, 'simbolo_grafico_legacy_id': 13}","['id', 'tabela_id', 'codigo', 'procedimento_generico_id', 'materiais_vinculados', 'fases_vinculadas', 'historicos', 'chaves_estrangeiras']",{'nome': 'Exodontia de incluso'},,,,,,6210,,6210,['codigo_nro'],,,40578,nome preservado como chave semantica; codigo varia entre CODCONV e NROPROCTAB conforme presenca de CODCONV,nome_exato + CODCONV,,M?DIA,,Exodontia de incluso,Exodontia de incluso,,22,,,,revisar,medio
apply,"{'codigo': 6220, 'especialidade': None, 'nome': 'Exodontia de incluso impactado', 'preco': 0.0, 'simbolo_grafico_legacy_id': 13}","['id', 'tabela_id', 'codigo', 'procedimento_generico_id', 'materiais_vinculados', 'fases_vinculadas', 'historicos', 'chaves_estrangeiras']",{'nome': 'Exodontia de incluso impactado'},,,,,,6220,,6220,['codigo_nro'],,,40579,nome preservado como chave semantica; codigo varia entre CODCONV e NROPROCTAB conforme presenca de CODCONV,nome_exato + CODCONV,,M?DIA,,Exodontia de incluso impactado,Exodontia de incluso impactado,,23,,,,revisar,medio
apply,"{'codigo': 6230, 'especialidade': '06', 'nome': 'Exodontia de raiz residual', 'preco': 0.0, 'simbolo_grafico_legacy_id': 13}","['id', 'tabela_id', 'codigo', 'procedimento_generico_id', 'materiais_vinculados', 'fases_vinculadas', 'historicos', 'chaves_estrangeiras']",{'nome': 'Exodontia de raiz residual'},,,,,,6230,,6230,['codigo_nro'],,,40580,nome preservado como chave semantica; codigo varia entre CODCONV e NROPROCTAB conforme presenca de CODCONV,nome_exato + CODCONV,,M?DIA,,Exodontia de raiz residual,Exodontia de raiz residual,,24,,,,revisar,medio
apply,"{'codigo': 6240, 'especialidade': None, 'nome': 'Exodontia de raiz residual com retalho', 'preco': 0.0, 'simbolo_grafico_legacy_id': 13}","['id', 'tabela_id', 'codigo', 'procedimento_generico_id', 'materiais_vinculados', 'fases_vinculadas', 'historicos', 'chaves_estrangeiras']",{'nome': 'Exodontia de raiz residual com retalho'},,,,,,6240,,6240,['codigo_nro'],,,40581,nome preservado como chave semantica; codigo varia entre CODCONV e NROPROCTAB conforme presenca de CODCONV,nome_exato + CODCONV,,M?DIA,,Exodontia de raiz residual com retalho,Exodontia de raiz residual com retalho,,25,,,,revisar,medio
apply,"{'codigo': 6250, 'especialidade': None, 'nome': 'Exodontia de semi-incluso', 'preco': 0.0, 'simbolo_grafico_legacy_id': 13}","['id', 'tabela_id', 'codigo', 'procedimento_generico_id', 'materiais_vinculados', 'fases_vinculadas', 'historicos', 'chaves_estrangeiras']",{'nome': 'Exodontia de semi-incluso'},,,,,,6250,,6250,['codigo_nro'],,,40582,nome preservado como chave semantica; codigo varia entre CODCONV e NROPROCTAB conforme presenca de CODCONV,nome_exato + CODCONV,,M?DIA,,Exodontia de semi-incluso,Exodontia de semi-incluso,,26,,,,revisar,medio
apply,"{'codigo': 6260, 'especialidade': '06', 'nome': 'Exodontia + Enxerto + membrana', 'preco': 0.0, 'simbolo_grafico_legacy_id': 13}","['id', 'tabela_id', 'codigo', 'procedimento_generico_id', 'materiais_vinculados', 'fases_vinculadas', 'historicos', 'chaves_estrangeiras']",{'nome': 'Exodontia + Enxerto + membrana'},,,,,,6260,,6260,['codigo_nro'],,,40583,nome preservado como chave semantica; codigo varia entre CODCONV e NROPROCTAB conforme presenca de CODCONV,nome_exato + CODCONV,,M?DIA,,Exodontia + Enxerto + membrana,Exodontia + Enxerto + membrana,,27,,,,revisar,medio
apply,"{'codigo': 6270, 'especialidade': '06', 'nome': 'Exodontia simples - (Anteriores)', 'preco': 0.0, 'simbolo_grafico_legacy_id': 13}","['id', 'tabela_id', 'codigo', 'procedimento_generico_id', 'materiais_vinculados', 'fases_vinculadas', 'historicos', 'chaves_estrangeiras']",{'nome': 'Exodontia simples - (Anteriores)'},,,,,,6270,,6270,['codigo_nro'],,,40584,nome preservado como chave semantica; codigo varia entre CODCONV e NROPROCTAB conforme presenca de CODCONV,nome_exato + CODCONV,,M?DIA,,Exodontia simples - (Anteriores),Exodontia simples - (Anteriores),,28,,,,revisar,medio
apply,"{'codigo': 6280, 'especialidade': '06', 'nome': 'Exodontia simples - (Posteriores)', 'preco': 0.0, 'simbolo_grafico_legacy_id': 13}","['id', 'tabela_id', 'codigo', 'procedimento_generico_id', 'materiais_vinculados', 'fases_vinculadas', 'historicos', 'chaves_estrangeiras']",{'nome': 'Exodontia simples - (Posteriores)'},,,,,,6280,,6280,['codigo_nro'],,,40585,nome preservado como chave semantica; codigo varia entre CODCONV e NROPROCTAB conforme presenca de CODCONV,nome_exato + CODCONV,,M?DIA,,Exodontia simples - (Posteriores),Exodontia simples - (Posteriores),,29,,,,revisar,medio
apply,"{'codigo': 6350, 'especialidade': '06', 'nome': 'Tratamento de alveolite', 'preco': 0.0, 'simbolo_grafico_legacy_id': 57}","['id', 'tabela_id', 'codigo', 'procedimento_generico_id', 'materiais_vinculados', 'fases_vinculadas', 'historicos', 'chaves_estrangeiras']",{'nome': 'Tratamento de alveolite'},,,,,,6350,,6350,['codigo_nro'],,,40592,nome preservado como chave semantica; codigo varia entre CODCONV e NROPROCTAB conforme presenca de CODCONV,nome_exato + CODCONV,,M?DIA,,Tratamento de alveolite,Tratamento de alveolite,,36,,,,revisar,medio
apply,"{'codigo': 6360, 'especialidade': '06', 'nome': 'Tratamento de hemorragia', 'preco': 0.0, 'simbolo_grafico_legacy_id': 45}","['id', 'tabela_id', 'codigo', 'procedimento_generico_id', 'materiais_vinculados', 'fases_vinculadas', 'historicos', 'chaves_estrangeiras']",{'nome': 'Tratamento de hemorragia'},,,,,,6360,,6360,['codigo_nro'],,,40593,nome preservado como chave semantica; codigo varia entre CODCONV e NROPROCTAB conforme presenca de CODCONV,nome_exato + CODCONV,,M?DIA,,Tratamento de hemorragia,Tratamento de hemorragia,,37,,,,revisar,medio
apply,"{'codigo': 5020, 'especialidade': '02', 'nome': 'Capeamento pulpar', 'preco': 0.0, 'simbolo_grafico_legacy_id': 53}","['id', 'tabela_id', 'codigo', 'procedimento_generico_id', 'materiais_vinculados', 'fases_vinculadas', 'historicos', 'chaves_estrangeiras']",{'nome': 'Capeamento pulpar'},,,,,,5020,,5020,['codigo_nro'],,,40597,nome preservado como chave semantica; codigo varia entre CODCONV e NROPROCTAB conforme presenca de CODCONV,nome_exato + CODCONV,,M?DIA,,Capeamento pulpar,Capeamento pulpar,,41,,,,revisar,medio
apply,"{'codigo': 5030, 'especialidade': None, 'nome': 'Clareamento - (Caseiro)', 'preco': 0.0, 'simbolo_grafico_legacy_id': 31}","['id', 'tabela_id', 'codigo', 'procedimento_generico_id', 'materiais_vinculados', 'fases_vinculadas', 'historicos', 'chaves_estrangeiras']",{'nome': 'Clareamento - (Caseiro)'},,,,,,5030,,5030,['codigo_nro'],,,40598,nome preservado como chave semantica; codigo varia entre CODCONV e NROPROCTAB conforme presenca de CODCONV,nome_exato + CODCONV,,M?DIA,,Clareamento - (Caseiro),Clareamento - (Caseiro),,42,,,,revisar,medio
apply,"{'codigo': 5040, 'especialidade': '01', 'nome': 'Clareamento - (Laser)', 'preco': 0.0, 'simbolo_grafico_legacy_id': 31}","['id', 'tabela_id', 'codigo', 'procedimento_generico_id', 'materiais_vinculados', 'fases_vinculadas', 'historicos', 'chaves_estrangeiras']",{'nome': 'Clareamento - (Laser)'},,,,,,5040,,5040,['codigo_nro'],,,40599,nome preservado como chave semantica; codigo varia entre CODCONV e NROPROCTAB conforme presenca de CODCONV,nome_exato + CODCONV,,M?DIA,,Clareamento - (Laser),Clareamento - (Laser),,43,,,,revisar,medio
apply,"{'codigo': 5050, 'especialidade': '01', 'nome': 'Clareamento interno - (dentes desvitalizados)', 'preco': 0.0, 'simbolo_grafico_legacy_id': 31}","['id', 'tabela_id', 'codigo', 'procedimento_generico_id', 'materiais_vinculados', 'fases_vinculadas', 'historicos', 'chaves_estrangeiras']",{'nome': 'Clareamento interno - (dentes desvitalizados)'},,,,,,5050,,5050,['codigo_nro'],,,40600,nome preservado como chave semantica; codigo varia entre CODCONV e NROPROCTAB conforme presenca de CODCONV,nome_exato + CODCONV,,M?DIA,,Clareamento interno - (dentes desvitalizados),Clareamento interno - (dentes desvitalizados),,44,,,,revisar,medio
apply,"{'codigo': 5070, 'especialidade': '01', 'nome': 'Faceta em resina direta - (Dentes anteriores)', 'preco': 0.0, 'simbolo_grafico_legacy_id': 39}","['id', 'tabela_id', 'codigo', 'procedimento_generico_id', 'materiais_vinculados', 'fases_vinculadas', 'historicos', 'chaves_estrangeiras']",{'nome': 'Faceta em resina direta - (Dentes anteriores)'},,,,,,5070,,5070,['codigo_nro'],,,40602,nome preservado como chave semantica; codigo varia entre CODCONV e NROPROCTAB conforme presenca de CODCONV,nome_exato + CODCONV,,M?DIA,,Faceta em resina direta - (Dentes anteriores),Faceta em resina direta - (Dentes anteriores),,46,,,,revisar,medio
apply,"{'codigo': 5150, 'especialidade': '04', 'nome': 'Polimento e Acabamento', 'preco': 0.0, 'simbolo_grafico_legacy_id': 59}","['id', 'tabela_id', 'codigo', 'procedimento_generico_id', 'materiais_vinculados', 'fases_vinculadas', 'historicos', 'chaves_estrangeiras']",{'nome': 'Polimento e Acabamento'},,,,,,5150,,5150,['codigo_nro'],,,40611,nome preservado como chave semantica; codigo varia entre CODCONV e NROPROCTAB conforme presenca de CODCONV,nome_exato + CODCONV,,M?DIA,,Polimento e Acabamento,Polimento e Acabamento,,55,,,,revisar,medio
apply,"{'codigo': 4000, 'especialidade': '06', 'nome': 'Apicectomia em Incisivos com enxerto leofilizado', 'preco': 0.0, 'simbolo_grafico_legacy_id': 15}","['id', 'tabela_id', 'codigo', 'procedimento_generico_id', 'materiais_vinculados', 'fases_vinculadas', 'historicos', 'chaves_estrangeiras']",{'nome': 'Apicectomia em Incisivos com enxerto leofilizado'},,,,,,4000,,4000,['codigo_nro'],,,40624,nome preservado como chave semantica; codigo varia entre CODCONV e NROPROCTAB conforme presenca de CODCONV,nome_exato + CODCONV,,M?DIA,,Apicectomia em Incisivos com enxerto leofilizado,Apicectomia em Incisivos com enxerto leofilizado,,68,,,,revisar,medio
apply,"{'codigo': 4020, 'especialidade': '06', 'nome': 'Apicectomia em Incisivos curetagem apical', 'preco': 0.0, 'simbolo_grafico_legacy_id': 15}","['id', 'tabela_id', 'codigo', 'procedimento_generico_id', 'materiais_vinculados', 'fases_vinculadas', 'historicos', 'chaves_estrangeiras']",{'nome': 'Apicectomia em Incisivos curetagem apical'},,,,,,4020,,4020,['codigo_nro'],,,40626,nome preservado como chave semantica; codigo varia entre CODCONV e NROPROCTAB conforme presenca de CODCONV,nome_exato + CODCONV,,M?DIA,,Apicectomia em Incisivos curetagem apical,Apicectomia em Incisivos curetagem apical,,70,,,,revisar,medio
apply,"{'codigo': 4030, 'especialidade': '06', 'nome': 'Apicectomia em Molares com enxerto leofilizado', 'preco': 0.0, 'simbolo_grafico_legacy_id': 15}","['id', 'tabela_id', 'codigo', 'procedimento_generico_id', 'materiais_vinculados', 'fases_vinculadas', 'historicos', 'chaves_estrangeiras']",{'nome': 'Apicectomia em Molares com enxerto leofilizado'},,,,,,4030,,4030,['codigo_nro'],,,40627,nome preservado como chave semantica; codigo varia entre CODCONV e NROPROCTAB conforme presenca de CODCONV,nome_exato + CODCONV,,M?DIA,,Apicectomia em Molares com enxerto leofilizado,Apicectomia em Molares com enxerto leofilizado,,71,,,,revisar,medio
apply,"{'codigo': 4050, 'especialidade': '06', 'nome': 'Apicectomia em Molares curetagem apical', 'preco': 0.0, 'simbolo_grafico_legacy_id': 15}","['id', 'tabela_id', 'codigo', 'procedimento_generico_id', 'materiais_vinculados', 'fases_vinculadas', 'historicos', 'chaves_estrangeiras']",{'nome': 'Apicectomia em Molares curetagem apical'},,,,,,4050,,4050,['codigo_nro'],,,40629,nome preservado como chave semantica; codigo varia entre CODCONV e NROPROCTAB conforme presenca de CODCONV,nome_exato + CODCONV,,M?DIA,,Apicectomia em Molares curetagem apical,Apicectomia em Molares curetagem apical,,73,,,,revisar,medio
apply,"{'codigo': 4090, 'especialidade': None, 'nome': 'Clareamento Interno', 'preco': 0.0, 'simbolo_grafico_legacy_id': 31}","['id', 'tabela_id', 'codigo', 'procedimento_generico_id', 'materiais_vinculados', 'fases_vinculadas', 'historicos', 'chaves_estrangeiras']",{'nome': 'Clareamento Interno'},,,,,,4090,,4090,['codigo_nro'],,,40633,nome preservado como chave semantica; codigo varia entre CODCONV e NROPROCTAB conforme presenca de CODCONV,nome_exato + CODCONV,,M?DIA,,Clareamento Interno,Clareamento Interno,,77,,,,revisar,medio
apply,"{'codigo': 4120, 'especialidade': '05', 'nome': 'Pulpotomia', 'preco': 0.0, 'simbolo_grafico_legacy_id': 48}","['id', 'tabela_id', 'codigo', 'procedimento_generico_id', 'materiais_vinculados', 'fases_vinculadas', 'historicos', 'chaves_estrangeiras']",{'nome': 'Pulpotomia'},,,,,,4120,,4120,['codigo_nro'],,,40636,nome preservado como chave semantica; codigo varia entre CODCONV e NROPROCTAB conforme presenca de CODCONV,nome_exato + CODCONV,,M?DIA,,Pulpotomia,Pulpotomia,,80,,,,revisar,medio
apply,"{'codigo': 4160, 'especialidade': '03', 'nome': 'Retratamento de Canal - (Incisivos)', 'preco': 0.0, 'simbolo_grafico_legacy_id': 12}","['id', 'tabela_id', 'codigo', 'procedimento_generico_id', 'materiais_vinculados', 'fases_vinculadas', 'historicos', 'chaves_estrangeiras']",{'nome': 'Retratamento de Canal - (Incisivos)'},,,,,,4160,,4160,['codigo_nro'],,,40640,nome preservado como chave semantica; codigo varia entre CODCONV e NROPROCTAB conforme presenca de CODCONV,nome_exato + CODCONV,,M?DIA,,Retratamento de Canal - (Incisivos),Retratamento de Canal - (Incisivos),,84,,,,revisar,medio
apply,"{'codigo': 4170, 'especialidade': None, 'nome': 'Retratamento de Canal - (Molares com 4 ou mais condutos)', 'preco': 0.0, 'simbolo_grafico_legacy_id': 12}","['id', 'tabela_id', 'codigo', 'procedimento_generico_id', 'materiais_vinculados', 'fases_vinculadas', 'historicos', 'chaves_estrangeiras']",{'nome': 'Retratamento de Canal - (Molares com 4 ou mais condutos)'},,,,,,4170,,4170,['codigo_nro'],,,40641,nome preservado como chave semantica; codigo varia entre CODCONV e NROPROCTAB conforme presenca de CODCONV,nome_exato + CODCONV,,M?DIA,,Retratamento de Canal - (Molares com 4 ou mais condutos),Retratamento de Canal - (Molares com 4 ou mais condutos),,85,,,,revisar,medio
apply,"{'codigo': 4180, 'especialidade': None, 'nome': 'Retratamento de Canal - (Molares)', 'preco': 0.0, 'simbolo_grafico_legacy_id': 12}","['id', 'tabela_id', 'codigo', 'procedimento_generico_id', 'materiais_vinculados', 'fases_vinculadas', 'historicos', 'chaves_estrangeiras']",{'nome': 'Retratamento de Canal - (Molares)'},,,,,,4180,,4180,['codigo_nro'],,,40642,nome preservado como chave semantica; codigo varia entre CODCONV e NROPROCTAB conforme presenca de CODCONV,nome_exato + CODCONV,,M?DIA,,Retratamento de Canal - (Molares),Retratamento de Canal - (Molares),,86,,,,revisar,medio
apply,"{'codigo': 4220, 'especialidade': '03', 'nome': 'Tratamento de Canal - (Incisivos)', 'preco': 0.0, 'simbolo_grafico_legacy_id': 12}","['id', 'tabela_id', 'codigo', 'procedimento_generico_id', 'materiais_vinculados', 'fases_vinculadas', 'historicos', 'chaves_estrangeiras']",{'nome': 'Tratamento de Canal - (Incisivos)'},,,,,,4220,,4220,['codigo_nro'],,,40646,nome preservado como chave semantica; codigo varia entre CODCONV e NROPROCTAB conforme presenca de CODCONV,nome_exato + CODCONV,,M?DIA,,Tratamento de Canal - (Incisivos),Tratamento de Canal - (Incisivos),,90,,,,revisar,medio
apply,"{'codigo': 4230, 'especialidade': None, 'nome': 'Tratamento de Canal - (Molares com mais de 3 condutos)', 'preco': 0.0, 'simbolo_grafico_legacy_id': 12}","['id', 'tabela_id', 'codigo', 'procedimento_generico_id', 'materiais_vinculados', 'fases_vinculadas', 'historicos', 'chaves_estrangeiras']",{'nome': 'Tratamento de Canal - (Molares com mais de 3 condutos)'},,,,,,4230,,4230,['codigo_nro'],,,40647,nome preservado como chave semantica; codigo varia entre CODCONV e NROPROCTAB conforme presenca de CODCONV,nome_exato + CODCONV,,M?DIA,,Tratamento de Canal - (Molares com mais de 3 condutos),Tratamento de Canal - (Molares com mais de 3 condutos),,91,,,,revisar,medio
apply,"{'codigo': 4240, 'especialidade': None, 'nome': 'Tratamento de Canal - (Molares)', 'preco': 0.0, 'simbolo_grafico_legacy_id': 12}","['id', 'tabela_id', 'codigo', 'procedimento_generico_id', 'materiais_vinculados', 'fases_vinculadas', 'historicos', 'chaves_estrangeiras']",{'nome': 'Tratamento de Canal - (Molares)'},,,,,,4240,,4240,['codigo_nro'],,,40648,nome preservado como chave semantica; codigo varia entre CODCONV e NROPROCTAB conforme presenca de CODCONV,nome_exato + CODCONV,,M?DIA,,Tratamento de Canal - (Molares),Tratamento de Canal - (Molares),,92,,,,revisar,medio
apply,"{'codigo': 2090, 'especialidade': '05', 'nome': 'Curativo', 'preco': 0.0, 'simbolo_grafico_legacy_id': 57}","['id', 'tabela_id', 'codigo', 'procedimento_generico_id', 'materiais_vinculados', 'fases_vinculadas', 'historicos', 'chaves_estrangeiras']",{'nome': 'Curativo'},,,,,,2090,,2090,['codigo_nro'],,,40661,nome preservado como chave semantica; codigo varia entre CODCONV e NROPROCTAB conforme presenca de CODCONV,nome_exato + CODCONV,,M?DIA,,Curativo,Curativo,,105,,,,revisar,medio
apply,"{'codigo': 2110, 'especialidade': '07', 'nome': 'Modelo de Estudo - (Superior e Infeiror)', 'preco': 0.0, 'simbolo_grafico_legacy_id': 41}","['id', 'tabela_id', 'codigo', 'procedimento_generico_id', 'materiais_vinculados', 'fases_vinculadas', 'historicos', 'chaves_estrangeiras']",{'nome': 'Modelo de Estudo - (Superior e Infeiror)'},,,,,,2110,,2110,['codigo_nro'],,,40663,nome preservado como chave semantica; codigo varia entre CODCONV e NROPROCTAB conforme presenca de CODCONV,nome_exato + CODCONV,,M?DIA,,Modelo de Estudo - (Superior e Infeiror),Modelo de Estudo - (Superior e Infeiror),,107,,,,revisar,medio
apply,"{'codigo': 2120, 'especialidade': '11', 'nome': 'Radiografia Bite-Wing - (inter-proximal)', 'preco': 0.0, 'simbolo_grafico_legacy_id': 11}","['id', 'tabela_id', 'codigo', 'procedimento_generico_id', 'materiais_vinculados', 'fases_vinculadas', 'historicos', 'chaves_estrangeiras']",{'nome': 'Radiografia Bite-Wing - (inter-proximal)'},,,,,,2120,,2120,['codigo_nro'],,,40664,nome preservado como chave semantica; codigo varia entre CODCONV e NROPROCTAB conforme presenca de CODCONV,nome_exato + CODCONV,,M?DIA,,Radiografia Bite-Wing - (inter-proximal),Radiografia Bite-Wing - (inter-proximal),,108,,,,revisar,medio
apply,"{'codigo': 2130, 'especialidade': '11', 'nome': 'Radiografia Oclusal', 'preco': 0.0, 'simbolo_grafico_legacy_id': 35}","['id', 'tabela_id', 'codigo', 'procedimento_generico_id', 'materiais_vinculados', 'fases_vinculadas', 'historicos', 'chaves_estrangeiras']",{'nome': 'Radiografia Oclusal'},,,,,,2130,,2130,['codigo_nro'],,,40665,nome preservado como chave semantica; codigo varia entre CODCONV e NROPROCTAB conforme presenca de CODCONV,nome_exato + CODCONV,,M?DIA,,Radiografia Oclusal,Radiografia Oclusal,,109,,,,revisar,medio
apply,"{'codigo': 2140, 'especialidade': '11', 'nome': 'Radiografia Periapical', 'preco': 0.0, 'simbolo_grafico_legacy_id': 11}","['id', 'tabela_id', 'codigo', 'procedimento_generico_id', 'materiais_vinculados', 'fases_vinculadas', 'historicos', 'chaves_estrangeiras']",{'nome': 'Radiografia Periapical'},,,,,,2140,,2140,['codigo_nro'],,,40666,nome preservado como chave semantica; codigo varia entre CODCONV e NROPROCTAB conforme presenca de CODCONV,nome_exato + CODCONV,,M?DIA,,Radiografia Periapical,Radiografia Periapical,,110,,,,revisar,medio
apply,"{'codigo': 7040, 'especialidade': '04', 'nome': 'Enxerto Osseo Particulado + Membrana colageno.', 'preco': 0.0, 'simbolo_grafico_legacy_id': 25}","['id', 'tabela_id', 'codigo', 'procedimento_generico_id', 'materiais_vinculados', 'fases_vinculadas', 'historicos', 'chaves_estrangeiras']",{'nome': 'Enxerto Osseo Particulado + Membrana colageno.'},,,,,,7040,,7040,['codigo_nro'],,,40667,nome preservado como chave semantica; codigo varia entre CODCONV e NROPROCTAB conforme presenca de CODCONV,nome_exato + CODCONV,,M?DIA,,Enxerto Osseo Particulado + Membrana colageno.,Enxerto Osseo Particulado + Membrana colageno.,,111,,,,revisar,medio
apply,"{'codigo': 7010, 'especialidade': '13', 'nome': 'Implante (RTG)', 'preco': 0.0, 'simbolo_grafico_legacy_id': 9}","['id', 'tabela_id', 'codigo', 'procedimento_generico_id', 'materiais_vinculados', 'fases_vinculadas', 'historicos', 'chaves_estrangeiras']",{'nome': 'Implante (RTG)'},,,,,,7010,,7010,['codigo_nro'],,,40669,nome preservado como chave semantica; codigo varia entre CODCONV e NROPROCTAB conforme presenca de CODCONV,nome_exato + CODCONV,,M?DIA,,Implante (RTG),Implante (RTG),,113,,,,revisar,medio
apply,"{'codigo': 3000, 'especialidade': '04', 'nome': 'Abertura de implante - (Giro de retalho)', 'preco': 0.0, 'simbolo_grafico_legacy_id': None}","['id', 'tabela_id', 'codigo', 'procedimento_generico_id', 'materiais_vinculados', 'fases_vinculadas', 'historicos', 'chaves_estrangeiras']",{'nome': 'Abertura de implante - (Giro de retalho)'},,,,,,3000,,3000,['codigo_nro'],,,40674,nome preservado como chave semantica; codigo varia entre CODCONV e NROPROCTAB conforme presenca de CODCONV,nome_exato + CODCONV,,M?DIA,,Abertura de implante - (Giro de retalho),Abertura de implante - (Giro de retalho),,118,,,,revisar,medio
apply,"{'codigo': 3010, 'especialidade': '06', 'nome': 'Abertura de implante - (Osteotomia)', 'preco': 0.0, 'simbolo_grafico_legacy_id': 45}","['id', 'tabela_id', 'codigo', 'procedimento_generico_id', 'materiais_vinculados', 'fases_vinculadas', 'historicos', 'chaves_estrangeiras']",{'nome': 'Abertura de implante - (Osteotomia)'},,,,,,3010,,3010,['codigo_nro'],,,40675,nome preservado como chave semantica; codigo varia entre CODCONV e NROPROCTAB conforme presenca de CODCONV,nome_exato + CODCONV,,M?DIA,,Abertura de implante - (Osteotomia),Abertura de implante - (Osteotomia),,119,,,,revisar,medio
apply,"{'codigo': 3020, 'especialidade': '06', 'nome': 'Abertura de implante - (Plastia)', 'preco': 0.0, 'simbolo_grafico_legacy_id': 17}","['id', 'tabela_id', 'codigo', 'procedimento_generico_id', 'materiais_vinculados', 'fases_vinculadas', 'historicos', 'chaves_estrangeiras']",{'nome': 'Abertura de implante - (Plastia)'},,,,,,3020,,3020,['codigo_nro'],,,40676,nome preservado como chave semantica; codigo varia entre CODCONV e NROPROCTAB conforme presenca de CODCONV,nome_exato + CODCONV,,M?DIA,,Abertura de implante - (Plastia),Abertura de implante - (Plastia),,120,,,,revisar,medio
apply,"{'codigo': 3030, 'especialidade': '04', 'nome': 'Abertura de implante mand. - (Enxerto Livre)', 'preco': 0.0, 'simbolo_grafico_legacy_id': 25}","['id', 'tabela_id', 'codigo', 'procedimento_generico_id', 'materiais_vinculados', 'fases_vinculadas', 'historicos', 'chaves_estrangeiras']",{'nome': 'Abertura de implante mand. - (Enxerto Livre)'},,,,,,3030,,3030,['codigo_nro'],,,40677,nome preservado como chave semantica; codigo varia entre CODCONV e NROPROCTAB conforme presenca de CODCONV,nome_exato + CODCONV,,M?DIA,,Abertura de implante mand. - (Enxerto Livre),Abertura de implante mand. - (Enxerto Livre),,121,,,,revisar,medio
apply,"{'codigo': 3040, 'especialidade': '06', 'nome': 'Abertura de implante mand. - (Osteotomia e Livre)', 'preco': 0.0, 'simbolo_grafico_legacy_id': 45}","['id', 'tabela_id', 'codigo', 'procedimento_generico_id', 'materiais_vinculados', 'fases_vinculadas', 'historicos', 'chaves_estrangeiras']",{'nome': 'Abertura de implante mand. - (Osteotomia e Livre)'},,,,,,3040,,3040,['codigo_nro'],,,40678,nome preservado como chave semantica; codigo varia entre CODCONV e NROPROCTAB conforme presenca de CODCONV,nome_exato + CODCONV,,M?DIA,,Abertura de implante mand. - (Osteotomia e Livre),Abertura de implante mand. - (Osteotomia e Livre),,122,,,,revisar,medio
apply,"{'codigo': 3080, 'especialidade': '04', 'nome': 'Bridectomia', 'preco': 0.0, 'simbolo_grafico_legacy_id': 26}","['id', 'tabela_id', 'codigo', 'procedimento_generico_id', 'materiais_vinculados', 'fases_vinculadas', 'historicos', 'chaves_estrangeiras']",{'nome': 'Bridectomia'},,,,,,3080,,3080,['codigo_nro'],,,40682,nome preservado como chave semantica; codigo varia entre CODCONV e NROPROCTAB conforme presenca de CODCONV,nome_exato + CODCONV,,M?DIA,,Bridectomia,Bridectomia,,126,,,,revisar,medio
apply,"{'codigo': 3120, 'especialidade': '06', 'nome': 'Cirurgia para Rizectomia', 'preco': 0.0, 'simbolo_grafico_legacy_id': 47}","['id', 'tabela_id', 'codigo', 'procedimento_generico_id', 'materiais_vinculados', 'fases_vinculadas', 'historicos', 'chaves_estrangeiras']",{'nome': 'Cirurgia para Rizectomia'},,,,,,3120,,3120,['codigo_nro'],,,40686,nome preservado como chave semantica; codigo varia entre CODCONV e NROPROCTAB conforme presenca de CODCONV,nome_exato + CODCONV,,M?DIA,,Cirurgia para Rizectomia,Cirurgia para Rizectomia,,130,,,,revisar,medio
apply,"{'codigo': 3140, 'especialidade': '04', 'nome': 'Cirurgia Periodontal a retalho - (1 elemento)', 'preco': 0.0, 'simbolo_grafico_legacy_id': 17}","['id', 'tabela_id', 'codigo', 'procedimento_generico_id', 'materiais_vinculados', 'fases_vinculadas', 'historicos', 'chaves_estrangeiras']",{'nome': 'Cirurgia Periodontal a retalho - (1 elemento)'},,,,,,3140,,3140,['codigo_nro'],,,40688,nome preservado como chave semantica; codigo varia entre CODCONV e NROPROCTAB conforme presenca de CODCONV,nome_exato + CODCONV,,M?DIA,,Cirurgia Periodontal a retalho - (1 elemento),Cirurgia Periodontal a retalho - (1 elemento),,132,,,,revisar,medio
apply,"{'codigo': 3150, 'especialidade': '04', 'nome': 'Cirurgia Periodontal a retalho - (por segmento)', 'preco': 0.0, 'simbolo_grafico_legacy_id': 17}","['id', 'tabela_id', 'codigo', 'procedimento_generico_id', 'materiais_vinculados', 'fases_vinculadas', 'historicos', 'chaves_estrangeiras']",{'nome': 'Cirurgia Periodontal a retalho - (por segmento)'},,,,,,3150,,3150,['codigo_nro'],,,40689,nome preservado como chave semantica; codigo varia entre CODCONV e NROPROCTAB conforme presenca de CODCONV,nome_exato + CODCONV,,M?DIA,,Cirurgia Periodontal a retalho - (por segmento),Cirurgia Periodontal a retalho - (por segmento),,133,,,,revisar,medio
apply,"{'codigo': 3160, 'especialidade': '01', 'nome': 'Cunha Distal ou Proximal', 'preco': 0.0, 'simbolo_grafico_legacy_id': 57}","['id', 'tabela_id', 'codigo', 'procedimento_generico_id', 'materiais_vinculados', 'fases_vinculadas', 'historicos', 'chaves_estrangeiras']",{'nome': 'Cunha Distal ou Proximal'},,,,,,3160,,3160,['codigo_nro'],,,40690,nome preservado como chave semantica; codigo varia entre CODCONV e NROPROCTAB conforme presenca de CODCONV,nome_exato + CODCONV,,M?DIA,,Cunha Distal ou Proximal,Cunha Distal ou Proximal,,134,,,,revisar,medio
apply,"{'codigo': 3170, 'especialidade': '04', 'nome': 'Enxerto de Tecido Conjuntivo', 'preco': 0.0, 'simbolo_grafico_legacy_id': 25}","['id', 'tabela_id', 'codigo', 'procedimento_generico_id', 'materiais_vinculados', 'fases_vinculadas', 'historicos', 'chaves_estrangeiras']",{'nome': 'Enxerto de Tecido Conjuntivo'},,,,,,3170,,3170,['codigo_nro'],,,40691,nome preservado como chave semantica; codigo varia entre CODCONV e NROPROCTAB conforme presenca de CODCONV,nome_exato + CODCONV,,M?DIA,,Enxerto de Tecido Conjuntivo,Enxerto de Tecido Conjuntivo,,135,,,,revisar,medio
apply,"{'codigo': 3180, 'especialidade': '04', 'nome': 'Enxerto Gengival Livre', 'preco': 0.0, 'simbolo_grafico_legacy_id': 25}","['id', 'tabela_id', 'codigo', 'procedimento_generico_id', 'materiais_vinculados', 'fases_vinculadas', 'historicos', 'chaves_estrangeiras']",{'nome': 'Enxerto Gengival Livre'},,,,,,3180,,3180,['codigo_nro'],,,40692,nome preservado como chave semantica; codigo varia entre CODCONV e NROPROCTAB conforme presenca de CODCONV,nome_exato + CODCONV,,M?DIA,,Enxerto Gengival Livre,Enxerto Gengival Livre,,136,,,,revisar,medio
apply,"{'codigo': 3200, 'especialidade': '04', 'nome': 'Enxerto Pediculado - (por elemento)', 'preco': 0.0, 'simbolo_grafico_legacy_id': 25}","['id', 'tabela_id', 'codigo', 'procedimento_generico_id', 'materiais_vinculados', 'fases_vinculadas', 'historicos', 'chaves_estrangeiras']",{'nome': 'Enxerto Pediculado - (por elemento)'},,,,,,3200,,3200,['codigo_nro'],,,40694,nome preservado como chave semantica; codigo varia entre CODCONV e NROPROCTAB conforme presenca de CODCONV,nome_exato + CODCONV,,M?DIA,,Enxerto Pediculado - (por elemento),Enxerto Pediculado - (por elemento),,138,,,,revisar,medio
apply,"{'codigo': 3210, 'especialidade': '04', 'nome': 'Enxerto por Tracionamento de Vestibulo - (por elemento)', 'preco': 0.0, 'simbolo_grafico_legacy_id': 25}","['id', 'tabela_id', 'codigo', 'procedimento_generico_id', 'materiais_vinculados', 'fases_vinculadas', 'historicos', 'chaves_estrangeiras']",{'nome': 'Enxerto por Tracionamento de Vestibulo - (por elemento)'},,,,,,3210,,3210,['codigo_nro'],,,40695,nome preservado como chave semantica; codigo varia entre CODCONV e NROPROCTAB conforme presenca de CODCONV,nome_exato + CODCONV,,M?DIA,,Enxerto por Tracionamento de Vestibulo - (por elemento),Enxerto por Tracionamento de Vestibulo - (por elemento),,139,,,,revisar,medio
apply,"{'codigo': 3220, 'especialidade': '04', 'nome': 'Enxerto por Tracionamento de Vestibulo - (por segmento)', 'preco': 0.0, 'simbolo_grafico_legacy_id': 25}","['id', 'tabela_id', 'codigo', 'procedimento_generico_id', 'materiais_vinculados', 'fases_vinculadas', 'historicos', 'chaves_estrangeiras']",{'nome': 'Enxerto por Tracionamento de Vestibulo - (por segmento)'},,,,,,3220,,3220,['codigo_nro'],,,40696,nome preservado como chave semantica; codigo varia entre CODCONV e NROPROCTAB conforme presenca de CODCONV,nome_exato + CODCONV,,M?DIA,,Enxerto por Tracionamento de Vestibulo - (por segmento),Enxerto por Tracionamento de Vestibulo - (por segmento),,140,,,,revisar,medio
apply,"{'codigo': 3230, 'especialidade': '04', 'nome': 'Frenectomia labial inferior', 'preco': 0.0, 'simbolo_grafico_legacy_id': 26}","['id', 'tabela_id', 'codigo', 'procedimento_generico_id', 'materiais_vinculados', 'fases_vinculadas', 'historicos', 'chaves_estrangeiras']",{'nome': 'Frenectomia labial inferior'},,,,,,3230,,3230,['codigo_nro'],,,40697,nome preservado como chave semantica; codigo varia entre CODCONV e NROPROCTAB conforme presenca de CODCONV,nome_exato + CODCONV,,M?DIA,,Frenectomia labial inferior,Frenectomia labial inferior,,141,,,,revisar,medio
apply,"{'codigo': 3240, 'especialidade': '04', 'nome': 'Frenectomia labial superior', 'preco': 0.0, 'simbolo_grafico_legacy_id': 26}","['id', 'tabela_id', 'codigo', 'procedimento_generico_id', 'materiais_vinculados', 'fases_vinculadas', 'historicos', 'chaves_estrangeiras']",{'nome': 'Frenectomia labial superior'},,,,,,3240,,3240,['codigo_nro'],,,40698,nome preservado como chave semantica; codigo varia entre CODCONV e NROPROCTAB conforme presenca de CODCONV,nome_exato + CODCONV,,M?DIA,,Frenectomia labial superior,Frenectomia labial superior,,142,,,,revisar,medio
apply,"{'codigo': 3270, 'especialidade': '04', 'nome': 'Frenotomia Lingual', 'preco': 0.0, 'simbolo_grafico_legacy_id': 26}","['id', 'tabela_id', 'codigo', 'procedimento_generico_id', 'materiais_vinculados', 'fases_vinculadas', 'historicos', 'chaves_estrangeiras']",{'nome': 'Frenotomia Lingual'},,,,,,3270,,3270,['codigo_nro'],,,40701,nome preservado como chave semantica; codigo varia entre CODCONV e NROPROCTAB conforme presenca de CODCONV,nome_exato + CODCONV,,M?DIA,,Frenotomia Lingual,Frenotomia Lingual,,145,,,,revisar,medio
apply,"{'codigo': 3280, 'especialidade': '04', 'nome': 'Gengivectomia ou Gengivoplastia - (por elemento)', 'preco': 0.0, 'simbolo_grafico_legacy_id': 16}","['id', 'tabela_id', 'codigo', 'procedimento_generico_id', 'materiais_vinculados', 'fases_vinculadas', 'historicos', 'chaves_estrangeiras']",{'nome': 'Gengivectomia ou Gengivoplastia - (por elemento)'},,,,,,3280,,3280,['codigo_nro'],,,40702,nome preservado como chave semantica; codigo varia entre CODCONV e NROPROCTAB conforme presenca de CODCONV,nome_exato + CODCONV,,M?DIA,,Gengivectomia ou Gengivoplastia - (por elemento),Gengivectomia ou Gengivoplastia - (por elemento),,146,,,,revisar,medio
apply,"{'codigo': 3290, 'especialidade': '04', 'nome': 'Gengivectomia ou Gengivoplastia - (por segmento)', 'preco': 0.0, 'simbolo_grafico_legacy_id': 16}","['id', 'tabela_id', 'codigo', 'procedimento_generico_id', 'materiais_vinculados', 'fases_vinculadas', 'historicos', 'chaves_estrangeiras']",{'nome': 'Gengivectomia ou Gengivoplastia - (por segmento)'},,,,,,3290,,3290,['codigo_nro'],,,40703,nome preservado como chave semantica; codigo varia entre CODCONV e NROPROCTAB conforme presenca de CODCONV,nome_exato + CODCONV,,M?DIA,,Gengivectomia ou Gengivoplastia - (por segmento),Gengivectomia ou Gengivoplastia - (por segmento),,147,,,,revisar,medio
apply,"{'codigo': 3300, 'especialidade': '04', 'nome': 'Gengivectomia palatina / lingual - (por elemento)', 'preco': 0.0, 'simbolo_grafico_legacy_id': 16}","['id', 'tabela_id', 'codigo', 'procedimento_generico_id', 'materiais_vinculados', 'fases_vinculadas', 'historicos', 'chaves_estrangeiras']",{'nome': 'Gengivectomia palatina / lingual - (por elemento)'},,,,,,3300,,3300,['codigo_nro'],,,40704,nome preservado como chave semantica; codigo varia entre CODCONV e NROPROCTAB conforme presenca de CODCONV,nome_exato + CODCONV,,M?DIA,,Gengivectomia palatina / lingual - (por elemento),Gengivectomia palatina / lingual - (por elemento),,148,,,,revisar,medio
apply,"{'codigo': 3310, 'especialidade': '04', 'nome': 'Gengivectomia palatina / lingual - (por segmento)', 'preco': 0.0, 'simbolo_grafico_legacy_id': 16}","['id', 'tabela_id', 'codigo', 'procedimento_generico_id', 'materiais_vinculados', 'fases_vinculadas', 'historicos', 'chaves_estrangeiras']",{'nome': 'Gengivectomia palatina / lingual - (por segmento)'},,,,,,3310,,3310,['codigo_nro'],,,40705,nome preservado como chave semantica; codigo varia entre CODCONV e NROPROCTAB conforme presenca de CODCONV,nome_exato + CODCONV,,M?DIA,,Gengivectomia palatina / lingual - (por segmento),Gengivectomia palatina / lingual - (por segmento),,149,,,,revisar,medio
apply,"{'codigo': 3330, 'especialidade': '04', 'nome': 'Raspagem Sub-gengival e Curetagem de bolsa - (por segmento)', 'preco': 0.0, 'simbolo_grafico_legacy_id': 18}","['id', 'tabela_id', 'codigo', 'procedimento_generico_id', 'materiais_vinculados', 'fases_vinculadas', 'historicos', 'chaves_estrangeiras']",{'nome': 'Raspagem Sub-gengival e Curetagem de bolsa - (por segmento)'},,,,,,3330,,3330,['codigo_nro'],,,40707,nome preservado como chave semantica; codigo varia entre CODCONV e NROPROCTAB conforme presenca de CODCONV,nome_exato + CODCONV,,M?DIA,,Raspagem Sub-gengival e Curetagem de bolsa - (por segmento),Raspagem Sub-gengival e Curetagem de bolsa - (por segmento),,151,,,,revisar,medio
apply,"{'codigo': 3340, 'especialidade': '04', 'nome': 'Raspagem Supra-gengival - (por segmento)', 'preco': 0.0, 'simbolo_grafico_legacy_id': 18}","['id', 'tabela_id', 'codigo', 'procedimento_generico_id', 'materiais_vinculados', 'fases_vinculadas', 'historicos', 'chaves_estrangeiras']",{'nome': 'Raspagem Supra-gengival - (por segmento)'},,,,,,3340,,3340,['codigo_nro'],,,40708,nome preservado como chave semantica; codigo varia entre CODCONV e NROPROCTAB conforme presenca de CODCONV,nome_exato + CODCONV,,M?DIA,,Raspagem Supra-gengival - (por segmento),Raspagem Supra-gengival - (por segmento),,152,,,,revisar,medio
apply,"{'codigo': 3360, 'especialidade': '04', 'nome': 'Sepultamento Radicular - (por raiz)', 'preco': 0.0, 'simbolo_grafico_legacy_id': 57}","['id', 'tabela_id', 'codigo', 'procedimento_generico_id', 'materiais_vinculados', 'fases_vinculadas', 'historicos', 'chaves_estrangeiras']",{'nome': 'Sepultamento Radicular - (por raiz)'},,,,,,3360,,3360,['codigo_nro'],,,40710,nome preservado como chave semantica; codigo varia entre CODCONV e NROPROCTAB conforme presenca de CODCONV,nome_exato + CODCONV,,M?DIA,,Sepultamento Radicular - (por raiz),Sepultamento Radicular - (por raiz),,154,,,,revisar,medio
apply,"{'codigo': 3370, 'especialidade': '04', 'nome': 'Ulectomia', 'preco': 0.0, 'simbolo_grafico_legacy_id': 51}","['id', 'tabela_id', 'codigo', 'procedimento_generico_id', 'materiais_vinculados', 'fases_vinculadas', 'historicos', 'chaves_estrangeiras']",{'nome': 'Ulectomia'},,,,,,3370,,3370,['codigo_nro'],,,40711,nome preservado como chave semantica; codigo varia entre CODCONV e NROPROCTAB conforme presenca de CODCONV,nome_exato + CODCONV,,M?DIA,,Ulectomia,Ulectomia,,155,,,,revisar,medio
apply,"{'codigo': 1070, 'especialidade': '08', 'nome': 'Profilaxia - (Ultrason e Jato de Bicarbonato)', 'preco': 0.0, 'simbolo_grafico_legacy_id': 8}","['id', 'tabela_id', 'codigo', 'procedimento_generico_id', 'materiais_vinculados', 'fases_vinculadas', 'historicos', 'chaves_estrangeiras']",{'nome': 'Profilaxia - (Ultrason e Jato de Bicarbonato)'},,,,,,1070,,1070,['codigo_nro'],,,40719,nome preservado como chave semantica; codigo varia entre CODCONV e NROPROCTAB conforme presenca de CODCONV,nome_exato + CODCONV,,M?DIA,,Profilaxia - (Ultrason e Jato de Bicarbonato),Profilaxia - (Ultrason e Jato de Bicarbonato),,163,,,,revisar,medio
apply,"{'codigo': 1080, 'especialidade': '08', 'nome': 'Teste de fluxo salivar', 'preco': 0.0, 'simbolo_grafico_legacy_id': 28}","['id', 'tabela_id', 'codigo', 'procedimento_generico_id', 'materiais_vinculados', 'fases_vinculadas', 'historicos', 'chaves_estrangeiras']",{'nome': 'Teste de fluxo salivar'},,,,,,1080,,1080,['codigo_nro'],,,40720,nome preservado como chave semantica; codigo varia entre CODCONV e NROPROCTAB conforme presenca de CODCONV,nome_exato + CODCONV,,M?DIA,,Teste de fluxo salivar,Teste de fluxo salivar,,164,,,,revisar,medio
apply,"{'codigo': 8000, 'especialidade': '02', 'nome': 'Attachment', 'preco': 0.0, 'simbolo_grafico_legacy_id': 52}","['id', 'tabela_id', 'codigo', 'procedimento_generico_id', 'materiais_vinculados', 'fases_vinculadas', 'historicos', 'chaves_estrangeiras']",{'nome': 'Attachment'},,,,,,8000,,8000,['codigo_nro'],,,40722,nome preservado como chave semantica; codigo varia entre CODCONV e NROPROCTAB conforme presenca de CODCONV,nome_exato + CODCONV,,M?DIA,,Attachment,Attachment,,166,,,,revisar,medio
apply,"{'codigo': 8010, 'especialidade': '02', 'nome': 'Casquete de moldagem', 'preco': 0.0, 'simbolo_grafico_legacy_id': 56}","['id', 'tabela_id', 'codigo', 'procedimento_generico_id', 'materiais_vinculados', 'fases_vinculadas', 'historicos', 'chaves_estrangeiras']",{'nome': 'Casquete de moldagem'},,,,,,8010,,8010,['codigo_nro'],,,40723,nome preservado como chave semantica; codigo varia entre CODCONV e NROPROCTAB conforme presenca de CODCONV,nome_exato + CODCONV,,M?DIA,,Casquete de moldagem,Casquete de moldagem,,167,,,,revisar,medio
apply,"{'codigo': 8030, 'especialidade': '02', 'nome': 'Coroa em Resina Prensada', 'preco': 0.0, 'simbolo_grafico_legacy_id': 1}","['id', 'tabela_id', 'codigo', 'procedimento_generico_id', 'materiais_vinculados', 'fases_vinculadas', 'historicos', 'chaves_estrangeiras']",{'nome': 'Coroa em Resina Prensada'},,,,,,8030,,8030,['codigo_nro'],,,40725,nome preservado como chave semantica; codigo varia entre CODCONV e NROPROCTAB conforme presenca de CODCONV,nome_exato + CODCONV,,M?DIA,,Coroa em Resina Prensada,Coroa em Resina Prensada,,169,,,,revisar,medio
apply,"{'codigo': 8040, 'especialidade': '01', 'nome': 'Coroa em Resina Sinfony', 'preco': 0.0, 'simbolo_grafico_legacy_id': 1}","['id', 'tabela_id', 'codigo', 'procedimento_generico_id', 'materiais_vinculados', 'fases_vinculadas', 'historicos', 'chaves_estrangeiras']",{'nome': 'Coroa em Resina Sinfony'},,,,,,8040,,8040,['codigo_nro'],,,40726,nome preservado como chave semantica; codigo varia entre CODCONV e NROPROCTAB conforme presenca de CODCONV,nome_exato + CODCONV,,M?DIA,,Coroa em Resina Sinfony,Coroa em Resina Sinfony,,170,,,,revisar,medio
apply,"{'codigo': 8050, 'especialidade': '01', 'nome': 'Coroa em Resina sob implante', 'preco': 0.0, 'simbolo_grafico_legacy_id': 1}","['id', 'tabela_id', 'codigo', 'procedimento_generico_id', 'materiais_vinculados', 'fases_vinculadas', 'historicos', 'chaves_estrangeiras']",{'nome': 'Coroa em Resina sob implante'},,,,,,8050,,8050,['codigo_nro'],,,40727,nome preservado como chave semantica; codigo varia entre CODCONV e NROPROCTAB conforme presenca de CODCONV,nome_exato + CODCONV,,M?DIA,,Coroa em Resina sob implante,Coroa em Resina sob implante,,171,,,,revisar,medio
apply,"{'codigo': 8060, 'especialidade': '02', 'nome': 'Coroa Metal-free - (Cerampress)', 'preco': 0.0, 'simbolo_grafico_legacy_id': 1}","['id', 'tabela_id', 'codigo', 'procedimento_generico_id', 'materiais_vinculados', 'fases_vinculadas', 'historicos', 'chaves_estrangeiras']",{'nome': 'Coroa Metal-free - (Cerampress)'},,,,,,8060,,8060,['codigo_nro'],,,40728,nome preservado como chave semantica; codigo varia entre CODCONV e NROPROCTAB conforme presenca de CODCONV,nome_exato + CODCONV,,M?DIA,,Coroa Metal-free - (Cerampress),Coroa Metal-free - (Cerampress),,172,,,,revisar,medio
apply,"{'codigo': 8070, 'especialidade': '02', 'nome': 'Coroa Metal-free - (Inceram)', 'preco': 0.0, 'simbolo_grafico_legacy_id': 1}","['id', 'tabela_id', 'codigo', 'procedimento_generico_id', 'materiais_vinculados', 'fases_vinculadas', 'historicos', 'chaves_estrangeiras']",{'nome': 'Coroa Metal-free - (Inceram)'},,,,,,8070,,8070,['codigo_nro'],,,40729,nome preservado como chave semantica; codigo varia entre CODCONV e NROPROCTAB conforme presenca de CODCONV,nome_exato + CODCONV,,M?DIA,,Coroa Metal-free - (Inceram),Coroa Metal-free - (Inceram),,173,,,,revisar,medio
apply,"{'codigo': 8080, 'especialidade': '02', 'nome': 'Coroa Metal-free - (Procera)', 'preco': 0.0, 'simbolo_grafico_legacy_id': 1}","['id', 'tabela_id', 'codigo', 'procedimento_generico_id', 'materiais_vinculados', 'fases_vinculadas', 'historicos', 'chaves_estrangeiras']",{'nome': 'Coroa Metal-free - (Procera)'},,,,,,8080,,8080,['codigo_nro'],,,40730,nome preservado como chave semantica; codigo varia entre CODCONV e NROPROCTAB conforme presenca de CODCONV,nome_exato + CODCONV,,M?DIA,,Coroa Metal-free - (Procera),Coroa Metal-free - (Procera),,174,,,,revisar,medio
apply,"{'codigo': 8090, 'especialidade': '02', 'nome': 'Coroa Metal-free - (Zirconia; Sistema CAD/CAM)', 'preco': 0.0, 'simbolo_grafico_legacy_id': 1}","['id', 'tabela_id', 'codigo', 'procedimento_generico_id', 'materiais_vinculados', 'fases_vinculadas', 'historicos', 'chaves_estrangeiras']",{'nome': 'Coroa Metal-free - (Zirconia; Sistema CAD/CAM)'},,,,,,8090,,8090,['codigo_nro'],,,40731,nome preservado como chave semantica; codigo varia entre CODCONV e NROPROCTAB conforme presenca de CODCONV,nome_exato + CODCONV,,M?DIA,,Coroa Metal-free - (Zirconia; Sistema CAD/CAM),Coroa Metal-free - (Zirconia; Sistema CAD/CAM),,175,,,,revisar,medio
apply,"{'codigo': 8100, 'especialidade': '02', 'nome': 'Coroa Metal-free sob implante - (Cerampress)', 'preco': 0.0, 'simbolo_grafico_legacy_id': 1}","['id', 'tabela_id', 'codigo', 'procedimento_generico_id', 'materiais_vinculados', 'fases_vinculadas', 'historicos', 'chaves_estrangeiras']",{'nome': 'Coroa Metal-free sob implante - (Cerampress)'},,,,,,8100,,8100,['codigo_nro'],,,40732,nome preservado como chave semantica; codigo varia entre CODCONV e NROPROCTAB conforme presenca de CODCONV,nome_exato + CODCONV,,M?DIA,,Coroa Metal-free sob implante - (Cerampress),Coroa Metal-free sob implante - (Cerampress),,176,,,,revisar,medio
apply,"{'codigo': 8110, 'especialidade': '02', 'nome': 'Coroa Metal-free sob implante - (Inceram)', 'preco': 0.0, 'simbolo_grafico_legacy_id': 1}","['id', 'tabela_id', 'codigo', 'procedimento_generico_id', 'materiais_vinculados', 'fases_vinculadas', 'historicos', 'chaves_estrangeiras']",{'nome': 'Coroa Metal-free sob implante - (Inceram)'},,,,,,8110,,8110,['codigo_nro'],,,40733,nome preservado como chave semantica; codigo varia entre CODCONV e NROPROCTAB conforme presenca de CODCONV,nome_exato + CODCONV,,M?DIA,,Coroa Metal-free sob implante - (Inceram),Coroa Metal-free sob implante - (Inceram),,177,,,,revisar,medio
apply,"{'codigo': 8120, 'especialidade': '02', 'nome': 'Coroa Metal-free sob implante - (Procera)', 'preco': 0.0, 'simbolo_grafico_legacy_id': 1}","['id', 'tabela_id', 'codigo', 'procedimento_generico_id', 'materiais_vinculados', 'fases_vinculadas', 'historicos', 'chaves_estrangeiras']",{'nome': 'Coroa Metal-free sob implante - (Procera)'},,,,,,8120,,8120,['codigo_nro'],,,40734,nome preservado como chave semantica; codigo varia entre CODCONV e NROPROCTAB conforme presenca de CODCONV,nome_exato + CODCONV,,M?DIA,,Coroa Metal-free sob implante - (Procera),Coroa Metal-free sob implante - (Procera),,178,,,,revisar,medio
apply,"{'codigo': 8130, 'especialidade': '02', 'nome': 'Coroa Metal-free sob implante - (Zirconia; Sistema CAD/CAM)', 'preco': 0.0, 'simbolo_grafico_legacy_id': 1}","['id', 'tabela_id', 'codigo', 'procedimento_generico_id', 'materiais_vinculados', 'fases_vinculadas', 'historicos', 'chaves_estrangeiras']",{'nome': 'Coroa Metal-free sob implante - (Zirconia; Sistema CAD/CAM)'},,,,,,8130,,8130,['codigo_nro'],,,40735,nome preservado como chave semantica; codigo varia entre CODCONV e NROPROCTAB conforme presenca de CODCONV,nome_exato + CODCONV,,M?DIA,,Coroa Metal-free sob implante - (Zirconia; Sistema CAD/CAM),Coroa Metal-free sob implante - (Zirconia; Sistema CAD/CAM),,179,,,,revisar,medio
apply,"{'codigo': 8500, 'especialidade': '02', 'nome': 'E-MAX - Lente de contato', 'preco': 0.0, 'simbolo_grafico_legacy_id': 39}","['id', 'tabela_id', 'codigo', 'procedimento_generico_id', 'materiais_vinculados', 'fases_vinculadas', 'historicos', 'chaves_estrangeiras']",{'nome': 'E-MAX - Lente de contato'},,,,,,8500,,8500,['codigo_nro'],,,40743,nome preservado como chave semantica; codigo varia entre CODCONV e NROPROCTAB conforme presenca de CODCONV,nome_exato + CODCONV,,M?DIA,,E-MAX - Lente de contato,E-MAX - Lente de contato,,187,,,,revisar,medio
apply,"{'codigo': 8220, 'especialidade': '01', 'nome': 'Faceta em Porcelana', 'preco': 0.0, 'simbolo_grafico_legacy_id': 39}","['id', 'tabela_id', 'codigo', 'procedimento_generico_id', 'materiais_vinculados', 'fases_vinculadas', 'historicos', 'chaves_estrangeiras']",{'nome': 'Faceta em Porcelana'},,,,,,8220,,8220,['codigo_nro'],,,40747,nome preservado como chave semantica; codigo varia entre CODCONV e NROPROCTAB conforme presenca de CODCONV,nome_exato + CODCONV,,M?DIA,,Faceta em Porcelana,Faceta em Porcelana,,191,,,,revisar,medio
apply,"{'codigo': 8230, 'especialidade': '01', 'nome': 'Faceta em Resina Acrilica', 'preco': 0.0, 'simbolo_grafico_legacy_id': 39}","['id', 'tabela_id', 'codigo', 'procedimento_generico_id', 'materiais_vinculados', 'fases_vinculadas', 'historicos', 'chaves_estrangeiras']",{'nome': 'Faceta em Resina Acrilica'},,,,,,8230,,8230,['codigo_nro'],,,40748,nome preservado como chave semantica; codigo varia entre CODCONV e NROPROCTAB conforme presenca de CODCONV,nome_exato + CODCONV,,M?DIA,,Faceta em Resina Acrilica,Faceta em Resina Acrilica,,192,,,,revisar,medio
apply,"{'codigo': 8240, 'especialidade': '02', 'nome': 'Guia Cirurgico', 'preco': 0.0, 'simbolo_grafico_legacy_id': 45}","['id', 'tabela_id', 'codigo', 'procedimento_generico_id', 'materiais_vinculados', 'fases_vinculadas', 'historicos', 'chaves_estrangeiras']",{'nome': 'Guia Cirurgico'},,,,,,8240,,8240,['codigo_nro'],,,40749,nome preservado como chave semantica; codigo varia entre CODCONV e NROPROCTAB conforme presenca de CODCONV,nome_exato + CODCONV,,M?DIA,,Guia Cirurgico,Guia Cirurgico,,193,,,,revisar,medio
apply,"{'codigo': 8290, 'especialidade': '07', 'nome': 'Placa de mordida miorrelaxante', 'preco': 0.0, 'simbolo_grafico_legacy_id': 37}","['id', 'tabela_id', 'codigo', 'procedimento_generico_id', 'materiais_vinculados', 'fases_vinculadas', 'historicos', 'chaves_estrangeiras']",{'nome': 'Placa de mordida miorrelaxante'},,,,,,8290,,8290,['codigo_nro'],,,40754,nome preservado como chave semantica; codigo varia entre CODCONV e NROPROCTAB conforme presenca de CODCONV,nome_exato + CODCONV,,M?DIA,,Placa de mordida miorrelaxante,Placa de mordida miorrelaxante,,199,,,,revisar,medio
apply,"{'codigo': 8305, 'especialidade': '07', 'nome': 'Placa para Bruxismo Mista - (Erkoflex)', 'preco': 0.0, 'simbolo_grafico_legacy_id': 37}","['id', 'tabela_id', 'codigo', 'procedimento_generico_id', 'materiais_vinculados', 'fases_vinculadas', 'historicos', 'chaves_estrangeiras']",{'nome': 'Placa para Bruxismo Mista - (Erkoflex)'},,,,,,8305,,8305,['codigo_nro'],,,40756,nome preservado como chave semantica; codigo varia entre CODCONV e NROPROCTAB conforme presenca de CODCONV,nome_exato + CODCONV,,M?DIA,,Placa para Bruxismo Mista - (Erkoflex),Placa para Bruxismo Mista - (Erkoflex),,201,,,,revisar,medio
apply,"{'codigo': 8310, 'especialidade': '07', 'nome': 'Placa para Clareamento', 'preco': 0.0, 'simbolo_grafico_legacy_id': 37}","['id', 'tabela_id', 'codigo', 'procedimento_generico_id', 'materiais_vinculados', 'fases_vinculadas', 'historicos', 'chaves_estrangeiras']",{'nome': 'Placa para Clareamento'},,,,,,8310,,8310,['codigo_nro'],,,40757,nome preservado como chave semantica; codigo varia entre CODCONV e NROPROCTAB conforme presenca de CODCONV,nome_exato + CODCONV,,M?DIA,,Placa para Clareamento,Placa para Clareamento,,202,,,,revisar,medio
apply,"{'codigo': 8291, 'especialidade': '07', 'nome': 'Protetor bucal Playsafe', 'preco': 0.0, 'simbolo_grafico_legacy_id': 37}","['id', 'tabela_id', 'codigo', 'procedimento_generico_id', 'materiais_vinculados', 'fases_vinculadas', 'historicos', 'chaves_estrangeiras']",{'nome': 'Protetor bucal Playsafe'},,,,,,8291,,8291,['codigo_nro'],,,40771,nome preservado como chave semantica; codigo varia entre CODCONV e NROPROCTAB conforme presenca de CODCONV,nome_exato + CODCONV,,M?DIA,,Protetor bucal Playsafe,Protetor bucal Playsafe,,216,,,,revisar,medio
apply,"{'codigo': 8315, 'especialidade': '07', 'nome': 'Placa para Ortose', 'preco': 0.0, 'simbolo_grafico_legacy_id': 37}","['id', 'tabela_id', 'codigo', 'procedimento_generico_id', 'materiais_vinculados', 'fases_vinculadas', 'historicos', 'chaves_estrangeiras']",{'nome': 'Placa para Ortose'},,,,,,8315,,8315,['codigo_nro'],,,40873,nome preservado como chave semantica; codigo varia entre CODCONV e NROPROCTAB conforme presenca de CODCONV,nome_exato + CODCONV,,M?DIA,,Placa para Ortose,Placa para Ortose,,318,,,,revisar,medio
apply,"{'codigo': 9000, 'especialidade': '14', 'nome': 'Micro-agulhamento (Derma Roller)', 'preco': 0.0, 'simbolo_grafico_legacy_id': 10}","['id', 'tabela_id', 'codigo', 'procedimento_generico_id', 'materiais_vinculados', 'fases_vinculadas', 'historicos', 'chaves_estrangeiras']",{'nome': 'Micro-agulhamento (Derma Roller)'},,,,,,9000,,9000,['codigo_nro'],,,40874,nome preservado como chave semantica; codigo varia entre CODCONV e NROPROCTAB conforme presenca de CODCONV,nome_exato + CODCONV,,M?DIA,,Micro-agulhamento (Derma Roller),Micro-agulhamento (Derma Roller),,319,,,,revisar,medio
apply,"{'codigo': 8292, 'especialidade': '07', 'nome': 'Protetor bucal Playsafe Personalizado', 'preco': 0.0, 'simbolo_grafico_legacy_id': 37}","['id', 'tabela_id', 'codigo', 'procedimento_generico_id', 'materiais_vinculados', 'fases_vinculadas', 'historicos', 'chaves_estrangeiras']",{'nome': 'Protetor bucal Playsafe Personalizado'},,,,,,8292,,8292,['codigo_nro'],,,40875,nome preservado como chave semantica; codigo varia entre CODCONV e NROPROCTAB conforme presenca de CODCONV,nome_exato + CODCONV,,M?DIA,,Protetor bucal Playsafe Personalizado,Protetor bucal Playsafe Personalizado,,320,,,,revisar,medio
apply,"{'codigo': 7050, 'especialidade': '01', 'nome': 'Levanto de seio maxilar', 'preco': 0.0, 'simbolo_grafico_legacy_id': 25}","['id', 'tabela_id', 'codigo', 'procedimento_generico_id', 'materiais_vinculados', 'fases_vinculadas', 'historicos', 'chaves_estrangeiras']",{'nome': 'Levanto de seio maxilar'},,,,,,7050,,7050,['codigo_nro'],,,40876,nome preservado como chave semantica; codigo varia entre CODCONV e NROPROCTAB conforme presenca de CODCONV,nome_exato + CODCONV,,M?DIA,,Levanto de seio maxilar,Levanto de seio maxilar,,321,,,,revisar,medio
apply,"{'codigo': 9010, 'especialidade': '14', 'nome': 'Botox', 'preco': 0.0, 'simbolo_grafico_legacy_id': 43}","['id', 'tabela_id', 'codigo', 'procedimento_generico_id', 'materiais_vinculados', 'fases_vinculadas', 'historicos', 'chaves_estrangeiras']",{'nome': 'Botox'},,,,,,9010,,9010,['codigo_nro'],,,40877,nome preservado como chave semantica; codigo varia entre CODCONV e NROPROCTAB conforme presenca de CODCONV,nome_exato + CODCONV,,M?DIA,,Botox,Botox,,322,,,,revisar,medio
apply,"{'codigo': 9020, 'especialidade': '14', 'nome': 'Preenchimento', 'preco': 0.0, 'simbolo_grafico_legacy_id': 10}","['id', 'tabela_id', 'codigo', 'procedimento_generico_id', 'materiais_vinculados', 'fases_vinculadas', 'historicos', 'chaves_estrangeiras']",{'nome': 'Preenchimento'},,,,,,9020,,9020,['codigo_nro'],,,40879,nome preservado como chave semantica; codigo varia entre CODCONV e NROPROCTAB conforme presenca de CODCONV,nome_exato + CODCONV,,M?DIA,,Preenchimento,Preenchimento,,324,,,,revisar,medio
apply,"{'codigo': 9030, 'especialidade': '14', 'nome': 'Lipo de papada', 'preco': 0.0, 'simbolo_grafico_legacy_id': 45}","['id', 'tabela_id', 'codigo', 'procedimento_generico_id', 'materiais_vinculados', 'fases_vinculadas', 'historicos', 'chaves_estrangeiras']",{'nome': 'Lipo de papada'},,,,,,9030,,9030,['codigo_nro'],,,40882,nome preservado como chave semantica; codigo varia entre CODCONV e NROPROCTAB conforme presenca de CODCONV,nome_exato + CODCONV,,M?DIA,,Lipo de papada,Lipo de papada,,327,,,,revisar,medio
apply,"{'codigo': 9050, 'especialidade': '14', 'nome': 'Bichectomia', 'preco': 0.0, 'simbolo_grafico_legacy_id': 45}","['id', 'tabela_id', 'codigo', 'procedimento_generico_id', 'materiais_vinculados', 'fases_vinculadas', 'historicos', 'chaves_estrangeiras']",{'nome': 'Bichectomia'},,,,,,9050,,9050,['codigo_nro'],,,40885,nome preservado como chave semantica; codigo varia entre CODCONV e NROPROCTAB conforme presenca de CODCONV,nome_exato + CODCONV,,M?DIA,,Bichectomia,Bichectomia,,330,,,,revisar,medio
apply,"{'codigo': 7023, 'especialidade': None, 'nome': 'Implante Cone Morse + Enxerto', 'preco': 0.0, 'simbolo_grafico_legacy_id': 9}","['id', 'tabela_id', 'codigo', 'procedimento_generico_id', 'materiais_vinculados', 'fases_vinculadas', 'historicos', 'chaves_estrangeiras']",{'nome': 'Implante Cone Morse + Enxerto'},,,,,,7023,,7023,['codigo_nro'],,,40887,nome preservado como chave semantica; codigo varia entre CODCONV e NROPROCTAB conforme presenca de CODCONV,nome_exato + CODCONV,,M?DIA,,Implante Cone Morse + Enxerto,Implante Cone Morse + Enxerto,,332,,,,revisar,medio
apply,"{'codigo': 8482, 'especialidade': '01', 'nome': 'E-MAX - Jaqueta pura em dissilicato', 'preco': 0.0, 'simbolo_grafico_legacy_id': 1}","['id', 'tabela_id', 'codigo', 'procedimento_generico_id', 'materiais_vinculados', 'fases_vinculadas', 'historicos', 'chaves_estrangeiras']",{'nome': 'E-MAX - Jaqueta pura em dissilicato'},,,,,,8482,,8482,['codigo_nro'],,,40888,nome preservado como chave semantica; codigo varia entre CODCONV e NROPROCTAB conforme presenca de CODCONV,nome_exato + CODCONV,,M?DIA,,E-MAX - Jaqueta pura em dissilicato,E-MAX - Jaqueta pura em dissilicato,,333,,,,revisar,medio
apply,"{'codigo': 2111, 'especialidade': '14', 'nome': 'Foto extra-oral', 'preco': 0.0, 'simbolo_grafico_legacy_id': 43}","['id', 'tabela_id', 'codigo', 'procedimento_generico_id', 'materiais_vinculados', 'fases_vinculadas', 'historicos', 'chaves_estrangeiras']",{'nome': 'Foto extra-oral'},,,,,,2111,,2111,['codigo_nro'],,,40889,nome preservado como chave semantica; codigo varia entre CODCONV e NROPROCTAB conforme presenca de CODCONV,nome_exato + CODCONV,,M?DIA,,Foto extra-oral,Foto extra-oral,,334,,,,revisar,medio
,,,,[],[],,"[{'codigo': 6000, 'id': 40557, 'nome': 'Alveoloplastia ou alveolotomia - (at\x82 3 elementos)', 'score': 0.9783}, {'codigo': 6010, 'id': 40558, 'nome': 'Alveoloplastica ou alveolotomia - (por sextante)', 'score': 0.7556}, {'codigo': 3280, 'id': 40702, 'nome': 'Gengivectomia ou Gengivoplastia - (por elemento)', 'score': 0.4889}]",6000,,,,,,,,,,sem_candidato_semantico_confiavel,,Alveoloplastia ou alveolotomia - (até 3 elementos),,,1,,,,,,easy
,,,,[],[],,"[{'codigo': 6020, 'id': 40559, 'nome': 'Bi¢psia', 'score': 0.8571}, {'codigo': 3080, 'id': 40682, 'nome': 'Bridectomia', 'score': 0.4444}, {'codigo': 9050, 'id': 40885, 'nome': 'Bichectomia', 'score': 0.4444}]",6020,,,,,,,,,,sem_candidato_semantico_confiavel,,Biópsia,,,3,,,,,,easy
,,,,[],[],,"[{'codigo': 6030, 'id': 40560, 'nome': 'Cirurgia de Hipertrofia de L bio', 'score': 0.9688}, {'codigo': 6130, 'id': 40570, 'nome': 'Cirurgia explorat¢ria', 'score': 0.6038}, {'codigo': 6040, 'id': 40561, 'nome': 'Cirurgia para Cisto de Desenvolvimento', 'score': 0.5714}]",6030,,,,,,,,,,sem_candidato_semantico_confiavel,,Cirurgia de Hipertrofia de Lábio,,,4,,,,,,easy
,,,,[],[],,"[{'codigo': 6090, 'id': 40566, 'nome': 'Ciurgia para t¢rus mandibular unilateral', 'score': 0.975}, {'codigo': 6080, 'id': 40565, 'nome': 'Ciurgia para torus mandibular bilateral', 'score': 0.9367}, {'codigo': 6070, 'id': 40564, 'nome': 'Cirurgia para torus palatino unilateral', 'score': 0.8101}]",6090,,,,,,,,,,sem_candidato_semantico_confiavel,,Ciurgia para tórus mandibular unilateral,,,10,,,,,,easy
,,,,[],[],,"[{'codigo': 6110, 'id': 40568, 'nome': 'Corre\x87Æo de bridas musculares', 'score': 0.931}, {'codigo': 4240, 'id': 40648, 'nome': 'Tratamento de Canal - (Molares)', 'score': 0.5357}, {'codigo': 4180, 'id': 40642, 'nome': 'Retratamento de Canal - (Molares)', 'score': 0.5172}]",6110,,,,,,,,,,sem_candidato_semantico_confiavel,,Correção de bridas musculares,,,12,,,,,,easy
,,,,[],[],,"[{'codigo': 6130, 'id': 40570, 'nome': 'Cirurgia explorat¢ria', 'score': 0.9524}, {'codigo': 3120, 'id': 40686, 'nome': 'Cirurgia para Rizectomia', 'score': 0.6667}, {'codigo': 6050, 'id': 40562, 'nome': 'Cirurgia para Microstomia', 'score': 0.6522}]",6130,,,,,,,,,,sem_candidato_semantico_confiavel,,Cirurgia exploratória,,,14,,,,,,easy
,,,,[],[],,"[{'codigo': 6140, 'id': 40571, 'nome': 'ExcisÆo de gl\x83ndula par¢tida', 'score': 0.8929}, {'codigo': 6160, 'id': 40573, 'nome': 'ExcisÆo de gl\x83ndula submandibular', 'score': 0.6557}, {'codigo': 6150, 'id': 40572, 'nome': 'ExcisÆo de gl\x83ndula sublingual', 'score': 0.6552}]",6140,,,,,,,,,,sem_candidato_semantico_confiavel,,Excisão de glândula parótida,,,15,,,,,,easy
,,,,[],[],,"[{'codigo': 6150, 'id': 40572, 'nome': 'ExcisÆo de gl\x83ndula sublingual', 'score': 0.9333}, {'codigo': 6160, 'id': 40573, 'nome': 'ExcisÆo de gl\x83ndula submandibular', 'score': 0.7302}, {'codigo': 6140, 'id': 40571, 'nome': 'ExcisÆo de gl\x83ndula par¢tida', 'score': 0.6897}]",6150,,,,,,,,,,sem_candidato_semantico_confiavel,,Excisão de glândula sublingual,,,16,,,,,,easy
,,,,[],[],,"[{'codigo': 6160, 'id': 40573, 'nome': 'ExcisÆo de gl\x83ndula submandibular', 'score': 0.9394}, {'codigo': 6150, 'id': 40572, 'nome': 'ExcisÆo de gl\x83ndula sublingual', 'score': 0.7302}, {'codigo': 6140, 'id': 40571, 'nome': 'ExcisÆo de gl\x83ndula par¢tida', 'score': 0.6557}]",6160,,,,,,,,,,sem_candidato_semantico_confiavel,,Excisão de glândula submandibular,,,17,,,,,,easy
,,,,[],[],,"[{'codigo': 6170, 'id': 40574, 'nome': 'ExcisÆo de Mucocele', 'score': 0.9474}, {'codigo': 6180, 'id': 40575, 'nome': 'ExcisÆo de r\x83nula', 'score': 0.6667}, {'codigo': 6140, 'id': 40571, 'nome': 'ExcisÆo de gl\x83ndula par¢tida', 'score': 0.5106}]",6170,,,,,,,,,,sem_candidato_semantico_confiavel,,Excisão de Mucocele,,,18,,,,,,easy
,,,,[],[],,"[{'codigo': 6180, 'id': 40575, 'nome': 'ExcisÆo de r\x83nula', 'score': 0.8824}, {'codigo': 6170, 'id': 40574, 'nome': 'ExcisÆo de Mucocele', 'score': 0.6667}, {'codigo': 6140, 'id': 40571, 'nome': 'ExcisÆo de gl\x83ndula par¢tida', 'score': 0.6222}]",6180,,,,,,,,,,sem_candidato_semantico_confiavel,,Excisão de rânula,,,19,,,,,,easy
,,,,[],[],,"[{'codigo': 6190, 'id': 40576, 'nome': 'ExcisÆo de tumores odontog\x88nicos at\x82 3 cm', 'score': 0.9268}, {'codigo': 6170, 'id': 40574, 'nome': 'ExcisÆo de Mucocele', 'score': 0.4667}, {'codigo': 336, 'id': 40891, 'nome': 'Remo\x87Æo de aparelho ortodontico fixo.', 'score': 0.4416}]",6190,,,,,,,,,,sem_candidato_semantico_confiavel,,Excisão de tumores odontogênicos até 3 cm,,,20,,,,,,easy
,,,,[],[],,"[{'codigo': 6200, 'id': 40577, 'nome': 'Exodontia de dec¡duos', 'score': 0.9524}, {'codigo': 6210, 'id': 40578, 'nome': 'Exodontia de incluso', 'score': 0.7805}, {'codigo': 6250, 'id': 40582, 'nome': 'Exodontia de semi-incluso', 'score': 0.7391}]",6200,,,,,,,,,,sem_candidato_semantico_confiavel,,Exodontia de decíduos,,,21,,,,,,easy
,,,,[],[],,"[{'codigo': 6290, 'id': 40586, 'nome': 'Fraturas alv\x82dio-dent rias - redu\x87Æo cruenta', 'score': 0.9048}, {'codigo': 290, 'id': 40845, 'nome': 'Placa com arco de conten\x87Æo cont¡nua', 'score': 0.4359}, {'codigo': 3000, 'id': 40674, 'nome': 'Abertura de implante - (Giro de retalho)', 'score': 0.4359}]",6290,,,,,,,,,,sem_candidato_semantico_confiavel,,Fraturas alvédio-dentárias - redução cruenta,,,30,,,,,,easy
,,,,[],[],,"[{'codigo': 6300, 'id': 40587, 'nome': 'Marzupializa\x87Æo de cisto', 'score': 0.9167}, {'codigo': 1000, 'id': 40712, 'nome': 'Aplica\x87Æo de Cariost tico - (sessÆo)', 'score': 0.5357}, {'codigo': 5090, 'id': 40604, 'nome': 'Imobiliza\x87Æo dent ria (esplintagem)', 'score': 0.4912}]",6300,,,,,,,,,,sem_candidato_semantico_confiavel,,Marzupialização de cisto,,,31,,,,,,easy
,,,,[],[],,"[{'codigo': 6310, 'id': 40588, 'nome': 'Reconstru\x87Æo parcial do l bio traumatizado', 'score': 0.9286}, {'codigo': 6320, 'id': 40589, 'nome': 'Reconstru\x87Æo total do l bio traumatizado', 'score': 0.8293}, {'codigo': 8390, 'id': 40766, 'nome': 'Pr¢tese Parcial Remov¡vel - (por arcada)', 'score': 0.4872}]",6310,,,,,,,,,,sem_candidato_semantico_confiavel,,Reconstrução parcial do lábio traumatizado,,,32,,,,,,easy
,,,,[],[],,"[{'codigo': 6320, 'id': 40589, 'nome': 'Reconstru\x87Æo total do l bio traumatizado', 'score': 0.925}, {'codigo': 6310, 'id': 40588, 'nome': 'Reconstru\x87Æo parcial do l bio traumatizado', 'score': 0.8293}, {'codigo': 8420, 'id': 40769, 'nome': 'Pr¢tese Total - (por arcada)', 'score': 0.4688}]",6320,,,,,,,,,,sem_candidato_semantico_confiavel,,Reconstrução total do lábio traumatizado,,,33,,,,,,easy
,,,,[],[],,"[{'codigo': 6330, 'id': 40590, 'nome': 'Suturas m£ltiplas da face ou l bio', 'score': 0.9412}, {'codigo': 6340, 'id': 40591, 'nome': 'Suturas simples da face ou l bio', 'score': 0.8485}, {'codigo': 5210, 'id': 40617, 'nome': 'Restaura\x87Æo em Resina Direta - (1 Face)', 'score': 0.4638}]",6330,,,,,,,,,,sem_candidato_semantico_confiavel,,Suturas múltiplas da face ou lábio,,,34,,,,,,easy
,,,,[],[],,"[{'codigo': 6340, 'id': 40591, 'nome': 'Suturas simples da face ou l bio', 'score': 0.9688}, {'codigo': 6330, 'id': 40590, 'nome': 'Suturas m£ltiplas da face ou l bio', 'score': 0.8485}, {'codigo': 6270, 'id': 40584, 'nome': 'Exodontia simples - (Anteriores)', 'score': 0.5}]",6340,,,,,,,,,,sem_candidato_semantico_confiavel,,Suturas simples da face ou lábio,,,35,,,,,,easy
,,,,[],[],,"[{'codigo': 6370, 'id': 40594, 'nome': 'Tratamento cir£rgico do l bio leporino', 'score': 0.9474}, {'codigo': 4200, 'id': 40644, 'nome': 'Tratamento cirurgico de lesÆo endo-perio - (Curetagem)', 'score': 0.6136}, {'codigo': 4210, 'id': 40645, 'nome': 'Tratamento cirurgico de lesÆo endo-perio com enxerto leofilizado', 'score': 0.6078}]",6370,,,,,,,,,,sem_candidato_semantico_confiavel,,Tratamento cirúrgico do lábio leporino,,,38,,,,,,easy
,,,,[],[],,"[{'codigo': 5000, 'id': 40595, 'nome': 'Adequa\x87Æo de meio bucal', 'score': 0.913}, {'codigo': 4100, 'id': 40634, 'nome': 'Desobtura\x87Æo de canal', 'score': 0.5455}, {'codigo': 7050, 'id': 40876, 'nome': 'Levanto de seio maxilar', 'score': 0.5217}]",5000,,,,,,,,,,sem_candidato_semantico_confiavel,,Adequação de meio bucal,,,39,,,,,,easy
,,,,[],[],,"[{'codigo': 5010, 'id': 40596, 'nome': 'Ajuste oclusal - (por sessÆo)', 'score': 0.96}, {'codigo': 3320, 'id': 40706, 'nome': 'Manuten\x87Æo Periodontal - (por sessÆo)', 'score': 0.6207}, {'codigo': 1020, 'id': 40714, 'nome': 'Aplica\x87Æo de Selnate Oclusa Invasivo - (por elemento)', 'score': 0.4865}]",5010,,,,,,,,,,sem_candidato_semantico_confiavel,,Ajuste oclusal - (por sessão),,,40,,,,,,easy
,,,,[],[],,"[{'codigo': 5060, 'id': 40601, 'nome': 'Dessensibiliza\x87Æo dent ria - (por elemento)', 'score': 0.9231}, {'codigo': 3280, 'id': 40702, 'nome': 'Gengivectomia ou Gengivoplastia - (por elemento)', 'score': 0.6024}, {'codigo': 5090, 'id': 40604, 'nome': 'Imobiliza\x87Æo dent ria (esplintagem)', 'score': 0.5833}]",5060,,,,,,,,,,sem_candidato_semantico_confiavel,,Dessensibilização dentária - (por elemento),,,45,,,,,,easy
,,,,[],[],,"[{'codigo': 5080, 'id': 40603, 'nome': 'Imobiliza\x87Æo dent ria com resina fotopolimeriz vel', 'score': 0.92}, {'codigo': 5090, 'id': 40604, 'nome': 'Imobiliza\x87Æo dent ria (esplintagem)', 'score': 0.6024}, {'codigo': 5060, 'id': 40601, 'nome': 'Dessensibiliza\x87Æo dent ria - (por elemento)', 'score': 0.5169}]",5080,,,,,,,,,,sem_candidato_semantico_confiavel,,Imobilização dentária com resina fotopolimerizável,,,47,,,,,,easy
,,,,[],[],,"[{'codigo': 5090, 'id': 40604, 'nome': 'Imobiliza\x87Æo dent ria (esplintagem)', 'score': 0.9091}, {'codigo': 5080, 'id': 40603, 'nome': 'Imobiliza\x87Æo dent ria com resina fotopolimeriz vel', 'score': 0.6024}, {'codigo': 5060, 'id': 40601, 'nome': 'Dessensibiliza\x87Æo dent ria - (por elemento)', 'score': 0.5833}]",5090,,,,,,,,,,sem_candidato_semantico_confiavel,,Imobilização dentária (esplintagem),,,48,,,,,,easy
,,,,[],[],,"[{'codigo': 5121, 'id': 40605, 'nome': 'N£cleo de preenchimento', 'score': 0.9565}, {'codigo': 5110, 'id': 40607, 'nome': 'N£cleo de preenchimento em resina', 'score': 0.7857}, {'codigo': 9020, 'id': 40879, 'nome': 'Preenchimento', 'score': 0.7222}]",5121,,,,,,,,,,sem_candidato_semantico_confiavel,,Núcleo de preenchimento,,,49,,,,,,easy
,,,,[],[],,"[{'codigo': 5100, 'id': 40606, 'nome': 'N£cleo de preenchimento em ion\x93metro de vidro', 'score': 0.9556}, {'codigo': 5110, 'id': 40607, 'nome': 'N£cleo de preenchimento em resina', 'score': 0.7179}, {'codigo': 5121, 'id': 40605, 'nome': 'N£cleo de preenchimento', 'score': 0.6471}]",5100,,,,,,,,,,sem_candidato_semantico_confiavel,,Núcleo de preenchimento em ionômetro de vidro,,,50,,,,,,easy
,,,,[],[],,"[{'codigo': 5110, 'id': 40607, 'nome': 'N£cleo de preenchimento em resina', 'score': 0.9697}, {'codigo': 5121, 'id': 40605, 'nome': 'N£cleo de preenchimento', 'score': 0.7857}, {'codigo': 5100, 'id': 40606, 'nome': 'N£cleo de preenchimento em ion\x93metro de vidro', 'score': 0.7436}]",5110,,,,,,,,,,sem_candidato_semantico_confiavel,,Núcleo de preenchimento em resina,,,51,,,,,,easy
,,,,[],[],,"[{'codigo': 5120, 'id': 40608, 'nome': 'N£cleo fibra de vidro', 'score': 0.9524}, {'codigo': 5100, 'id': 40606, 'nome': 'N£cleo de preenchimento em ion\x93metro de vidro', 'score': 0.5152}, {'codigo': 8270, 'id': 40752, 'nome': 'N£cleo Metal-free est\x82tico', 'score': 0.5106}]",5120,,,,,,,,,,sem_candidato_semantico_confiavel,,Núcleo fibra de vidro,,,52,,,,,,easy
,,,,[],[],,"[{'codigo': 5130, 'id': 40609, 'nome': 'N£cleo met lico pr\x82-fabricado', 'score': 0.8966}, {'codigo': 8260, 'id': 40753, 'nome': 'N£cleo Met lico-fundido', 'score': 0.6923}, {'codigo': 8261, 'id': 40890, 'nome': 'N£cleo Met lico fundido bi-partido', 'score': 0.5714}]",5130,,,,,,,,,,sem_candidato_semantico_confiavel,,Núcleo metálico pré-fabricado,,,53,,,,,,easy
,,,,[],[],,"[{'codigo': 5140, 'id': 40610, 'nome': 'N£cleo rosqueavel - (Roach)', 'score': 0.9565}, {'codigo': 8270, 'id': 40752, 'nome': 'N£cleo Metal-free est\x82tico', 'score': 0.4898}, {'codigo': 5121, 'id': 40605, 'nome': 'N£cleo de preenchimento', 'score': 0.4783}]",5140,,,,,,,,,,sem_candidato_semantico_confiavel,,Núcleo rosqueavel - (Roach),,,54,,,,,,easy
,,,,[],[],,"[{'codigo': 5160, 'id': 40612, 'nome': 'Reconstru\x87Æo em Resina Direta - (+ de 3 Faces)', 'score': 0.9524}, {'codigo': 5230, 'id': 40619, 'nome': 'Restaura\x87Æo em Resina Direta - (3 Faces)', 'score': 0.7949}, {'codigo': 5220, 'id': 40618, 'nome': 'Restaura\x87Æo em Resina Direta - (2 Faces)', 'score': 0.7692}]",5160,,,,,,,,,,sem_candidato_semantico_confiavel,,Reconstrução em Resina Direta - (+ de 3 Faces),,,56,,,,,,easy
,,,,[],[],,"[{'codigo': 5170, 'id': 40613, 'nome': 'Restaura\x87Æo de Am lgama - 1 face', 'score': 0.9}, {'codigo': 5180, 'id': 40614, 'nome': 'Restaura\x87Æo de Am lgama - 2 faces', 'score': 0.8525}, {'codigo': 5190, 'id': 40615, 'nome': 'Restaura\x87Æo de Am lgama - 3 faces', 'score': 0.8525}]",5170,,,,,,,,,,sem_candidato_semantico_confiavel,,Restauração de Amálgama - 1 face,,,57,,,,,,easy
,,,,[],[],,"[{'codigo': 5180, 'id': 40614, 'nome': 'Restaura\x87Æo de Am lgama - 2 faces', 'score': 0.9032}, {'codigo': 5190, 'id': 40615, 'nome': 'Restaura\x87Æo de Am lgama - 3 faces', 'score': 0.871}, {'codigo': 5170, 'id': 40613, 'nome': 'Restaura\x87Æo de Am lgama - 1 face', 'score': 0.8525}]",5180,,,,,,,,,,sem_candidato_semantico_confiavel,,Restauração de Amálgama - 2 faces,,,58,,,,,,easy
,,,,[],[],,"[{'codigo': 5190, 'id': 40615, 'nome': 'Restaura\x87Æo de Am lgama - 3 faces', 'score': 0.9032}, {'codigo': 5180, 'id': 40614, 'nome': 'Restaura\x87Æo de Am lgama - 2 faces', 'score': 0.871}, {'codigo': 5170, 'id': 40613, 'nome': 'Restaura\x87Æo de Am lgama - 1 face', 'score': 0.8525}]",5190,,,,,,,,,,sem_candidato_semantico_confiavel,,Restauração de Amálgama - 3 faces,,,59,,,,,,easy
,,,,[],[],,"[{'codigo': 5250, 'id': 40621, 'nome': 'Restaura\x87Æo em Resina Direta - (Classe V)', 'score': 0.6667}, {'codigo': 5240, 'id': 40620, 'nome': 'Restaura\x87Æo em Resina Direta - (Classe IV)', 'score': 0.6582}, {'codigo': 5210, 'id': 40617, 'nome': 'Restaura\x87Æo em Resina Direta - (1 Face)', 'score': 0.5526}]",5200,,,,,,,,,,sem_candidato_semantico_confiavel,,Restauração de ionômero de vidro - classe V,,,60,,,,,,easy
,,,,[],[],,"[{'codigo': 5210, 'id': 40617, 'nome': 'Restaura\x87Æo em Resina Direta - (1 Face)', 'score': 0.9429}, {'codigo': 5220, 'id': 40618, 'nome': 'Restaura\x87Æo em Resina Direta - (2 Faces)', 'score': 0.9014}, {'codigo': 5230, 'id': 40619, 'nome': 'Restaura\x87Æo em Resina Direta - (3 Faces)', 'score': 0.9014}]",5210,,,,,,,,,,sem_candidato_semantico_confiavel,,Restauração em Resina Direta - (1 Face),,,61,,,,,,easy
,,,,[],[],,"[{'codigo': 5220, 'id': 40618, 'nome': 'Restaura\x87Æo em Resina Direta - (2 Faces)', 'score': 0.9444}, {'codigo': 5230, 'id': 40619, 'nome': 'Restaura\x87Æo em Resina Direta - (3 Faces)', 'score': 0.9167}, {'codigo': 5210, 'id': 40617, 'nome': 'Restaura\x87Æo em Resina Direta - (1 Face)', 'score': 0.9014}]",5220,,,,,,,,,,sem_candidato_semantico_confiavel,,Restauração em Resina Direta - (2 Faces),,,62,,,,,,easy
,,,,[],[],,"[{'codigo': 5230, 'id': 40619, 'nome': 'Restaura\x87Æo em Resina Direta - (3 Faces)', 'score': 0.9444}, {'codigo': 5220, 'id': 40618, 'nome': 'Restaura\x87Æo em Resina Direta - (2 Faces)', 'score': 0.9167}, {'codigo': 5210, 'id': 40617, 'nome': 'Restaura\x87Æo em Resina Direta - (1 Face)', 'score': 0.9014}]",5230,,,,,,,,,,sem_candidato_semantico_confiavel,,Restauração em Resina Direta - (3 Faces),,,63,,,,,,easy
,,,,[],[],,"[{'codigo': 5240, 'id': 40620, 'nome': 'Restaura\x87Æo em Resina Direta - (Classe IV)', 'score': 0.9474}, {'codigo': 5250, 'id': 40621, 'nome': 'Restaura\x87Æo em Resina Direta - (Classe V)', 'score': 0.9333}, {'codigo': 5210, 'id': 40617, 'nome': 'Restaura\x87Æo em Resina Direta - (1 Face)', 'score': 0.7945}]",5240,,,,,,,,,,sem_candidato_semantico_confiavel,,Restauração em Resina Direta - (Classe IV),,,64,,,,,,easy
,,,,[],[],,"[{'codigo': 5250, 'id': 40621, 'nome': 'Restaura\x87Æo em Resina Direta - (Classe V)', 'score': 0.9459}, {'codigo': 5240, 'id': 40620, 'nome': 'Restaura\x87Æo em Resina Direta - (Classe IV)', 'score': 0.9333}, {'codigo': 5210, 'id': 40617, 'nome': 'Restaura\x87Æo em Resina Direta - (1 Face)', 'score': 0.8056}]",5250,,,,,,,,,,sem_candidato_semantico_confiavel,,Restauração em Resina Direta - (Classe V),,,65,,,,,,easy
,,,,[],[],,"[{'codigo': 5260, 'id': 40622, 'nome': 'Restaura\x87Æo tempor ria (IRM ou similar)', 'score': 0.9189}, {'codigo': 5210, 'id': 40617, 'nome': 'Restaura\x87Æo em Resina Direta - (1 Face)', 'score': 0.5833}, {'codigo': 5220, 'id': 40618, 'nome': 'Restaura\x87Æo em Resina Direta - (2 Faces)', 'score': 0.5753}]",5260,,,,,,,,,,sem_candidato_semantico_confiavel,,Restauração temporária (IRM ou similar),,,66,,,,,,easy
,,,,[],[],,"[{'codigo': 5270, 'id': 40623, 'nome': 'Tratamento Expectante com H. C lcio', 'score': 0.9706}, {'codigo': 4220, 'id': 40646, 'nome': 'Tratamento de Canal - (Incisivos)', 'score': 0.5714}, {'codigo': 4230, 'id': 40647, 'nome': 'Tratamento de Canal - (Molares com mais de 3 condutos)', 'score': 0.5714}]",5270,,,,,,,,,,sem_candidato_semantico_confiavel,,Tratamento Expectante com H. Cálcio,,,67,,,,,,easy
,,,,[],[],,"[{'codigo': 4010, 'id': 40625, 'nome': 'Apicectomia em Incisivos com obtura\x87Æo retr¢grada', 'score': 0.9388}, {'codigo': 4040, 'id': 40628, 'nome': 'Apicectomia em Molares com obtura\x87Æo retr¢grada', 'score': 0.8125}, {'codigo': 4070, 'id': 40631, 'nome': 'Apicectomia em Pr\x82-molares com obtura\x87Æo retr¢grada', 'score': 0.78}]",4010,,,,,,,,,,sem_candidato_semantico_confiavel,,Apicectomia em Incisivos com obturação retrógrada,,,69,,,,,,easy
,,,,[],[],,"[{'codigo': 4040, 'id': 40628, 'nome': 'Apicectomia em Molares com obtura\x87Æo retr¢grada', 'score': 0.9362}, {'codigo': 4070, 'id': 40631, 'nome': 'Apicectomia em Pr\x82-molares com obtura\x87Æo retr¢grada', 'score': 0.898}, {'codigo': 4010, 'id': 40625, 'nome': 'Apicectomia em Incisivos com obtura\x87Æo retr¢grada', 'score': 0.8125}]",4040,,,,,,,,,,sem_candidato_semantico_confiavel,,Apicectomia em Molares com obturação retrógrada,,,72,,,,,,easy
,,,,[],[],,"[{'codigo': 4060, 'id': 40630, 'nome': 'Apicectomia em Pr\x82-molares com enxerto leofilizado', 'score': 0.98}, {'codigo': 4030, 'id': 40627, 'nome': 'Apicectomia em Molares com enxerto leofilizado', 'score': 0.9583}, {'codigo': 4000, 'id': 40624, 'nome': 'Apicectomia em Incisivos com enxerto leofilizado', 'score': 0.8367}]",4060,,,,,,,,,,sem_candidato_semantico_confiavel,,Apicectomia em Pré-molares com enxerto leofilizado,,,74,,,,,,easy
,,,,[],[],,"[{'codigo': 4070, 'id': 40631, 'nome': 'Apicectomia em Pr\x82-molares com obtura\x87Æo retr¢grada', 'score': 0.9216}, {'codigo': 4040, 'id': 40628, 'nome': 'Apicectomia em Molares com obtura\x87Æo retr¢grada', 'score': 0.898}, {'codigo': 4010, 'id': 40625, 'nome': 'Apicectomia em Incisivos com obtura\x87Æo retr¢grada', 'score': 0.78}]",4070,,,,,,,,,,sem_candidato_semantico_confiavel,,Apicectomia em Pré-molares com obturação retrógrada,,,75,,,,,,easy
,,,,[],[],,"[{'codigo': 4080, 'id': 40632, 'nome': 'Apicectomia em Pr\x82-molares curetagem apical', 'score': 0.9767}, {'codigo': 4050, 'id': 40629, 'nome': 'Apicectomia em Molares curetagem apical', 'score': 0.9512}, {'codigo': 4020, 'id': 40626, 'nome': 'Apicectomia em Incisivos curetagem apical', 'score': 0.8095}]",4080,,,,,,,,,,sem_candidato_semantico_confiavel,,Apicectomia em Pré-molares curetagem apical,,,76,,,,,,easy
,,,,[],[],,"[{'codigo': 4100, 'id': 40634, 'nome': 'Desobtura\x87Æo de canal', 'score': 0.9048}, {'codigo': 4180, 'id': 40642, 'nome': 'Retratamento de Canal - (Molares)', 'score': 0.56}, {'codigo': 5000, 'id': 40595, 'nome': 'Adequa\x87Æo de meio bucal', 'score': 0.5455}]",4100,,,,,,,,,,sem_candidato_semantico_confiavel,,Desobturação de canal,,,78,,,,,,easy
,,,,[],[],,"[{'codigo': 4110, 'id': 40635, 'nome': 'Preparo para N£cleo intra-radicular', 'score': 0.9714}, {'codigo': 4150, 'id': 40639, 'nome': 'Remo\x87Æo de n£cleo intraradicular', 'score': 0.7463}, {'codigo': 300, 'id': 40855, 'nome': 'Placa de expansÆo para mordida cruzada', 'score': 0.5205}]",4110,,,,,,,,,,sem_candidato_semantico_confiavel,,Preparo para Núcleo intra-radicular,,,79,,,,,,easy
,,,,[],[],,"[{'codigo': 4130, 'id': 40637, 'nome': 'Reimplante dentes avuls. trauma + ap. conten\x87Æo', 'score': 0.9556}, {'codigo': 7021, 'id': 40671, 'nome': 'Implante ¢sseo integr vel - H. Interno', 'score': 0.575}, {'codigo': 7022, 'id': 40670, 'nome': 'Implante ¢sseo integr vel - Cone Morse', 'score': 0.5432}]",4130,,,,,,,,,,sem_candidato_semantico_confiavel,,Reimplante dentes avuls. trauma + ap. contenção,,,81,,,,,,easy
,,,,[],[],,"[{'codigo': 4140, 'id': 40638, 'nome': 'Remo\x87Æo de Coroal Total', 'score': 0.913}, {'codigo': 2000, 'id': 40652, 'nome': 'Cimenta\x87Æo de Coroa Total Definitiva', 'score': 0.5763}, {'codigo': 2010, 'id': 40653, 'nome': 'Cimenta\x87Æo de Coroa Total Provis¢ria', 'score': 0.5763}]",4140,,,,,,,,,,sem_candidato_semantico_confiavel,,Remoção de Coroal Total,,,82,,,,,,easy
,,,,[],[],,"[{'codigo': 4150, 'id': 40639, 'nome': 'Remo\x87Æo de n£cleo intraradicular', 'score': 0.9062}, {'codigo': 4110, 'id': 40635, 'nome': 'Preparo para N£cleo intra-radicular', 'score': 0.7463}, {'codigo': 4140, 'id': 40638, 'nome': 'Remo\x87Æo de Coroal Total', 'score': 0.5455}]",4150,,,,,,,,,,sem_candidato_semantico_confiavel,,Remoção de núcleo intraradicular,,,83,,,,,,easy
,,,,[],[],,"[{'codigo': 4190, 'id': 40643, 'nome': 'Retratamento de Canal - (Pr\x82-molares)', 'score': 0.9697}, {'codigo': 4250, 'id': 40649, 'nome': 'Tratamento de Canal - (Pr\x82-molares)', 'score': 0.9375}, {'codigo': 4180, 'id': 40642, 'nome': 'Retratamento de Canal - (Molares)', 'score': 0.9355}]",4190,,,,,,,,,,sem_candidato_semantico_confiavel,,Retratamento de Canal - (Pré-molares),,,87,,,,,,easy
,,,,[],[],,"[{'codigo': 4200, 'id': 40644, 'nome': 'Tratamento cirurgico de lesÆo endo-perio - (Curetagem)', 'score': 0.98}, {'codigo': 4210, 'id': 40645, 'nome': 'Tratamento cirurgico de lesÆo endo-perio com enxerto leofilizado', 'score': 0.7719}, {'codigo': 6370, 'id': 40594, 'nome': 'Tratamento cir£rgico do l bio leporino', 'score': 0.6364}]",4200,,,,,,,,,,sem_candidato_semantico_confiavel,,Tratamento cirurgico de lesão endo-perio - (Curetagem),,,88,,,,,,easy
,,,,[],[],,"[{'codigo': 4210, 'id': 40645, 'nome': 'Tratamento cirurgico de lesÆo endo-perio com enxerto leofilizado', 'score': 0.9844}, {'codigo': 4200, 'id': 40644, 'nome': 'Tratamento cirurgico de lesÆo endo-perio - (Curetagem)', 'score': 0.7368}, {'codigo': 6370, 'id': 40594, 'nome': 'Tratamento cir£rgico do l bio leporino', 'score': 0.6275}]",4210,,,,,,,,,,sem_candidato_semantico_confiavel,,Tratamento cirurgico de lesão endo-perio com enxerto leofilizado,,,89,,,,,,easy
,,,,[],[],,"[{'codigo': 4250, 'id': 40649, 'nome': 'Tratamento de Canal - (Pr\x82-molares)', 'score': 0.9677}, {'codigo': 4190, 'id': 40643, 'nome': 'Retratamento de Canal - (Pr\x82-molares)', 'score': 0.9375}, {'codigo': 4240, 'id': 40648, 'nome': 'Tratamento de Canal - (Molares)', 'score': 0.931}]",4250,,,,,,,,,,sem_candidato_semantico_confiavel,,Tratamento de Canal - (Pré-molares),,,93,,,,,,easy
,,,,[],[],,"[{'codigo': 4260, 'id': 40650, 'nome': 'Tratamento de dentes c/ rizogenese incompleta - (Por sessÆo)', 'score': 0.9818}, {'codigo': 4230, 'id': 40647, 'nome': 'Tratamento de Canal - (Molares com mais de 3 condutos)', 'score': 0.5524}, {'codigo': 4170, 'id': 40641, 'nome': 'Retratamento de Canal - (Molares com 4 ou mais condutos)', 'score': 0.5234}]",4260,,,,,,,,,,sem_candidato_semantico_confiavel,,Tratamento de dentes c/ rizogenese incompleta - (Por sessão),,,94,,,,,,easy
,,,,[],[],,"[{'codigo': 4270, 'id': 40651, 'nome': 'Tratamento de Trepana\x87äes / Perfura\x87äes', 'score': 0.8919}, {'codigo': 4240, 'id': 40648, 'nome': 'Tratamento de Canal - (Molares)', 'score': 0.5938}, {'codigo': 4180, 'id': 40642, 'nome': 'Retratamento de Canal - (Molares)', 'score': 0.5758}]",4270,,,,,,,,,,sem_candidato_semantico_confiavel,,Tratamento de Trepanações / Perfurações,,,95,,,,,,easy
,,,,[],[],,"[{'codigo': 2000, 'id': 40652, 'nome': 'Cimenta\x87Æo de Coroa Total Definitiva', 'score': 0.9444}, {'codigo': 2010, 'id': 40653, 'nome': 'Cimenta\x87Æo de Coroa Total Provis¢ria', 'score': 0.75}, {'codigo': 3070, 'id': 40681, 'nome': 'Aumento de Coroa Cl¡nica - (Plastia)', 'score': 0.6176}]",2000,,,,,,,,,,sem_candidato_semantico_confiavel,,Cimentação de Coroa Total Definitiva,,,96,,,,,,easy
,,,,[],[],,"[{'codigo': 2010, 'id': 40653, 'nome': 'Cimenta\x87Æo de Coroa Total Provis¢ria', 'score': 0.9167}, {'codigo': 2000, 'id': 40652, 'nome': 'Cimenta\x87Æo de Coroa Total Definitiva', 'score': 0.7222}, {'codigo': 8450, 'id': 40773, 'nome': 'Reembasamento de Coroa Provis¢ria', 'score': 0.6957}]",2010,,,,,,,,,,sem_candidato_semantico_confiavel,,Cimentação de Coroa Total Provisória,,,97,,,,,,easy
,,,,[],[],,"[{'codigo': 2020, 'id': 40654, 'nome': 'Cimenta\x87Æo de N£cleo Met lico Fundido', 'score': 0.8919}, {'codigo': 8260, 'id': 40753, 'nome': 'N£cleo Met lico-fundido', 'score': 0.7}, {'codigo': 8261, 'id': 40890, 'nome': 'N£cleo Met lico fundido bi-partido', 'score': 0.5915}]",2020,,,,,,,,,,sem_candidato_semantico_confiavel,,Cimentação de Núcleo Metálico Fundido,,,98,,,,,,easy
,,,,[],[],,"[{'codigo': 2030, 'id': 40655, 'nome': 'Cimenta\x87Æo de Pr¢tese Parcial Fixa', 'score': 0.9118}, {'codigo': 8020, 'id': 40724, 'nome': 'Conserto de Pr¢tese Total e Parcial', 'score': 0.6377}, {'codigo': 2000, 'id': 40652, 'nome': 'Cimenta\x87Æo de Coroa Total Definitiva', 'score': 0.5714}]",2030,,,,,,,,,,sem_candidato_semantico_confiavel,,Cimentação de Prótese Parcial Fixa,,,99,,,,,,easy
,,,,[],[],,"[{'codigo': 2040, 'id': 40656, 'nome': 'Consulta de adapta\x87Æo Psicol¢gica', 'score': 0.9091}, {'codigo': 2081, 'id': 40880, 'nome': 'Consulta de Reavalia\x87Æo Cl¡nica', 'score': 0.6875}, {'codigo': 2060, 'id': 40658, 'nome': 'Consulta de Emerg\x88ncia - (S bado, Domingo e Feriado)', 'score': 0.5}]",2040,,,,,,,,,,sem_candidato_semantico_confiavel,,Consulta de adaptação Psicológica,,,100,,,,,,easy
,,,,[],[],,"[{'codigo': 2050, 'id': 40657, 'nome': 'Consulta de Emerg\x88ncia', 'score': 0.9545}, {'codigo': 2060, 'id': 40658, 'nome': 'Consulta de Emerg\x88ncia - (S bado, Domingo e Feriado)', 'score': 0.6087}, {'codigo': 2070, 'id': 40659, 'nome': 'Consulta de Emerg\x88ncia Noturna - (22:00 s 06:00 hs)', 'score': 0.6087}]",2050,,,,,,,,,,sem_candidato_semantico_confiavel,,Consulta de Emergência,,,101,,,,,,easy
,,,,[],[],,"[{'codigo': 2060, 'id': 40658, 'nome': 'Consulta de Emerg\x88ncia - (S bado, Domingo e Feriado)', 'score': 0.9574}, {'codigo': 2050, 'id': 40657, 'nome': 'Consulta de Emerg\x88ncia', 'score': 0.6087}, {'codigo': 2070, 'id': 40659, 'nome': 'Consulta de Emerg\x88ncia Noturna - (22:00 s 06:00 hs)', 'score': 0.5532}]",2060,,,,,,,,,,sem_candidato_semantico_confiavel,,"Consulta de Emergência - (Sábado, Domingo e Feriado)",,,102,,,,,,easy
,,,,[],[],,"[{'codigo': 2070, 'id': 40659, 'nome': 'Consulta de Emerg\x88ncia Noturna - (22:00 s 06:00 hs)', 'score': 0.9684}, {'codigo': 2050, 'id': 40657, 'nome': 'Consulta de Emerg\x88ncia', 'score': 0.6}, {'codigo': 2060, 'id': 40658, 'nome': 'Consulta de Emerg\x88ncia - (S bado, Domingo e Feriado)', 'score': 0.5474}]",2070,,,,,,,,,,sem_candidato_semantico_confiavel,,Consulta de Emergência Noturna - (22:00 às 06:00 hs),,,103,,,,,,easy
,,,,[],[],,"[{'codigo': 2080, 'id': 40660, 'nome': 'Consulta Inicial para Exame cl¡nico', 'score': 0.9714}, {'codigo': 8310, 'id': 40757, 'nome': 'Placa para Clareamento', 'score': 0.4912}, {'codigo': 2060, 'id': 40658, 'nome': 'Consulta de Emerg\x88ncia - (S bado, Domingo e Feriado)', 'score': 0.4634}]",2080,,,,,,,,,,sem_candidato_semantico_confiavel,,Consulta Inicial para Exame clínico,,,104,,,,,,easy
,,,,[],[],,"[{'codigo': 2100, 'id': 40662, 'nome': 'Exame para Per¡cia Inicial e Final', 'score': 0.9706}, {'codigo': 275, 'id': 40830, 'nome': 'Grade palatina fixa', 'score': 0.4906}, {'codigo': 2140, 'id': 40666, 'nome': 'Radiografia Periapical', 'score': 0.4643}]",2100,,,,,,,,,,sem_candidato_semantico_confiavel,,Exame para Perícia Inicial e Final,,,106,,,,,,easy
,,,,[],[],,"[{'codigo': 7000, 'id': 40668, 'nome': 'Implante - (t\x82cnica de Sammers)', 'score': 0.963}, {'codigo': 7023, 'id': 40887, 'nome': 'Implante Cone Morse + Enxerto', 'score': 0.5714}, {'codigo': 299, 'id': 40854, 'nome': 'Placa de Eschler', 'score': 0.5581}]",7000,,,,,,,,,,sem_candidato_semantico_confiavel,,Implante - (técnica de Sammers),,,112,,,,,,easy
,,,,[],[],,"[{'codigo': 7022, 'id': 40670, 'nome': 'Implante ¢sseo integr vel - Cone Morse', 'score': 0.9444}, {'codigo': 7020, 'id': 40672, 'nome': 'Implante ¢sseo integr vel - Standard', 'score': 0.7429}, {'codigo': 7021, 'id': 40671, 'nome': 'Implante ¢sseo integr vel - H. Interno', 'score': 0.7042}]",7022,,,,,,,,,,sem_candidato_semantico_confiavel,,Implante ósseo integrável - Cone Morse,,,114,,,,,,easy
,,,,[],[],,"[{'codigo': 7021, 'id': 40671, 'nome': 'Implante ¢sseo integr vel - H. Interno', 'score': 0.9429}, {'codigo': 7020, 'id': 40672, 'nome': 'Implante ¢sseo integr vel - Standard', 'score': 0.7536}, {'codigo': 7022, 'id': 40670, 'nome': 'Implante ¢sseo integr vel - Cone Morse', 'score': 0.7324}]",7021,,,,,,,,,,sem_candidato_semantico_confiavel,,Implante ósseo integrável - H. Interno,,,115,,,,,,easy
,,,,[],[],,"[{'codigo': 7020, 'id': 40672, 'nome': 'Implante ¢sseo integr vel - Standard', 'score': 0.9412}, {'codigo': 7021, 'id': 40671, 'nome': 'Implante ¢sseo integr vel - H. Interno', 'score': 0.7536}, {'codigo': 7022, 'id': 40670, 'nome': 'Implante ¢sseo integr vel - Cone Morse', 'score': 0.7143}]",7020,,,,,,,,,,sem_candidato_semantico_confiavel,,Implante ósseo integrável - Standard,,,116,,,,,,easy
,,,,[],[],,"[{'codigo': 7030, 'id': 40673, 'nome': 'Remo\x87Æo de implante', 'score': 0.8947}, {'codigo': 3020, 'id': 40676, 'nome': 'Abertura de implante - (Plastia)', 'score': 0.5532}, {'codigo': 255, 'id': 40810, 'nome': 'BotÆo de Nance', 'score': 0.5455}]",7030,,,,,,,,,,sem_candidato_semantico_confiavel,,Remoção de implante,,,117,,,,,,easy
,,,,[],[],,"[{'codigo': 3050, 'id': 40679, 'nome': 'Aumento de Coroa Cl¡nica - (Osteotomia e deslize apical)', 'score': 0.9808}, {'codigo': 3060, 'id': 40680, 'nome': 'Aumento de Coroa Cl¡nica - (Osteotomia)', 'score': 0.7816}, {'codigo': 3070, 'id': 40681, 'nome': 'Aumento de Coroa Cl¡nica - (Plastia)', 'score': 0.6667}]",3050,,,,,,,,,,sem_candidato_semantico_confiavel,,Aumento de Coroa Clínica - (Osteotomia e deslize apical),,,123,,,,,,easy
,,,,[],[],,"[{'codigo': 3060, 'id': 40680, 'nome': 'Aumento de Coroa Cl¡nica - (Osteotomia)', 'score': 0.9714}, {'codigo': 3070, 'id': 40681, 'nome': 'Aumento de Coroa Cl¡nica - (Plastia)', 'score': 0.8358}, {'codigo': 3050, 'id': 40679, 'nome': 'Aumento de Coroa Cl¡nica - (Osteotomia e deslize apical)', 'score': 0.7816}]",3060,,,,,,,,,,sem_candidato_semantico_confiavel,,Aumento de Coroa Clínica - (Osteotomia),,,124,,,,,,easy
,,,,[],[],,"[{'codigo': 3070, 'id': 40681, 'nome': 'Aumento de Coroa Cl¡nica - (Plastia)', 'score': 0.9688}, {'codigo': 3060, 'id': 40680, 'nome': 'Aumento de Coroa Cl¡nica - (Osteotomia)', 'score': 0.8358}, {'codigo': 3050, 'id': 40679, 'nome': 'Aumento de Coroa Cl¡nica - (Osteotomia e deslize apical)', 'score': 0.6667}]",3070,,,,,,,,,,sem_candidato_semantico_confiavel,,Aumento de Coroa Clínica - (Plastia),,,125,,,,,,easy
,,,,[],[],,"[{'codigo': 3090, 'id': 40683, 'nome': 'Cirurgia para colagem de botÆo Ortod\x93ntico', 'score': 0.9524}, {'codigo': 3100, 'id': 40684, 'nome': 'Cirurgia para colagem de botÆo Ortod\x93ntico com osteotomia', 'score': 0.8081}, {'codigo': 6060, 'id': 40563, 'nome': 'Cirurgia para Osteoma e Odontoma', 'score': 0.6216}]",3090,,,,,,,,,,sem_candidato_semantico_confiavel,,Cirurgia para colagem de botão Ortodôntico,,,127,,,,,,easy
,,,,[],[],,"[{'codigo': 3100, 'id': 40684, 'nome': 'Cirurgia para colagem de botÆo Ortod\x93ntico com osteotomia', 'score': 0.9649}, {'codigo': 3090, 'id': 40683, 'nome': 'Cirurgia para colagem de botÆo Ortod\x93ntico', 'score': 0.8081}, {'codigo': 6050, 'id': 40562, 'nome': 'Cirurgia para Microstomia', 'score': 0.5854}]",3100,,,,,,,,,,sem_candidato_semantico_confiavel,,Cirurgia para colagem de botão Ortodôntico com osteotomia,,,128,,,,,,easy
,,,,[],[],,"[{'codigo': 3110, 'id': 40685, 'nome': 'Cirurgia para Odonto-sec\x87Æo - (por elemento)', 'score': 0.95}, {'codigo': 3150, 'id': 40689, 'nome': 'Cirurgia Periodontal a retalho - (por segmento)', 'score': 0.7229}, {'codigo': 3140, 'id': 40688, 'nome': 'Cirurgia Periodontal a retalho - (1 elemento)', 'score': 0.6667}]",3110,,,,,,,,,,sem_candidato_semantico_confiavel,,Cirurgia para Odonto-secção - (por elemento),,,129,,,,,,easy
,,,,[],[],,"[{'codigo': 3130, 'id': 40687, 'nome': 'Enxerto de conjuntivo / tuneliza\x87Æo', 'score': 0.9394}, {'codigo': 3170, 'id': 40691, 'nome': 'Enxerto de Tecido Conjuntivo', 'score': 0.6885}, {'codigo': 3180, 'id': 40692, 'nome': 'Enxerto Gengival Livre', 'score': 0.5455}]",3130,,,,,,,,,,sem_candidato_semantico_confiavel,,Enxerto de conjuntivo / tunelização,,,131,,,,,,easy
,,,,[],[],,"[{'codigo': 3190, 'id': 40693, 'nome': 'Enxerto Osseo RTG - (Regenera\x87Æo Tecidual Guiada)', 'score': 0.9556}, {'codigo': 7070, 'id': 40892, 'nome': 'Regenera\x87Æo ¢ssea guiada - ROG', 'score': 0.5205}, {'codigo': 7040, 'id': 40667, 'nome': 'Enxerto Osseo Particulado + Membrana colageno.', 'score': 0.4889}]",3190,,,,,,,,,,sem_candidato_semantico_confiavel,,Enxerto Osseo RTG - (Regeneração Tecidual Guiada),,,137,,,,,,easy
,,,,[],[],,"[{'codigo': 3250, 'id': 40699, 'nome': 'Frenotomia L bial Inferior', 'score': 0.9615}, {'codigo': 3230, 'id': 40697, 'nome': 'Frenectomia labial inferior', 'score': 0.9057}, {'codigo': 3260, 'id': 40700, 'nome': 'Frenotomia L bial Superior', 'score': 0.8462}]",3250,,,,,,,,,,sem_candidato_semantico_confiavel,,Frenotomia Lábial Inferior,,,143,,,,,,easy
,,,,[],[],,"[{'codigo': 3260, 'id': 40700, 'nome': 'Frenotomia L bial Superior', 'score': 0.9615}, {'codigo': 3240, 'id': 40698, 'nome': 'Frenectomia labial superior', 'score': 0.9057}, {'codigo': 3250, 'id': 40699, 'nome': 'Frenotomia L bial Inferior', 'score': 0.8462}]",3260,,,,,,,,,,sem_candidato_semantico_confiavel,,Frenotomia Lábial Superior,,,144,,,,,,easy
,,,,[],[],,"[{'codigo': 3320, 'id': 40706, 'nome': 'Manuten\x87Æo Periodontal - (por sessÆo)', 'score': 0.9091}, {'codigo': 5010, 'id': 40596, 'nome': 'Ajuste oclusal - (por sessÆo)', 'score': 0.5862}, {'codigo': 3150, 'id': 40689, 'nome': 'Cirurgia Periodontal a retalho - (por segmento)', 'score': 0.5526}]",3320,,,,,,,,,,sem_candidato_semantico_confiavel,,Manutenção Periodontal - (por sessão),,,150,,,,,,easy
,,,,[],[],,"[{'codigo': 3350, 'id': 40709, 'nome': 'Remo\x87Æo de Fatores de Reten\x87Æo - (por segmento)', 'score': 0.907}, {'codigo': 3150, 'id': 40689, 'nome': 'Cirurgia Periodontal a retalho - (por segmento)', 'score': 0.5581}, {'codigo': 1010, 'id': 40713, 'nome': 'Aplica\x87Æo de Fl£or Verniz - (por elemento)', 'score': 0.5432}]",3350,,,,,,,,,,sem_candidato_semantico_confiavel,,Remoção de Fatores de Retenção - (por segmento),,,153,,,,,,easy
,,,,[],[],,"[{'codigo': 1000, 'id': 40712, 'nome': 'Aplica\x87Æo de Cariost tico - (sessÆo)', 'score': 0.875}, {'codigo': 6300, 'id': 40587, 'nome': 'Marzupializa\x87Æo de cisto', 'score': 0.5357}, {'codigo': 323, 'id': 40878, 'nome': 'Alinhadores Est\x82ticos', 'score': 0.5283}]",1000,,,,,,,,,,sem_candidato_semantico_confiavel,,Aplicação de Cariostático - (sessão),,,156,,,,,,easy
,,,,[],[],,"[{'codigo': 1010, 'id': 40713, 'nome': 'Aplica\x87Æo de Fl£or Verniz - (por elemento)', 'score': 0.9211}, {'codigo': 1020, 'id': 40714, 'nome': 'Aplica\x87Æo de Selnate Oclusa Invasivo - (por elemento)', 'score': 0.6667}, {'codigo': 5060, 'id': 40601, 'nome': 'Dessensibiliza\x87Æo dent ria - (por elemento)', 'score': 0.5974}]",1010,,,,,,,,,,sem_candidato_semantico_confiavel,,Aplicação de Flúor Verniz - (por elemento),,,157,,,,,,easy
,,,,[],[],,"[{'codigo': 1020, 'id': 40714, 'nome': 'Aplica\x87Æo de Selnate Oclusa Invasivo - (por elemento)', 'score': 0.9592}, {'codigo': 1010, 'id': 40713, 'nome': 'Aplica\x87Æo de Fl£or Verniz - (por elemento)', 'score': 0.6207}, {'codigo': 3340, 'id': 40708, 'nome': 'Raspagem Supra-gengival - (por segmento)', 'score': 0.5412}]",1020,,,,,,,,,,sem_candidato_semantico_confiavel,,Aplicação de Selnate Oclusa Invasivo - (por elemento),,,158,,,,,,easy
,,,,[],[],,"[{'codigo': 1030, 'id': 40715, 'nome': 'Aplica\x87Æo T¢pica de Fl£or', 'score': 0.84}, {'codigo': 299, 'id': 40854, 'nome': 'Placa de Eschler', 'score': 0.5366}, {'codigo': 305, 'id': 40860, 'nome': 'Placa de Roberts', 'score': 0.5366}]",1030,,,,,,,,,,sem_candidato_semantico_confiavel,,Aplicação Tópica de Flúor,,,159,,,,,,easy
,,,,[],[],,"[{'codigo': 1040, 'id': 40716, 'nome': 'Controle da Placa Bacteriana - (por sessÆo)', 'score': 0.9744}, {'codigo': 261, 'id': 40816, 'nome': 'Conten\x87Æo m¢vel - (Placa de acet to)', 'score': 0.507}, {'codigo': 8100, 'id': 40732, 'nome': 'Coroa Metal-free sob implante - (Cerampress)', 'score': 0.5063}]",1040,,,,,,,,,,sem_candidato_semantico_confiavel,,Controle da Placa Bacteriana - (por sessão),,,160,,,,,,easy
,,,,[],[],,"[{'codigo': 1050, 'id': 40717, 'nome': 'Instru\x87Æo de Higiene Oral - (I.H.O.)', 'score': 0.9355}, {'codigo': 6030, 'id': 40560, 'nome': 'Cirurgia de Hipertrofia de L bio', 'score': 0.5079}, {'codigo': 2030, 'id': 40655, 'nome': 'Cimenta\x87Æo de Pr¢tese Parcial Fixa', 'score': 0.4923}]",1050,,,,,,,,,,sem_candidato_semantico_confiavel,,Instrução de Higiene Oral - (I.H.O.),,,161,,,,,,easy
,,,,[],[],,"[{'codigo': 1060, 'id': 40718, 'nome': 'Profilaxia - (Polimento com ta\x87a de borracha)', 'score': 0.9756}, {'codigo': 1070, 'id': 40719, 'nome': 'Profilaxia - (Ultrason e Jato de Bicarbonato)', 'score': 0.5366}, {'codigo': 6360, 'id': 40593, 'nome': 'Tratamento de hemorragia', 'score': 0.5231}]",1060,,,,,,,,,,sem_candidato_semantico_confiavel,,Profilaxia - (Polimento com taça de borracha),,,162,,,,,,easy
,,,,[],[],,"[{'codigo': 1090, 'id': 40721, 'nome': 'Teste de Risco de C rie', 'score': 0.9565}, {'codigo': 1080, 'id': 40720, 'nome': 'Teste de fluxo salivar', 'score': 0.5333}, {'codigo': 6170, 'id': 40574, 'nome': 'ExcisÆo de Mucocele', 'score': 0.4762}]",1090,,,,,,,,,,sem_candidato_semantico_confiavel,,Teste de Risco de Cárie,,,165,,,,,,easy
,,,,[],[],,"[{'codigo': 8020, 'id': 40724, 'nome': 'Conserto de Pr¢tese Total e Parcial', 'score': 0.9714}, {'codigo': 8460, 'id': 40774, 'nome': 'Reembasamento Pr¢tese Total ou Parcial', 'score': 0.6849}, {'codigo': 2030, 'id': 40655, 'nome': 'Cimenta\x87Æo de Pr¢tese Parcial Fixa', 'score': 0.6377}]",8020,,,,,,,,,,sem_candidato_semantico_confiavel,,Conserto de Prótese Total e Parcial,,,168,,,,,,easy
,,,,[],[],,"[{'codigo': 8140, 'id': 40736, 'nome': 'Coroa metalo-cer\x83mica', 'score': 0.9524}, {'codigo': 8150, 'id': 40737, 'nome': 'Coroa Metalo-cer\x83mica sob implante', 'score': 0.7273}, {'codigo': 8070, 'id': 40729, 'nome': 'Coroa Metal-free - (Inceram)', 'score': 0.7111}]",8140,,,,,,,,,,sem_candidato_semantico_confiavel,,Coroa metalo-cerâmica,,,180,,,,,,easy
,,,,[],[],,"[{'codigo': 8150, 'id': 40737, 'nome': 'Coroa Metalo-cer\x83mica sob implante', 'score': 0.9706}, {'codigo': 8050, 'id': 40727, 'nome': 'Coroa em Resina sob implante', 'score': 0.7419}, {'codigo': 8110, 'id': 40733, 'nome': 'Coroa Metal-free sob implante - (Inceram)', 'score': 0.7324}]",8150,,,,,,,,,,sem_candidato_semantico_confiavel,,Coroa Metalo-cerâmica sob implante,,,181,,,,,,easy
,,,,[],[],,"[{'codigo': 8160, 'id': 40738, 'nome': 'Coroa Provis¢ria Imediata', 'score': 0.96}, {'codigo': 8171, 'id': 40883, 'nome': 'Coroa Provis¢ria Imediata sob implante', 'score': 0.7619}, {'codigo': 8190, 'id': 40742, 'nome': 'Coroa Provis¢ria de Laborat¢rio', 'score': 0.6786}]",8160,,,,,,,,,,sem_candidato_semantico_confiavel,,Coroa Provisória Imediata,,,182,,,,,,easy
,,,,[],[],,"[{'codigo': 8161, 'id': 40739, 'nome': 'Coroa Provis¢ria de Onlay / Inlay', 'score': 0.9677}, {'codigo': 8190, 'id': 40742, 'nome': 'Coroa Provis¢ria de Laborat¢rio', 'score': 0.7097}, {'codigo': 8160, 'id': 40738, 'nome': 'Coroa Provis¢ria Imediata', 'score': 0.6786}]",8161,,,,,,,,,,sem_candidato_semantico_confiavel,,Coroa Provisória de Onlay / Inlay,,,183,,,,,,easy
,,,,[],[],,"[{'codigo': 8170, 'id': 40740, 'nome': 'Coroa Provis¢ria de Laborat¢rio sob implante', 'score': 0.9545}, {'codigo': 8171, 'id': 40883, 'nome': 'Coroa Provis¢ria Imediata sob implante', 'score': 0.7805}, {'codigo': 8190, 'id': 40742, 'nome': 'Coroa Provis¢ria de Laborat¢rio', 'score': 0.7733}]",8170,,,,,,,,,,sem_candidato_semantico_confiavel,,Coroa Provisória de Laboratório sob implante,,,184,,,,,,easy
,,,,[],[],,"[{'codigo': 8180, 'id': 40741, 'nome': 'Coroa met lica total', 'score': 0.95}, {'codigo': 8140, 'id': 40736, 'nome': 'Coroa metalo-cer\x83mica', 'score': 0.6341}, {'codigo': 4140, 'id': 40638, 'nome': 'Remo\x87Æo de Coroal Total', 'score': 0.5581}]",8180,,,,,,,,,,sem_candidato_semantico_confiavel,,Coroa metálica total,,,185,,,,,,easy
,,,,[],[],,"[{'codigo': 8190, 'id': 40742, 'nome': 'Coroa Provis¢ria de Laborat¢rio', 'score': 0.9355}, {'codigo': 8170, 'id': 40740, 'nome': 'Coroa Provis¢ria de Laborat¢rio sob implante', 'score': 0.7733}, {'codigo': 8161, 'id': 40739, 'nome': 'Coroa Provis¢ria de Onlay / Inlay', 'score': 0.7097}]",8190,,,,,,,,,,sem_candidato_semantico_confiavel,,Coroa Provisória de Laboratório,,,186,,,,,,easy
,,,,[],[],,"[{'codigo': 8481, 'id': 40744, 'nome': 'E-MAX - Restaura\x87Æo Onlay / Inlay em Dissilicato de l¡tio', 'score': 0.9434}, {'codigo': 8490, 'id': 40777, 'nome': 'Restaura\x87Æo Onlay / Inlay em Ceromero', 'score': 0.6591}, {'codigo': 8482, 'id': 40888, 'nome': 'E-MAX - Jaqueta pura em dissilicato', 'score': 0.6279}]",8481,,,,,,,,,,sem_candidato_semantico_confiavel,,E-MAX - Restauração Onlay / Inlay em Dissilicato de lítio,,,188,,,,,,easy
,,,,[],[],,"[{'codigo': 8200, 'id': 40745, 'nome': 'Enceramento de diagn¢stico - (por elemento)', 'score': 0.9744}, {'codigo': 8210, 'id': 40746, 'nome': 'Enceramento de diagn¢stico por elemento sob implante', 'score': 0.8352}, {'codigo': 3200, 'id': 40694, 'nome': 'Enxerto Pediculado - (por elemento)', 'score': 0.7143}]",8200,,,,,,,,,,sem_candidato_semantico_confiavel,,Enceramento de diagnóstico - (por elemento),,,189,,,,,,easy
,,,,[],[],,"[{'codigo': 8210, 'id': 40746, 'nome': 'Enceramento de diagn¢stico por elemento sob implante', 'score': 0.9808}, {'codigo': 8200, 'id': 40745, 'nome': 'Enceramento de diagn¢stico - (por elemento)', 'score': 0.8352}, {'codigo': 3200, 'id': 40694, 'nome': 'Enxerto Pediculado - (por elemento)', 'score': 0.6024}]",8210,,,,,,,,,,sem_candidato_semantico_confiavel,,Enceramento de diagnóstico por elemento sob implante,,,190,,,,,,easy
,,,,[],[],,"[{'codigo': 8250, 'id': 40750, 'nome': 'Jig ou Front-Plat\x93', 'score': 0.9444}, {'codigo': 269, 'id': 40824, 'nome': 'Djuntor palatino', 'score': 0.5294}, {'codigo': 285, 'id': 40840, 'nome': 'Palatina ou arco lingual', 'score': 0.4286}]",8250,,,,,,,,,,sem_candidato_semantico_confiavel,,Jig ou Front-Platô,,,194,,,,,,easy
,,,,[],[],,"[{'codigo': 8151, 'id': 40751, 'nome': 'MunhÆo Universal - CM', 'score': 0.9474}, {'codigo': 283, 'id': 40838, 'nome': 'Mentoneira', 'score': 0.4828}, {'codigo': 3160, 'id': 40690, 'nome': 'Cunha Distal ou Proximal', 'score': 0.4651}]",8151,,,,,,,,,,sem_candidato_semantico_confiavel,,Munhão Universal - CM,,,195,,,,,,easy
,,,,[],[],,"[{'codigo': 8270, 'id': 40752, 'nome': 'N£cleo Metal-free est\x82tico', 'score': 0.9231}, {'codigo': 8060, 'id': 40728, 'nome': 'Coroa Metal-free - (Cerampress)', 'score': 0.6038}, {'codigo': 8070, 'id': 40729, 'nome': 'Coroa Metal-free - (Inceram)', 'score': 0.6}]",8270,,,,,,,,,,sem_candidato_semantico_confiavel,,Núcleo Metal-free estético,,,196,,,,,,easy
,,,,[],[],,"[{'codigo': 8260, 'id': 40753, 'nome': 'N£cleo Met lico-fundido', 'score': 0.913}, {'codigo': 8261, 'id': 40890, 'nome': 'N£cleo Met lico fundido bi-partido', 'score': 0.7368}, {'codigo': 2020, 'id': 40654, 'nome': 'Cimenta\x87Æo de N£cleo Met lico Fundido', 'score': 0.7}]",8260,,,,,,,,,,sem_candidato_semantico_confiavel,,Núcleo Metálico-fundido,,,197,,,,,,easy
,,,,[],[],,"[{'codigo': 8300, 'id': 40755, 'nome': 'Placa para Bruxismo Acr¡lica', 'score': 0.9643}, {'codigo': 8305, 'id': 40756, 'nome': 'Placa para Bruxismo Mista - (Erkoflex)', 'score': 0.7419}, {'codigo': 8315, 'id': 40873, 'nome': 'Placa para Ortose', 'score': 0.5778}]",8300,,,,,,,,,,sem_candidato_semantico_confiavel,,Placa para Bruxismo Acrílica,,,200,,,,,,easy
,,,,[],[],,"[{'codigo': 8320, 'id': 40758, 'nome': 'Pr¢tese Parcial Fixa Adesiva Metal-free', 'score': 0.9744}, {'codigo': 8330, 'id': 40759, 'nome': 'Pr¢tese Parcial Fixa Acrilica sob Implante', 'score': 0.642}, {'codigo': 8340, 'id': 40760, 'nome': 'Pr¢tese Parcial Fixa Metalo-cer\x83mica - (1 P\x93ntico)', 'score': 0.6353}]",8320,,,,,,,,,,sem_candidato_semantico_confiavel,,Prótese Parcial Fixa Adesiva Metal-free,,,203,,,,,,easy
,,,,[],[],,"[{'codigo': 8330, 'id': 40759, 'nome': 'Pr¢tese Parcial Fixa Acrilica sob Implante', 'score': 0.9762}, {'codigo': 8340, 'id': 40760, 'nome': 'Pr¢tese Parcial Fixa Metalo-cer\x83mica - (1 P\x93ntico)', 'score': 0.7045}, {'codigo': 8350, 'id': 40761, 'nome': 'Pr¢tese Parcial Fixa Metalo-cer\x83mica - (2 P\x93nticos)', 'score': 0.6966}]",8330,,,,,,,,,,sem_candidato_semantico_confiavel,,Prótese Parcial Fixa Acrilica sob Implante,,,204,,,,,,easy
,,,,[],[],,"[{'codigo': 8340, 'id': 40760, 'nome': 'Pr¢tese Parcial Fixa Metalo-cer\x83mica - (1 P\x93ntico)', 'score': 0.9348}, {'codigo': 8350, 'id': 40761, 'nome': 'Pr¢tese Parcial Fixa Metalo-cer\x83mica - (2 P\x93nticos)', 'score': 0.9032}, {'codigo': 8360, 'id': 40762, 'nome': 'Pr¢tese Parcial Fixa Metalo-plastica - (1 P\x93ntico)', 'score': 0.8478}]",8340,,,,,,,,,,sem_candidato_semantico_confiavel,,Prótese Parcial Fixa Metalo-cerâmica - (1 Pôntico),,,205,,,,,,easy
,,,,[],[],,"[{'codigo': 8350, 'id': 40761, 'nome': 'Pr¢tese Parcial Fixa Metalo-cer\x83mica - (2 P\x93nticos)', 'score': 0.9362}, {'codigo': 8340, 'id': 40760, 'nome': 'Pr¢tese Parcial Fixa Metalo-cer\x83mica - (1 P\x93ntico)', 'score': 0.9032}, {'codigo': 8361, 'id': 40763, 'nome': 'Pr¢tese Parcial Fixa Metalo-plastica - (2 P\x93nticos)', 'score': 0.8511}]",8350,,,,,,,,,,sem_candidato_semantico_confiavel,,Prótese Parcial Fixa Metalo-cerâmica - (2 Pônticos),,,206,,,,,,easy
,,,,[],[],,"[{'codigo': 8360, 'id': 40762, 'nome': 'Pr¢tese Parcial Fixa Metalo-plastica - (1 P\x93ntico)', 'score': 0.9565}, {'codigo': 8361, 'id': 40763, 'nome': 'Pr¢tese Parcial Fixa Metalo-plastica - (2 P\x93nticos)', 'score': 0.9247}, {'codigo': 8340, 'id': 40760, 'nome': 'Pr¢tese Parcial Fixa Metalo-cer\x83mica - (1 P\x93ntico)', 'score': 0.8478}]",8360,,,,,,,,,,sem_candidato_semantico_confiavel,,Prótese Parcial Fixa Metalo-plastica - (1 Pôntico),,,207,,,,,,easy
,,,,[],[],,"[{'codigo': 8361, 'id': 40763, 'nome': 'Pr¢tese Parcial Fixa Metalo-plastica - (2 P\x93nticos)', 'score': 0.9574}, {'codigo': 8360, 'id': 40762, 'nome': 'Pr¢tese Parcial Fixa Metalo-plastica - (1 P\x93ntico)', 'score': 0.9247}, {'codigo': 8350, 'id': 40761, 'nome': 'Pr¢tese Parcial Fixa Metalo-cer\x83mica - (2 P\x93nticos)', 'score': 0.8511}]",8361,,,,,,,,,,sem_candidato_semantico_confiavel,,Prótese Parcial Fixa Metalo-plastica - (2 Pônticos),,,208,,,,,,easy
,,,,[],[],,"[{'codigo': 8370, 'id': 40764, 'nome': 'Pr¢tese Parcial Fixa Provis¢ria - (1 P\x93ntico)', 'score': 0.9268}, {'codigo': 8340, 'id': 40760, 'nome': 'Pr¢tese Parcial Fixa Metalo-cer\x83mica - (1 P\x93ntico)', 'score': 0.7356}, {'codigo': 8360, 'id': 40762, 'nome': 'Pr¢tese Parcial Fixa Metalo-plastica - (1 P\x93ntico)', 'score': 0.7356}]",8370,,,,,,,,,,sem_candidato_semantico_confiavel,,Prótese Parcial Fixa Provisória - (1 Pôntico),,,209,,,,,,easy
,,,,[],[],,"[{'codigo': 8380, 'id': 40765, 'nome': 'Pr¢tese Parcial Remov¡vel - (Importada) / (por arcada)', 'score': 0.9565}, {'codigo': 8390, 'id': 40766, 'nome': 'Pr¢tese Parcial Remov¡vel - (por arcada)', 'score': 0.8293}, {'codigo': 8400, 'id': 40767, 'nome': 'Pr¢tese Parcial Remov¡vel Provis¢ria - (por arcada)', 'score': 0.8172}]",8380,,,,,,,,,,sem_candidato_semantico_confiavel,,Prótese Parcial Removível - (Importada) / (por arcada),,,210,,,,,,easy
,,,,[],[],,"[{'codigo': 8390, 'id': 40766, 'nome': 'Pr¢tese Parcial Remov¡vel - (por arcada)', 'score': 0.9444}, {'codigo': 8380, 'id': 40765, 'nome': 'Pr¢tese Parcial Remov¡vel - (Importada) / (por arcada)', 'score': 0.8293}, {'codigo': 8400, 'id': 40767, 'nome': 'Pr¢tese Parcial Remov¡vel Provis¢ria - (por arcada)', 'score': 0.8193}]",8390,,,,,,,,,,sem_candidato_semantico_confiavel,,Prótese Parcial Removível - (por arcada),,,211,,,,,,easy
,,,,[],[],,"[{'codigo': 8400, 'id': 40767, 'nome': 'Pr¢tese Parcial Remov¡vel Provis¢ria - (por arcada)', 'score': 0.9362}, {'codigo': 8390, 'id': 40766, 'nome': 'Pr¢tese Parcial Remov¡vel - (por arcada)', 'score': 0.8193}, {'codigo': 8380, 'id': 40765, 'nome': 'Pr¢tese Parcial Remov¡vel - (Importada) / (por arcada)', 'score': 0.8172}]",8400,,,,,,,,,,sem_candidato_semantico_confiavel,,Prótese Parcial Removível Provisória - (por arcada),,,212,,,,,,easy
,,,,[],[],,"[{'codigo': 8410, 'id': 40768, 'nome': 'Pr¢tese Total - (Importada) / (por arcada)', 'score': 0.9706}, {'codigo': 8430, 'id': 40770, 'nome': 'Pr¢tese Total Imediada - (por arcada)', 'score': 0.8657}, {'codigo': 8420, 'id': 40769, 'nome': 'Pr¢tese Total - (por arcada)', 'score': 0.7931}]",8410,,,,,,,,,,sem_candidato_semantico_confiavel,,Prótese Total - (Importada) / (por arcada),,,213,,,,,,easy
,,,,[],[],,"[{'codigo': 8420, 'id': 40769, 'nome': 'Pr¢tese Total - (por arcada)', 'score': 0.9583}, {'codigo': 8430, 'id': 40770, 'nome': 'Pr¢tese Total Imediada - (por arcada)', 'score': 0.807}, {'codigo': 8410, 'id': 40768, 'nome': 'Pr¢tese Total - (Importada) / (por arcada)', 'score': 0.7931}]",8420,,,,,,,,,,sem_candidato_semantico_confiavel,,Prótese Total - (por arcada),,,214,,,,,,easy
,,,,[],[],,"[{'codigo': 8430, 'id': 40770, 'nome': 'Pr¢tese Total Imediada - (por arcada)', 'score': 0.9697}, {'codigo': 8410, 'id': 40768, 'nome': 'Pr¢tese Total - (Importada) / (por arcada)', 'score': 0.8657}, {'codigo': 8420, 'id': 40769, 'nome': 'Pr¢tese Total - (por arcada)', 'score': 0.807}]",8430,,,,,,,,,,sem_candidato_semantico_confiavel,,Prótese Total Imediada - (por arcada),,,215,,,,,,easy
,,,,[],[],,"[{'codigo': 8440, 'id': 40772, 'nome': 'Pr¢tese Protocolo', 'score': 0.9412}, {'codigo': 8420, 'id': 40769, 'nome': 'Pr¢tese Total - (por arcada)', 'score': 0.5366}, {'codigo': 234, 'id': 40789, 'nome': 'Aparelho Ortopedico', 'score': 0.5}]",8440,,,,,,,,,,sem_candidato_semantico_confiavel,,Prótese Protocolo,,,217,,,,,,easy
,,,,[],[],,"[{'codigo': 8450, 'id': 40773, 'nome': 'Reembasamento de Coroa Provis¢ria', 'score': 0.9697}, {'codigo': 2010, 'id': 40653, 'nome': 'Cimenta\x87Æo de Coroa Total Provis¢ria', 'score': 0.6957}, {'codigo': 8460, 'id': 40774, 'nome': 'Reembasamento Pr¢tese Total ou Parcial', 'score': 0.6479}]",8450,,,,,,,,,,sem_candidato_semantico_confiavel,,Reembasamento de Coroa Provisória,,,218,,,,,,easy
,,,,[],[],,"[{'codigo': 8460, 'id': 40774, 'nome': 'Reembasamento Pr¢tese Total ou Parcial', 'score': 0.9737}, {'codigo': 8020, 'id': 40724, 'nome': 'Conserto de Pr¢tese Total e Parcial', 'score': 0.6849}, {'codigo': 8420, 'id': 40769, 'nome': 'Pr¢tese Total - (por arcada)', 'score': 0.6129}]",8460,,,,,,,,,,sem_candidato_semantico_confiavel,,Reembasamento Prótese Total ou Parcial,,,219,,,,,,easy
,,,,[],[],,"[{'codigo': 8470, 'id': 40775, 'nome': 'Restaura\x87Æo Met lica Fundida - RMF', 'score': 0.9062}, {'codigo': 8260, 'id': 40753, 'nome': 'N£cleo Met lico-fundido', 'score': 0.5818}, {'codigo': 8261, 'id': 40890, 'nome': 'N£cleo Met lico fundido bi-partido', 'score': 0.5455}]",8470,,,,,,,,,,sem_candidato_semantico_confiavel,,Restauração Metálica Fundida - RMF,,,220,,,,,,easy
,,,,[],[],,"[{'codigo': 8480, 'id': 40776, 'nome': 'Restaura\x87Æo Onlay / Inlay em Porcelana', 'score': 0.9444}, {'codigo': 8490, 'id': 40777, 'nome': 'Restaura\x87Æo Onlay / Inlay em Ceromero', 'score': 0.7606}, {'codigo': 8481, 'id': 40744, 'nome': 'E-MAX - Restaura\x87Æo Onlay / Inlay em Dissilicato de l¡tio', 'score': 0.6292}]",8480,,,,,,,,,,sem_candidato_semantico_confiavel,,Restauração Onlay / Inlay em Porcelana,,,221,,,,,,easy
,,,,[],[],,"[{'codigo': 8490, 'id': 40777, 'nome': 'Restaura\x87Æo Onlay / Inlay em Ceromero', 'score': 0.9429}, {'codigo': 8480, 'id': 40776, 'nome': 'Restaura\x87Æo Onlay / Inlay em Porcelana', 'score': 0.7606}, {'codigo': 8481, 'id': 40744, 'nome': 'E-MAX - Restaura\x87Æo Onlay / Inlay em Dissilicato de l¡tio', 'score': 0.6364}]",8490,,,,,,,,,,sem_candidato_semantico_confiavel,,Restauração Onlay / Inlay em Ceromero,,,222,,,,,,easy
,,,,[],[],,"[{'codigo': 225, 'id': 40780, 'nome': 'Aparelho de conten\x87Æo', 'score': 0.9048}, {'codigo': 235, 'id': 40790, 'nome': 'Aparelho removivel', 'score': 0.6154}, {'codigo': 234, 'id': 40789, 'nome': 'Aparelho Ortopedico', 'score': 0.6}]",,,,,,,,,,,sem_candidato_semantico_confiavel,,Aparelho de contenção,,,225,,,,,,easy
,,,,[],[],,"[{'codigo': 228, 'id': 40783, 'nome': 'Aparelho Ortod\x93ntico Est\x82tico em Porcelana - (Arcada Inferior)', 'score': 0.9655}, {'codigo': 229, 'id': 40784, 'nome': 'Aparelho Ortod\x93ntico Est\x82tico em Porcelana - (Arcada Superior)', 'score': 0.9138}, {'codigo': 230, 'id': 40785, 'nome': 'Aparelho Ortod\x93ntico Est\x82tico em Zafira - (Arcada Inferior)', 'score': 0.8673}]",,,,,,,,,,,sem_candidato_semantico_confiavel,,Aparelho Ortodôntico Estético em Porcelana - (Arcada Inferior),,,228,,,,,,easy
,,,,[],[],,"[{'codigo': 229, 'id': 40784, 'nome': 'Aparelho Ortod\x93ntico Est\x82tico em Porcelana - (Arcada Superior)', 'score': 0.9655}, {'codigo': 228, 'id': 40783, 'nome': 'Aparelho Ortod\x93ntico Est\x82tico em Porcelana - (Arcada Inferior)', 'score': 0.9138}, {'codigo': 231, 'id': 40786, 'nome': 'Aparelho Ortod\x93ntico Est\x82tico em Zafira - (Arcada Superior)', 'score': 0.8673}]",,,,,,,,,,,sem_candidato_semantico_confiavel,,Aparelho Ortodôntico Estético em Porcelana - (Arcada Superior),,,229,,,,,,easy
,,,,[],[],,"[{'codigo': 230, 'id': 40785, 'nome': 'Aparelho Ortod\x93ntico Est\x82tico em Zafira - (Arcada Inferior)', 'score': 0.9636}, {'codigo': 231, 'id': 40786, 'nome': 'Aparelho Ortod\x93ntico Est\x82tico em Zafira - (Arcada Superior)', 'score': 0.9091}, {'codigo': 228, 'id': 40783, 'nome': 'Aparelho Ortod\x93ntico Est\x82tico em Porcelana - (Arcada Inferior)', 'score': 0.8673}]",,,,,,,,,,,sem_candidato_semantico_confiavel,,Aparelho Ortodôntico Estético em Zafira - (Arcada Inferior),,,230,,,,,,easy
,,,,[],[],,"[{'codigo': 231, 'id': 40786, 'nome': 'Aparelho Ortod\x93ntico Est\x82tico em Zafira - (Arcada Superior)', 'score': 0.9636}, {'codigo': 230, 'id': 40785, 'nome': 'Aparelho Ortod\x93ntico Est\x82tico em Zafira - (Arcada Inferior)', 'score': 0.9091}, {'codigo': 229, 'id': 40784, 'nome': 'Aparelho Ortod\x93ntico Est\x82tico em Porcelana - (Arcada Superior)', 'score': 0.8673}]",,,,,,,,,,,sem_candidato_semantico_confiavel,,Aparelho Ortodôntico Estético em Zafira - (Arcada Superior),,,231,,,,,,easy
,,,,[],[],,"[{'codigo': 232, 'id': 40787, 'nome': 'Aparelho Ortod\x93ntico Fixo - (Arcada Inferior)', 'score': 0.9756}, {'codigo': 233, 'id': 40788, 'nome': 'Aparelho Ortod\x93ntico Fixo - (Arcada Superior)', 'score': 0.9024}, {'codigo': 230, 'id': 40785, 'nome': 'Aparelho Ortod\x93ntico Est\x82tico em Zafira - (Arcada Inferior)', 'score': 0.7917}]",,,,,,,,,,,sem_candidato_semantico_confiavel,,Aparelho Ortodôntico Fixo - (Arcada Inferior),,,232,,,,,,easy
,,,,[],[],,"[{'codigo': 233, 'id': 40788, 'nome': 'Aparelho Ortod\x93ntico Fixo - (Arcada Superior)', 'score': 0.9756}, {'codigo': 232, 'id': 40787, 'nome': 'Aparelho Ortod\x93ntico Fixo - (Arcada Inferior)', 'score': 0.9024}, {'codigo': 231, 'id': 40786, 'nome': 'Aparelho Ortod\x93ntico Est\x82tico em Zafira - (Arcada Superior)', 'score': 0.7917}]",,,,,,,,,,,sem_candidato_semantico_confiavel,,Aparelho Ortodôntico Fixo - (Arcada Superior),,,233,,,,,,easy
,,,,[],[],,"[{'codigo': 240, 'id': 40795, 'nome': 'Ativador de Zurick - Su¡\x87a', 'score': 0.9167}, {'codigo': 239, 'id': 40794, 'nome': 'Ativador de Rossi', 'score': 0.6829}, {'codigo': 238, 'id': 40793, 'nome': 'Ativador de Haulp', 'score': 0.6341}]",,,,,,,,,,,sem_candidato_semantico_confiavel,,Ativador de Zurick - Suíça,,,240,,,,,,easy
,,,,[],[],,"[{'codigo': 246, 'id': 40801, 'nome': 'Bi-h\x82lice', 'score': 0.8889}, {'codigo': 313, 'id': 40868, 'nome': 'Quadri-h\x82lice', 'score': 0.6364}, {'codigo': 252, 'id': 40807, 'nome': 'Blinler - A', 'score': 0.4444}]",,,,,,,,,,,sem_candidato_semantico_confiavel,,Bi-hélice,,,246,,,,,,easy
,,,,[],[],,"[{'codigo': 255, 'id': 40810, 'nome': 'BotÆo de Nance', 'score': 0.9286}, {'codigo': 7030, 'id': 40673, 'nome': 'Remo\x87Æo de implante', 'score': 0.5455}, {'codigo': 249, 'id': 40804, 'nome': 'Bionator de Balters - Classe I', 'score': 0.5238}]",,,,,,,,,,,sem_candidato_semantico_confiavel,,Botão de Nance,,,255,,,,,,easy
,,,,[],[],,"[{'codigo': 260, 'id': 40815, 'nome': 'Conten\x87Æo Fixa Lingual', 'score': 0.9091}, {'codigo': 3270, 'id': 40701, 'nome': 'Frenotomia Lingual', 'score': 0.65}, {'codigo': 2111, 'id': 40889, 'nome': 'Foto extra-oral', 'score': 0.4865}]",,,,,,,,,,,sem_candidato_semantico_confiavel,,Contenção Fixa Lingual,,,260,,,,,,easy
,,,,[],[],,"[{'codigo': 261, 'id': 40816, 'nome': 'Conten\x87Æo m¢vel - (Placa de acet to)', 'score': 0.875}, {'codigo': 1040, 'id': 40716, 'nome': 'Controle da Placa Bacteriana - (por sessÆo)', 'score': 0.4789}, {'codigo': 301, 'id': 40856, 'nome': 'Placa de Hawley', 'score': 0.4681}]",,,,,,,,,,,sem_candidato_semantico_confiavel,,Contenção móvel - (Placa de acetáto),,,261,,,,,,easy
,,,,[],[],,"[{'codigo': 268, 'id': 40823, 'nome': 'Distabilizador Pendex com P\x88ndulo', 'score': 0.9697}, {'codigo': 6300, 'id': 40587, 'nome': 'Marzupializa\x87Æo de cisto', 'score': 0.4561}, {'codigo': 5270, 'id': 40623, 'nome': 'Tratamento Expectante com H. C lcio', 'score': 0.4478}]",,,,,,,,,,,sem_candidato_semantico_confiavel,,Distabilizador Pendex com Pêndulo,,,268,,,,,,easy
,,,,[],[],,"[{'codigo': 270, 'id': 40825, 'nome': 'Documenta\x87Æo ortod\x93ntica', 'score': 0.875}, {'codigo': 2000, 'id': 40652, 'nome': 'Cimenta\x87Æo de Coroa Total Definitiva', 'score': 0.5667}, {'codigo': 282, 'id': 40837, 'nome': 'Manuten\x87Æo ortod\x93ntico - (Mensal)', 'score': 0.566}]",,,,,,,,,,,sem_candidato_semantico_confiavel,,Documentação ortodôntica,,,270,,,,,,easy
,,,,[],[],,"[{'codigo': 276, 'id': 40831, 'nome': 'Grade palatina m¢vel', 'score': 0.95}, {'codigo': 275, 'id': 40830, 'nome': 'Grade palatina fixa', 'score': 0.7692}, {'codigo': 245, 'id': 40800, 'nome': 'Barra Transpalatina', 'score': 0.5641}]",,,,,,,,,,,sem_candidato_semantico_confiavel,,Grade palatina móvel,,,276,,,,,,easy
,,,,[],[],,"[{'codigo': 281, 'id': 40836, 'nome': 'Mantenedor de espa\x87o', 'score': 0.95}, {'codigo': 309, 'id': 40864, 'nome': 'Placa mantenedora de espa\x87o.', 'score': 0.8085}, {'codigo': 310, 'id': 40865, 'nome': 'Placa recuperadora de espa\x87o', 'score': 0.625}]",,,,,,,,,,,sem_candidato_semantico_confiavel,,Mantenedor de espaço,,,281,,,,,,easy
,,,,[],[],,"[{'codigo': 282, 'id': 40837, 'nome': 'Manuten\x87Æo ortod\x93ntico - (Mensal)', 'score': 0.8966}, {'codigo': 270, 'id': 40825, 'nome': 'Documenta\x87Æo ortod\x93ntica', 'score': 0.566}, {'codigo': 234, 'id': 40789, 'nome': 'Aparelho Ortopedico', 'score': 0.5}]",,,,,,,,,,,sem_candidato_semantico_confiavel,,Manutenção ortodôntico - (Mensal),,,282,,,,,,easy
,,,,[],[],,"[{'codigo': 289, 'id': 40844, 'nome': 'Placa com arco al\x87a dupla para expan\x87Æo Y', 'score': 0.9268}, {'codigo': 293, 'id': 40848, 'nome': 'Placa com arco seccionado para uso elasticos', 'score': 0.5882}, {'codigo': 292, 'id': 40847, 'nome': 'Placa com arco de controle dos caninos', 'score': 0.557}]",,,,,,,,,,,sem_candidato_semantico_confiavel,,Placa com arco alça dupla para expanção Y,,,289,,,,,,easy
,,,,[],[],,"[{'codigo': 290, 'id': 40845, 'nome': 'Placa com arco de conten\x87Æo cont¡nua', 'score': 0.9167}, {'codigo': 291, 'id': 40846, 'nome': 'Placa com arco de conten\x87Æo de Baag', 'score': 0.7606}, {'codigo': 292, 'id': 40847, 'nome': 'Placa com arco de controle dos caninos', 'score': 0.7297}]",,,,,,,,,,,sem_candidato_semantico_confiavel,,Placa com arco de contenção contínua,,,290,,,,,,easy
,,,,[],[],,"[{'codigo': 291, 'id': 40846, 'nome': 'Placa com arco de conten\x87Æo de Baag', 'score': 0.9429}, {'codigo': 290, 'id': 40845, 'nome': 'Placa com arco de conten\x87Æo cont¡nua', 'score': 0.7606}, {'codigo': 292, 'id': 40847, 'nome': 'Placa com arco de controle dos caninos', 'score': 0.7397}]",,,,,,,,,,,sem_candidato_semantico_confiavel,,Placa com arco de contenção de Baag,,,291,,,,,,easy
,,,,[],[],,"[{'codigo': 297, 'id': 40852, 'nome': 'Placa de Apn\x82ia', 'score': 0.9333}, {'codigo': 303, 'id': 40858, 'nome': 'Placa de Mills', 'score': 0.6897}, {'codigo': 301, 'id': 40856, 'nome': 'Placa de Hawley', 'score': 0.6667}]",,,,,,,,,,,sem_candidato_semantico_confiavel,,Placa de Apnéia,,,297,,,,,,easy
,,,,[],[],,"[{'codigo': 298, 'id': 40853, 'nome': 'Placa de ativa\x87Æo mandibular', 'score': 0.9286}, {'codigo': 288, 'id': 40843, 'nome': 'Placa ativa com molas', 'score': 0.6531}, {'codigo': 306, 'id': 40861, 'nome': 'Placa dupla de avan\x87o - Piamant', 'score': 0.5965}]",,,,,,,,,,,sem_candidato_semantico_confiavel,,Placa de ativação mandibular,,,298,,,,,,easy
,,,,[],[],,"[{'codigo': 300, 'id': 40855, 'nome': 'Placa de expansÆo para mordida cruzada', 'score': 0.9737}, {'codigo': 8290, 'id': 40754, 'nome': 'Placa de mordida miorrelaxante', 'score': 0.5882}, {'codigo': 294, 'id': 40849, 'nome': 'Placa com plano de mordida inclinado', 'score': 0.5405}]",,,,,,,,,,,sem_candidato_semantico_confiavel,,Placa de expansão para mordida cruzada,,,300,,,,,,easy
,,,,[],[],,"[{'codigo': 304, 'id': 40859, 'nome': 'Placa de ocupa\x87Æo lingual', 'score': 0.92}, {'codigo': 285, 'id': 40840, 'nome': 'Palatina ou arco lingual', 'score': 0.6531}, {'codigo': 303, 'id': 40858, 'nome': 'Placa de Mills', 'score': 0.5641}]",,,,,,,,,,,sem_candidato_semantico_confiavel,,Placa de ocupação lingual,,,304,,,,,,easy
,,,,[],[],,"[{'codigo': 306, 'id': 40861, 'nome': 'Placa dupla de avan\x87o - Piamant', 'score': 0.9655}, {'codigo': 298, 'id': 40853, 'nome': 'Placa de ativa\x87Æo mandibular', 'score': 0.5965}, {'codigo': 297, 'id': 40852, 'nome': 'Placa de Apn\x82ia', 'score': 0.5909}]",,,,,,,,,,,sem_candidato_semantico_confiavel,,Placa dupla de avanço - Piamant,,,306,,,,,,easy
,,,,[],[],,"[{'codigo': 307, 'id': 40862, 'nome': 'Placa interceptora de h bito', 'score': 0.9643}, {'codigo': 309, 'id': 40864, 'nome': 'Placa mantenedora de espa\x87o.', 'score': 0.6545}, {'codigo': 310, 'id': 40865, 'nome': 'Placa recuperadora de espa\x87o', 'score': 0.5714}]",,,,,,,,,,,sem_candidato_semantico_confiavel,,Placa interceptora de hábito,,,307,,,,,,easy
,,,,[],[],,"[{'codigo': 309, 'id': 40864, 'nome': 'Placa mantenedora de espa\x87o.', 'score': 0.963}, {'codigo': 281, 'id': 40836, 'nome': 'Mantenedor de espa\x87o', 'score': 0.8085}, {'codigo': 310, 'id': 40865, 'nome': 'Placa recuperadora de espa\x87o', 'score': 0.7273}]",,,,,,,,,,,sem_candidato_semantico_confiavel,,Placa mantenedora de espaço.,,,309,,,,,,easy
,,,,[],[],,"[{'codigo': 310, 'id': 40865, 'nome': 'Placa recuperadora de espa\x87o', 'score': 0.9643}, {'codigo': 309, 'id': 40864, 'nome': 'Placa mantenedora de espa\x87o.', 'score': 0.7636}, {'codigo': 281, 'id': 40836, 'nome': 'Mantenedor de espa\x87o', 'score': 0.625}]",,,,,,,,,,,sem_candidato_semantico_confiavel,,Placa recuperadora de espaço,,,310,,,,,,easy
,,,,[],[],,"[{'codigo': 313, 'id': 40868, 'nome': 'Quadri-h\x82lice', 'score': 0.9231}, {'codigo': 246, 'id': 40801, 'nome': 'Bi-h\x82lice', 'score': 0.6364}, {'codigo': 301, 'id': 40856, 'nome': 'Placa de Hawley', 'score': 0.4286}]",,,,,,,,,,,sem_candidato_semantico_confiavel,,Quadri-hélice,,,313,,,,,,easy
,,,,[],[],,"[{'codigo': 316, 'id': 40871, 'nome': 'Vilma Simäes - SN1, SN2, SN3, SN4, SN5', 'score': 0.9688}, {'codigo': 317, 'id': 40872, 'nome': 'Vilma Simäes - SN6, SN7', 'score': 0.6538}, {'codigo': 6340, 'id': 40591, 'nome': 'Suturas simples da face ou l bio', 'score': 0.375}]",,,,,,,,,,,sem_candidato_semantico_confiavel,,"Vilma Simões - SN1, SN2, SN3, SN4, SN5",,,316,,,,,,easy
,,,,[],[],,"[{'codigo': 317, 'id': 40872, 'nome': 'Vilma Simäes - SN6, SN7', 'score': 0.95}, {'codigo': 316, 'id': 40871, 'nome': 'Vilma Simäes - SN1, SN2, SN3, SN4, SN5', 'score': 0.6538}, {'codigo': 312, 'id': 40867, 'nome': 'Planas Simples', 'score': 0.4706}]",,,,,,,,,,,sem_candidato_semantico_confiavel,,"Vilma Simões - SN6, SN7",,,317,,,,,,easy
,,,,[],[],,"[{'codigo': 323, 'id': 40878, 'nome': 'Alinhadores Est\x82ticos', 'score': 0.9524}, {'codigo': 239, 'id': 40794, 'nome': 'Ativador de Rossi', 'score': 0.5263}, {'codigo': 8270, 'id': 40752, 'nome': 'N£cleo Metal-free est\x82tico', 'score': 0.5106}]",,,,,,,,,,,sem_candidato_semantico_confiavel,,Alinhadores Estéticos,,,323,,,,,,easy
,,,,[],[],,"[{'codigo': 2081, 'id': 40880, 'nome': 'Consulta de Reavalia\x87Æo Cl¡nica', 'score': 0.9032}, {'codigo': 2040, 'id': 40656, 'nome': 'Consulta de adapta\x87Æo Psicol¢gica', 'score': 0.6875}, {'codigo': 2050, 'id': 40657, 'nome': 'Consulta de Emerg\x88ncia', 'score': 0.566}]",2081,,,,,,,,,,sem_candidato_semantico_confiavel,,Consulta de Reavaliação Clínica,,,325,,,,,,easy
,,,,[],[],,"[{'codigo': 7060, 'id': 40881, 'nome': 'Implante Zigom tico', 'score': 0.9474}, {'codigo': 7010, 'id': 40669, 'nome': 'Implante (RTG)', 'score': 0.6452}, {'codigo': 7000, 'id': 40668, 'nome': 'Implante - (t\x82cnica de Sammers)', 'score': 0.5217}]",7060,,,,,,,,,,sem_candidato_semantico_confiavel,,Implante Zigomático,,,326,,,,,,easy
,,,,[],[],,"[{'codigo': 8171, 'id': 40883, 'nome': 'Coroa Provis¢ria Imediata sob implante', 'score': 0.9737}, {'codigo': 8170, 'id': 40740, 'nome': 'Coroa Provis¢ria de Laborat¢rio sob implante', 'score': 0.7805}, {'codigo': 8160, 'id': 40738, 'nome': 'Coroa Provis¢ria Imediata', 'score': 0.7619}]",8171,,,,,,,,,,sem_candidato_semantico_confiavel,,Coroa Provisória Imediata sob implante,,,328,,,,,,easy
,,,,[],[],,"[{'codigo': 9040, 'id': 40884, 'nome': 'Fios de sustenta\x87Æo', 'score': 0.8947}, {'codigo': 225, 'id': 40780, 'nome': 'Aparelho de conten\x87Æo', 'score': 0.45}, {'codigo': 239, 'id': 40794, 'nome': 'Ativador de Rossi', 'score': 0.4444}]",9040,,,,,,,,,,sem_candidato_semantico_confiavel,,Fios de sustentação,,,329,,,,,,easy
,,,,[],[],,"[{'codigo': 2011, 'id': 40886, 'nome': 'Cimenta\x87Æo adesiva', 'score': 0.8889}, {'codigo': 5030, 'id': 40598, 'nome': 'Clareamento - (Caseiro)', 'score': 0.5405}, {'codigo': 2030, 'id': 40655, 'nome': 'Cimenta\x87Æo de Pr¢tese Parcial Fixa', 'score': 0.5385}]",2011,,,,,,,,,,sem_candidato_semantico_confiavel,,Cimentação adesiva,,,331,,,,,,easy
,,,,[],[],,"[{'codigo': 8261, 'id': 40890, 'nome': 'N£cleo Met lico fundido bi-partido', 'score': 0.9412}, {'codigo': 8260, 'id': 40753, 'nome': 'N£cleo Met lico-fundido', 'score': 0.7368}, {'codigo': 2020, 'id': 40654, 'nome': 'Cimenta\x87Æo de N£cleo Met lico Fundido', 'score': 0.5915}]",8261,,,,,,,,,,sem_candidato_semantico_confiavel,,Núcleo Metálico fundido bi-partido,,,335,,,,,,easy
,,,,[],[],,"[{'codigo': 336, 'id': 40891, 'nome': 'Remo\x87Æo de aparelho ortodontico fixo.', 'score': 0.9444}, {'codigo': 232, 'id': 40787, 'nome': 'Aparelho Ortod\x93ntico Fixo - (Arcada Inferior)', 'score': 0.6234}, {'codigo': 233, 'id': 40788, 'nome': 'Aparelho Ortod\x93ntico Fixo - (Arcada Superior)', 'score': 0.6234}]",,,,,,,,,,,sem_candidato_semantico_confiavel,,Remoção de aparelho ortodontico fixo.,,,336,,,,,,easy
,,,,[],[],,"[{'codigo': 7070, 'id': 40892, 'nome': 'Regenera\x87Æo ¢ssea guiada - ROG', 'score': 0.8929}, {'codigo': 3190, 'id': 40693, 'nome': 'Enxerto Osseo RTG - (Regenera\x87Æo Tecidual Guiada)', 'score': 0.5205}, {'codigo': 8470, 'id': 40775, 'nome': 'Restaura\x87Æo Met lica Fundida - RMF', 'score': 0.5}]",7070,,,,,,,,,,sem_candidato_semantico_confiavel,,Regeneração óssea guiada - ROG,,,337,,,,,,easy
,,,,,,"[{'codigo': 1, 'id': 1, 'nome': 'Alveoloplastia ou alveolotomia - (até 3 elementos)', 'score': 0.9783}, {'codigo': 189, 'id': 189, 'nome': 'Enceramento de diagnóstico - (por elemento)', 'score': 0.4235}, {'codigo': 129, 'id': 129, 'nome': 'Cirurgia para Odonto-secção - (por elemento)', 'score': 0.4186}]",,,,6000,,,06,40557,,,,sem_match_confiavel_no_easy_dental,,Alveoloplastia ou alveolotomia - (at 3 elementos),,,,,,0.0,57,,brana
,,,,,,"[{'codigo': 3, 'id': 3, 'nome': 'Biópsia', 'score': 0.8571}, {'codigo': 246, 'id': 245, 'nome': 'Bi-hélice', 'score': 0.375}, {'codigo': 331, 'id': 330, 'nome': 'Cimentação adesiva', 'score': 0.32}]",,,,6020,,,06,40559,,,,sem_match_confiavel_no_easy_dental,,Bi¢psia,,,,,,0.0,45,,brana
,,,,,,"[{'codigo': 4, 'id': 4, 'nome': 'Cirurgia de Hipertrofia de Lábio', 'score': 0.9688}, {'codigo': 14, 'id': 14, 'nome': 'Cirurgia exploratória', 'score': 0.6038}, {'codigo': 186, 'id': 186, 'nome': 'Coroa Provisória de Laboratório', 'score': 0.5397}]",,,,6030,,,06,40560,,,,sem_match_confiavel_no_easy_dental,,Cirurgia de Hipertrofia de L bio,,,,,,0.0,45,,brana
,,,,,,"[{'codigo': 10, 'id': 10, 'nome': 'Ciurgia para tórus mandibular unilateral', 'score': 0.975}, {'codigo': 129, 'id': 129, 'nome': 'Cirurgia para Odonto-secção - (por elemento)', 'score': 0.5}, {'codigo': 79, 'id': 79, 'nome': 'Preparo para Núcleo intra-radicular', 'score': 0.48}]",,,,6090,,,06,40566,,,,sem_match_confiavel_no_easy_dental,,Ciurgia para t¢rus mandibular unilateral,,,,,,0.0,45,,brana
,,,,,,"[{'codigo': 12, 'id': 12, 'nome': 'Correção de bridas musculares', 'score': 0.931}, {'codigo': 93, 'id': 93, 'nome': 'Tratamento de Canal - (Pré-molares)', 'score': 0.5}, {'codigo': 117, 'id': 117, 'nome': 'Remoção de implante', 'score': 0.5}]",,,,6110,,,06,40568,,,,sem_match_confiavel_no_easy_dental,,CorreÆo de bridas musculares,,,,,,0.0,26,,brana
,,,,,,"[{'codigo': 14, 'id': 14, 'nome': 'Cirurgia exploratória', 'score': 0.9524}, {'codigo': 186, 'id': 186, 'nome': 'Coroa Provisória de Laboratório', 'score': 0.5385}, {'codigo': 4, 'id': 4, 'nome': 'Cirurgia de Hipertrofia de Lábio', 'score': 0.5283}]",,,,6130,,,06,40570,,,,sem_match_confiavel_no_easy_dental,,Cirurgia explorat¢ria,,,,,,0.0,45,,brana
,,,,,,"[{'codigo': 15, 'id': 15, 'nome': 'Excisão de glândula parótida', 'score': 0.8929}, {'codigo': 17, 'id': 17, 'nome': 'Excisão de glândula submandibular', 'score': 0.6557}, {'codigo': 16, 'id': 16, 'nome': 'Excisão de glândula sublingual', 'score': 0.6552}]",,,,6140,,,06,40571,,,,sem_match_confiavel_no_easy_dental,,ExcisÆo de glndula par¢tida,,,,,,0.0,45,,brana
,,,,,,"[{'codigo': 16, 'id': 16, 'nome': 'Excisão de glândula sublingual', 'score': 0.9333}, {'codigo': 17, 'id': 17, 'nome': 'Excisão de glândula submandibular', 'score': 0.7302}, {'codigo': 15, 'id': 15, 'nome': 'Excisão de glândula parótida', 'score': 0.6897}]",,,,6150,,,06,40572,,,,sem_match_confiavel_no_easy_dental,,ExcisÆo de glndula sublingual,,,,,,0.0,45,,brana
,,,,,,"[{'codigo': 17, 'id': 17, 'nome': 'Excisão de glândula submandibular', 'score': 0.9394}, {'codigo': 16, 'id': 16, 'nome': 'Excisão de glândula sublingual', 'score': 0.7302}, {'codigo': 15, 'id': 15, 'nome': 'Excisão de glândula parótida', 'score': 0.6557}]",,,,6160,,,06,40573,,,,sem_match_confiavel_no_easy_dental,,ExcisÆo de glndula submandibular,,,,,,0.0,45,,brana
,,,,,,"[{'codigo': 18, 'id': 18, 'nome': 'Excisão de Mucocele', 'score': 0.9474}, {'codigo': 19, 'id': 19, 'nome': 'Excisão de rânula', 'score': 0.6667}, {'codigo': 15, 'id': 15, 'nome': 'Excisão de glândula parótida', 'score': 0.5106}]",,,,6170,,,01,40574,,,,sem_match_confiavel_no_easy_dental,,ExcisÆo de Mucocele,,,,,,0.0,45,,brana
,,,,,,"[{'codigo': 19, 'id': 19, 'nome': 'Excisão de rânula', 'score': 0.8824}, {'codigo': 18, 'id': 18, 'nome': 'Excisão de Mucocele', 'score': 0.6667}, {'codigo': 15, 'id': 15, 'nome': 'Excisão de glândula parótida', 'score': 0.6222}]",,,,6180,,,06,40575,,,,sem_match_confiavel_no_easy_dental,,ExcisÆo de rnula,,,,,,0.0,45,,brana
,,,,,,"[{'codigo': 20, 'id': 20, 'nome': 'Excisão de tumores odontogênicos até 3 cm', 'score': 0.9268}, {'codigo': 18, 'id': 18, 'nome': 'Excisão de Mucocele', 'score': 0.4667}, {'codigo': 336, 'id': 335, 'nome': 'Remoção de aparelho ortodontico fixo.', 'score': 0.4416}]",,,,6190,,,06,40576,,,,sem_match_confiavel_no_easy_dental,,ExcisÆo de tumores odontognicos at 3 cm,,,,,,0.0,45,,brana
,,,,,,"[{'codigo': 21, 'id': 21, 'nome': 'Exodontia de decíduos', 'score': 0.9524}, {'codigo': 52, 'id': 52, 'nome': 'Núcleo fibra de vidro', 'score': 0.4762}, {'codigo': 101, 'id': 101, 'nome': 'Consulta de Emergência', 'score': 0.4651}]",,,,6200,,,06,40577,,,,sem_match_confiavel_no_easy_dental,,Exodontia de dec¡duos,,,,,,0.0,13,,brana
,,,,,,"[{'codigo': 30, 'id': 30, 'nome': 'Fraturas alvédio-dentárias - redução cruenta', 'score': 0.9048}, {'codigo': 88, 'id': 88, 'nome': 'Tratamento cirurgico de lesão endo-perio - (Curetagem)', 'score': 0.4565}, {'codigo': 290, 'id': 289, 'nome': 'Placa com arco de contenção contínua', 'score': 0.4359}]",,,,6290,,,06,40586,,,,sem_match_confiavel_no_easy_dental,,Fraturas alvdio-dent rias - reduÆo cruenta,,,,,,0.0,45,,brana
,,,,,,"[{'codigo': 31, 'id': 31, 'nome': 'Marzupialização de cisto', 'score': 0.9167}, {'codigo': 156, 'id': 156, 'nome': 'Aplicação de Cariostático - (sessão)', 'score': 0.5357}, {'codigo': 225, 'id': 224, 'nome': 'Aparelho de contenção', 'score': 0.4889}]",,,,6300,,,06,40587,,,,sem_match_confiavel_no_easy_dental,,MarzupializaÆo de cisto,,,,,,0.0,45,,brana
,,,,,,"[{'codigo': 32, 'id': 32, 'nome': 'Reconstrução parcial do lábio traumatizado', 'score': 0.9286}, {'codigo': 33, 'id': 33, 'nome': 'Reconstrução total do lábio traumatizado', 'score': 0.8293}, {'codigo': 211, 'id': 210, 'nome': 'Prótese Parcial Removível - (por arcada)', 'score': 0.5128}]",,,,6310,,,06,40588,,,,sem_match_confiavel_no_easy_dental,,ReconstruÆo parcial do l bio traumatizado,,,,,,0.0,45,,brana
,,,,,,"[{'codigo': 33, 'id': 33, 'nome': 'Reconstrução total do lábio traumatizado', 'score': 0.925}, {'codigo': 32, 'id': 32, 'nome': 'Reconstrução parcial do lábio traumatizado', 'score': 0.8293}, {'codigo': 214, 'id': 213, 'nome': 'Prótese Total - (por arcada)', 'score': 0.4688}]",,,,6320,,,06,40589,,,,sem_match_confiavel_no_easy_dental,,ReconstruÆo total do l bio traumatizado,,,,,,0.0,45,,brana
,,,,,,"[{'codigo': 34, 'id': 34, 'nome': 'Suturas múltiplas da face ou lábio', 'score': 0.9412}, {'codigo': 35, 'id': 35, 'nome': 'Suturas simples da face ou lábio', 'score': 0.8485}, {'codigo': 61, 'id': 61, 'nome': 'Restauração em Resina Direta - (1 Face)', 'score': 0.4638}]",,,,6330,,,06,40590,,,,sem_match_confiavel_no_easy_dental,,Suturas m£ltiplas da face ou l bio,,,,,,0.0,45,,brana
,,,,,,"[{'codigo': 35, 'id': 35, 'nome': 'Suturas simples da face ou lábio', 'score': 0.9688}, {'codigo': 34, 'id': 34, 'nome': 'Suturas múltiplas da face ou lábio', 'score': 0.8485}, {'codigo': 61, 'id': 61, 'nome': 'Restauração em Resina Direta - (1 Face)', 'score': 0.4776}]",,,,6340,,,06,40591,,,,sem_match_confiavel_no_easy_dental,,Suturas simples da face ou l bio,,,,,,0.0,45,,brana
,,,,,,"[{'codigo': 38, 'id': 38, 'nome': 'Tratamento cirúrgico do lábio leporino', 'score': 0.9474}, {'codigo': 88, 'id': 88, 'nome': 'Tratamento cirurgico de lesão endo-perio - (Curetagem)', 'score': 0.6364}, {'codigo': 89, 'id': 89, 'nome': 'Tratamento cirurgico de lesão endo-perio com enxerto leofilizado', 'score': 0.6275}]",,,,6370,,,06,40594,,,,sem_match_confiavel_no_easy_dental,,Tratamento cir£rgico do l bio leporino,,,,,,0.0,45,,brana
,,,,,,"[{'codigo': 39, 'id': 39, 'nome': 'Adequação de meio bucal', 'score': 0.913}, {'codigo': 78, 'id': 78, 'nome': 'Desobturação de canal', 'score': 0.5455}, {'codigo': 18, 'id': 18, 'nome': 'Excisão de Mucocele', 'score': 0.4762}]",,,,5000,,,01,40595,,,,sem_match_confiavel_no_easy_dental,,AdequaÆo de meio bucal,,,,,,0.0,28,,brana
,,,,,,"[{'codigo': 40, 'id': 40, 'nome': 'Ajuste oclusal - (por sessão)', 'score': 0.96}, {'codigo': 150, 'id': 150, 'nome': 'Manutenção Periodontal - (por sessão)', 'score': 0.6207}, {'codigo': 158, 'id': 158, 'nome': 'Aplicação de Selnate Oclusa Invasivo - (por elemento)', 'score': 0.4865}]",,,,5010,,,01,40596,,,,sem_match_confiavel_no_easy_dental,,Ajuste oclusal - (por sessÆo),,,,,,0.0,32,,brana
,,,,,,"[{'codigo': 45, 'id': 45, 'nome': 'Dessensibilização dentária - (por elemento)', 'score': 0.9231}, {'codigo': 189, 'id': 189, 'nome': 'Enceramento de diagnóstico - (por elemento)', 'score': 0.5897}, {'codigo': 48, 'id': 48, 'nome': 'Imobilização dentária (esplintagem)', 'score': 0.5833}]",,,,5060,,,01,40601,,,,sem_match_confiavel_no_easy_dental,,DessensibilizaÆo dent ria - (por elemento),,,,,,0.0,58,,brana
,,,,,,"[{'codigo': 47, 'id': 47, 'nome': 'Imobilização dentária com resina fotopolimerizável', 'score': 0.92}, {'codigo': 48, 'id': 48, 'nome': 'Imobilização dentária (esplintagem)', 'score': 0.6024}, {'codigo': 45, 'id': 45, 'nome': 'Dessensibilização dentária - (por elemento)', 'score': 0.5169}]",,,,5080,,,04,40603,,,,sem_match_confiavel_no_easy_dental,,ImobilizaÆo dent ria com resina fotopolimeriz vel,,,,,,0.0,58,,brana
,,,,,,"[{'codigo': 48, 'id': 48, 'nome': 'Imobilização dentária (esplintagem)', 'score': 0.9091}, {'codigo': 47, 'id': 47, 'nome': 'Imobilização dentária com resina fotopolimerizável', 'score': 0.6024}, {'codigo': 45, 'id': 45, 'nome': 'Dessensibilização dentária - (por elemento)', 'score': 0.5833}]",,,,5090,,,01,40604,,,,sem_match_confiavel_no_easy_dental,,ImobilizaÆo dent ria (esplintagem),,,,,,0.0,57,,brana
,,,,,,"[{'codigo': 49, 'id': 49, 'nome': 'Núcleo de preenchimento', 'score': 0.9565}, {'codigo': 51, 'id': 51, 'nome': 'Núcleo de preenchimento em resina', 'score': 0.7857}, {'codigo': 50, 'id': 50, 'nome': 'Núcleo de preenchimento em ionômetro de vidro', 'score': 0.6471}]",,,,5121,,,01,40605,,,,sem_match_confiavel_no_easy_dental,,N£cleo de preenchimento,,,,,,0.0,14,,brana
,,,,,,"[{'codigo': 50, 'id': 50, 'nome': 'Núcleo de preenchimento em ionômetro de vidro', 'score': 0.9556}, {'codigo': 51, 'id': 51, 'nome': 'Núcleo de preenchimento em resina', 'score': 0.7179}, {'codigo': 49, 'id': 49, 'nome': 'Núcleo de preenchimento', 'score': 0.6471}]",,,,5100,,,01,40606,,,,sem_match_confiavel_no_easy_dental,,N£cleo de preenchimento em ionmetro de vidro,,,,,,0.0,14,,brana
,,,,,,"[{'codigo': 51, 'id': 51, 'nome': 'Núcleo de preenchimento em resina', 'score': 0.9697}, {'codigo': 49, 'id': 49, 'nome': 'Núcleo de preenchimento', 'score': 0.7857}, {'codigo': 50, 'id': 50, 'nome': 'Núcleo de preenchimento em ionômetro de vidro', 'score': 0.7436}]",,,,5110,,,01,40607,,,,sem_match_confiavel_no_easy_dental,,N£cleo de preenchimento em resina,,,,,,0.0,14,,brana
,,,,,,"[{'codigo': 52, 'id': 52, 'nome': 'Núcleo fibra de vidro', 'score': 0.9524}, {'codigo': 50, 'id': 50, 'nome': 'Núcleo de preenchimento em ionômetro de vidro', 'score': 0.5152}, {'codigo': 196, 'id': 196, 'nome': 'Núcleo Metal-free estético', 'score': 0.5106}]",,,,5120,,,01,40608,,,,sem_match_confiavel_no_easy_dental,,N£cleo fibra de vidro,,,,,,0.0,14,,brana
,,,,,,"[{'codigo': 53, 'id': 53, 'nome': 'Núcleo metálico pré-fabricado', 'score': 0.8966}, {'codigo': 197, 'id': 197, 'nome': 'Núcleo Metálico-fundido', 'score': 0.6923}, {'codigo': 335, 'id': 334, 'nome': 'Núcleo Metálico fundido bi-partido', 'score': 0.5714}]",,,,5130,,,01,40609,,,,sem_match_confiavel_no_easy_dental,,N£cleo met lico pr-fabricado,,,,,,0.0,14,,brana
,,,,,,"[{'codigo': 54, 'id': 54, 'nome': 'Núcleo rosqueavel - (Roach)', 'score': 0.9565}, {'codigo': 196, 'id': 196, 'nome': 'Núcleo Metal-free estético', 'score': 0.4898}, {'codigo': 49, 'id': 49, 'nome': 'Núcleo de preenchimento', 'score': 0.4783}]",,,,5140,,,02,40610,,,,sem_match_confiavel_no_easy_dental,,N£cleo rosqueavel - (Roach),,,,,,0.0,14,,brana
,,,,,,"[{'codigo': 56, 'id': 56, 'nome': 'Reconstrução em Resina Direta - (+ de 3 Faces)', 'score': 0.9524}, {'codigo': 63, 'id': 63, 'nome': 'Restauração em Resina Direta - (3 Faces)', 'score': 0.7949}, {'codigo': 62, 'id': 62, 'nome': 'Restauração em Resina Direta - (2 Faces)', 'score': 0.7692}]",,,,5160,,,01,40612,,,,sem_match_confiavel_no_easy_dental,,ReconstruÆo em Resina Direta - (+ de 3 Faces),,,,,,0.0,4,,brana
,,,,,,"[{'codigo': 57, 'id': 57, 'nome': 'Restauração de Amálgama - 1 face', 'score': 0.9}, {'codigo': 58, 'id': 58, 'nome': 'Restauração de Amálgama - 2 faces', 'score': 0.8525}, {'codigo': 59, 'id': 59, 'nome': 'Restauração de Amálgama - 3 faces', 'score': 0.8525}]",,,,5170,,,01,40613,,,,sem_match_confiavel_no_easy_dental,,RestauraÆo de Am lgama - 1 face,,,,,,0.0,4,,brana
,,,,,,"[{'codigo': 58, 'id': 58, 'nome': 'Restauração de Amálgama - 2 faces', 'score': 0.9032}, {'codigo': 59, 'id': 59, 'nome': 'Restauração de Amálgama - 3 faces', 'score': 0.871}, {'codigo': 57, 'id': 57, 'nome': 'Restauração de Amálgama - 1 face', 'score': 0.8525}]",,,,5180,,,01,40614,,,,sem_match_confiavel_no_easy_dental,,RestauraÆo de Am lgama - 2 faces,,,,,,0.0,4,,brana
,,,,,,"[{'codigo': 59, 'id': 59, 'nome': 'Restauração de Amálgama - 3 faces', 'score': 0.9032}, {'codigo': 58, 'id': 58, 'nome': 'Restauração de Amálgama - 2 faces', 'score': 0.871}, {'codigo': 57, 'id': 57, 'nome': 'Restauração de Amálgama - 1 face', 'score': 0.8525}]",,,,5190,,,01,40615,,,,sem_match_confiavel_no_easy_dental,,RestauraÆo de Am lgama - 3 faces,,,,,,0.0,4,,brana
,,,,,,"[{'codigo': 331, 'id': 330, 'nome': 'Cimentação adesiva', 'score': 0.4571}, {'codigo': 49, 'id': 49, 'nome': 'Núcleo de preenchimento', 'score': 0.45}, {'codigo': 51, 'id': 51, 'nome': 'Núcleo de preenchimento em resina', 'score': 0.4}]",,,,5200,,,01,40616,,,,sem_match_confiavel_no_easy_dental,,Procedimento 5200,,,,,,0.0,4,,brana
,,,,,,"[{'codigo': 61, 'id': 61, 'nome': 'Restauração em Resina Direta - (1 Face)', 'score': 0.9429}, {'codigo': 62, 'id': 62, 'nome': 'Restauração em Resina Direta - (2 Faces)', 'score': 0.9014}, {'codigo': 63, 'id': 63, 'nome': 'Restauração em Resina Direta - (3 Faces)', 'score': 0.9014}]",,,,5210,,,01,40617,,,,sem_match_confiavel_no_easy_dental,,RestauraÆo em Resina Direta - (1 Face),,,,,,0.0,4,,brana
,,,,,,"[{'codigo': 62, 'id': 62, 'nome': 'Restauração em Resina Direta - (2 Faces)', 'score': 0.9444}, {'codigo': 63, 'id': 63, 'nome': 'Restauração em Resina Direta - (3 Faces)', 'score': 0.9167}, {'codigo': 61, 'id': 61, 'nome': 'Restauração em Resina Direta - (1 Face)', 'score': 0.9014}]",,,,5220,,,01,40618,,,,sem_match_confiavel_no_easy_dental,,RestauraÆo em Resina Direta - (2 Faces),,,,,,0.0,4,,brana
,,,,,,"[{'codigo': 63, 'id': 63, 'nome': 'Restauração em Resina Direta - (3 Faces)', 'score': 0.9444}, {'codigo': 62, 'id': 62, 'nome': 'Restauração em Resina Direta - (2 Faces)', 'score': 0.9167}, {'codigo': 61, 'id': 61, 'nome': 'Restauração em Resina Direta - (1 Face)', 'score': 0.9014}]",,,,5230,,,01,40619,,,,sem_match_confiavel_no_easy_dental,,RestauraÆo em Resina Direta - (3 Faces),,,,,,0.0,4,,brana
,,,,,,"[{'codigo': 64, 'id': 64, 'nome': 'Restauração em Resina Direta - (Classe IV)', 'score': 0.9474}, {'codigo': 65, 'id': 65, 'nome': 'Restauração em Resina Direta - (Classe V)', 'score': 0.9333}, {'codigo': 61, 'id': 61, 'nome': 'Restauração em Resina Direta - (1 Face)', 'score': 0.7945}]",,,,5240,,,01,40620,,,,sem_match_confiavel_no_easy_dental,,RestauraÆo em Resina Direta - (Classe IV),,,,,,0.0,4,,brana
,,,,,,"[{'codigo': 65, 'id': 65, 'nome': 'Restauração em Resina Direta - (Classe V)', 'score': 0.9459}, {'codigo': 64, 'id': 64, 'nome': 'Restauração em Resina Direta - (Classe IV)', 'score': 0.9333}, {'codigo': 61, 'id': 61, 'nome': 'Restauração em Resina Direta - (1 Face)', 'score': 0.8056}]",,,,5250,,,01,40621,,,,sem_match_confiavel_no_easy_dental,,RestauraÆo em Resina Direta - (Classe V),,,,,,0.0,4,,brana
,,,,,,"[{'codigo': 66, 'id': 66, 'nome': 'Restauração temporária (IRM ou similar)', 'score': 0.9189}, {'codigo': 61, 'id': 61, 'nome': 'Restauração em Resina Direta - (1 Face)', 'score': 0.6111}, {'codigo': 62, 'id': 62, 'nome': 'Restauração em Resina Direta - (2 Faces)', 'score': 0.6027}]",,,,5260,,,01,40622,,,,sem_match_confiavel_no_easy_dental,,RestauraÆo tempor ria (IRM ou similar),,,,,,0.0,4,,brana
,,,,,,"[{'codigo': 67, 'id': 67, 'nome': 'Tratamento Expectante com H. Cálcio', 'score': 0.9706}, {'codigo': 38, 'id': 38, 'nome': 'Tratamento cirúrgico do lábio leporino', 'score': 0.5278}, {'codigo': 94, 'id': 94, 'nome': 'Tratamento de dentes c/ rizogenese incompleta - (Por sessão)', 'score': 0.5169}]",,,,5270,,,05,40623,,,,sem_match_confiavel_no_easy_dental,,Tratamento Expectante com H. C lcio,,,,,,0.0,57,,brana
,,,,,,"[{'codigo': 69, 'id': 69, 'nome': 'Apicectomia em Incisivos com obturação retrógrada', 'score': 0.9388}, {'codigo': 72, 'id': 72, 'nome': 'Apicectomia em Molares com obturação retrógrada', 'score': 0.8125}, {'codigo': 75, 'id': 75, 'nome': 'Apicectomia em Pré-molares com obturação retrógrada', 'score': 0.78}]",,,,4010,,,06,40625,,,,sem_match_confiavel_no_easy_dental,,Apicectomia em Incisivos com obturaÆo retr¢grada,,,,,,0.0,15,,brana
,,,,,,"[{'codigo': 72, 'id': 72, 'nome': 'Apicectomia em Molares com obturação retrógrada', 'score': 0.9362}, {'codigo': 75, 'id': 75, 'nome': 'Apicectomia em Pré-molares com obturação retrógrada', 'score': 0.898}, {'codigo': 69, 'id': 69, 'nome': 'Apicectomia em Incisivos com obturação retrógrada', 'score': 0.8125}]",,,,4040,,,06,40628,,,,sem_match_confiavel_no_easy_dental,,Apicectomia em Molares com obturaÆo retr¢grada,,,,,,0.0,15,,brana
,,,,,,"[{'codigo': 74, 'id': 74, 'nome': 'Apicectomia em Pré-molares com enxerto leofilizado', 'score': 0.98}, {'codigo': 75, 'id': 75, 'nome': 'Apicectomia em Pré-molares com obturação retrógrada', 'score': 0.7129}, {'codigo': 72, 'id': 72, 'nome': 'Apicectomia em Molares com obturação retrógrada', 'score': 0.6804}]",,,,4060,,,06,40630,,,,sem_match_confiavel_no_easy_dental,,Apicectomia em Pr-molares com enxerto leofilizado,,,,,,0.0,15,,brana
,,,,,,"[{'codigo': 75, 'id': 75, 'nome': 'Apicectomia em Pré-molares com obturação retrógrada', 'score': 0.9216}, {'codigo': 72, 'id': 72, 'nome': 'Apicectomia em Molares com obturação retrógrada', 'score': 0.898}, {'codigo': 69, 'id': 69, 'nome': 'Apicectomia em Incisivos com obturação retrógrada', 'score': 0.78}]",,,,4070,,,06,40631,,,,sem_match_confiavel_no_easy_dental,,Apicectomia em Pr-molares com obturaÆo retr¢grada,,,,,,0.0,15,,brana
,,,,,,"[{'codigo': 76, 'id': 76, 'nome': 'Apicectomia em Pré-molares curetagem apical', 'score': 0.9767}, {'codigo': 75, 'id': 75, 'nome': 'Apicectomia em Pré-molares com obturação retrógrada', 'score': 0.7021}, {'codigo': 72, 'id': 72, 'nome': 'Apicectomia em Molares com obturação retrógrada', 'score': 0.6667}]",,,,4080,,,06,40632,,,,sem_match_confiavel_no_easy_dental,,Apicectomia em Pr-molares curetagem apical,,,,,,0.0,15,,brana
,,,,,,"[{'codigo': 78, 'id': 78, 'nome': 'Desobturação de canal', 'score': 0.9048}, {'codigo': 39, 'id': 39, 'nome': 'Adequação de meio bucal', 'score': 0.5455}, {'codigo': 87, 'id': 87, 'nome': 'Retratamento de Canal - (Pré-molares)', 'score': 0.5185}]",,,,4100,,,03,40634,,,,sem_match_confiavel_no_easy_dental,,DesobturaÆo de canal,,,,,,0.0,57,,brana
,,,,,,"[{'codigo': 79, 'id': 79, 'nome': 'Preparo para Núcleo intra-radicular', 'score': 0.9714}, {'codigo': 83, 'id': 83, 'nome': 'Remoção de núcleo intraradicular', 'score': 0.7463}, {'codigo': 300, 'id': 299, 'nome': 'Placa de expansão para mordida cruzada', 'score': 0.5205}]",,,,4110,,,03,40635,,,,sem_match_confiavel_no_easy_dental,,Preparo para N£cleo intra-radicular,,,,,,0.0,57,,brana
,,,,,,"[{'codigo': 81, 'id': 81, 'nome': 'Reimplante dentes avuls. trauma + ap. contenção', 'score': 0.9556}, {'codigo': 114, 'id': 114, 'nome': 'Implante ósseo integrável - Cone Morse', 'score': 0.5185}, {'codigo': 115, 'id': 115, 'nome': 'Implante ósseo integrável - H. Interno', 'score': 0.5}]",,,,4130,,,06,40637,,,,sem_match_confiavel_no_easy_dental,,Reimplante dentes avuls. trauma + ap. contenÆo,,,,,,0.0,9,,brana
,,,,,,"[{'codigo': 82, 'id': 82, 'nome': 'Remoção de Coroal Total', 'score': 0.913}, {'codigo': 96, 'id': 96, 'nome': 'Cimentação de Coroa Total Definitiva', 'score': 0.5763}, {'codigo': 97, 'id': 97, 'nome': 'Cimentação de Coroa Total Provisória', 'score': 0.5763}]",,,,4140,,,02,40638,,,,sem_match_confiavel_no_easy_dental,,RemoÆo de Coroal Total,,,,,,0.0,57,,brana
,,,,,,"[{'codigo': 83, 'id': 83, 'nome': 'Remoção de núcleo intraradicular', 'score': 0.9062}, {'codigo': 79, 'id': 79, 'nome': 'Preparo para Núcleo intra-radicular', 'score': 0.7463}, {'codigo': 82, 'id': 82, 'nome': 'Remoção de Coroal Total', 'score': 0.5455}]",,,,4150,,,06,40639,,,,sem_match_confiavel_no_easy_dental,,RemoÆo de n£cleo intraradicular,,,,,,0.0,57,,brana
,,,,,,"[{'codigo': 87, 'id': 87, 'nome': 'Retratamento de Canal - (Pré-molares)', 'score': 0.9697}, {'codigo': 93, 'id': 93, 'nome': 'Tratamento de Canal - (Pré-molares)', 'score': 0.9375}, {'codigo': 95, 'id': 95, 'nome': 'Tratamento de Trepanações / Perfurações', 'score': 0.6571}]",,,,4190,,,,40643,,,,sem_match_confiavel_no_easy_dental,,Retratamento de Canal - (Pr-molares),,,,,,0.0,12,,brana
,,,,,,"[{'codigo': 88, 'id': 88, 'nome': 'Tratamento cirurgico de lesão endo-perio - (Curetagem)', 'score': 0.98}, {'codigo': 89, 'id': 89, 'nome': 'Tratamento cirurgico de lesão endo-perio com enxerto leofilizado', 'score': 0.7719}, {'codigo': 38, 'id': 38, 'nome': 'Tratamento cirúrgico do lábio leporino', 'score': 0.6364}]",,,,4200,,,06,40644,,,,sem_match_confiavel_no_easy_dental,,Tratamento cirurgico de lesÆo endo-perio - (Curetagem),,,,,,0.0,45,,brana
,,,,,,"[{'codigo': 89, 'id': 89, 'nome': 'Tratamento cirurgico de lesão endo-perio com enxerto leofilizado', 'score': 0.9844}, {'codigo': 88, 'id': 88, 'nome': 'Tratamento cirurgico de lesão endo-perio - (Curetagem)', 'score': 0.7368}, {'codigo': 38, 'id': 38, 'nome': 'Tratamento cirúrgico do lábio leporino', 'score': 0.6078}]",,,,4210,,,04,40645,,,,sem_match_confiavel_no_easy_dental,,Tratamento cirurgico de lesÆo endo-perio com enxerto leofilizado,,,,,,0.0,25,,brana
,,,,,,"[{'codigo': 93, 'id': 93, 'nome': 'Tratamento de Canal - (Pré-molares)', 'score': 0.9677}, {'codigo': 87, 'id': 87, 'nome': 'Retratamento de Canal - (Pré-molares)', 'score': 0.9375}, {'codigo': 95, 'id': 95, 'nome': 'Tratamento de Trepanações / Perfurações', 'score': 0.6765}]",,,,4250,,,,40649,,,,sem_match_confiavel_no_easy_dental,,Tratamento de Canal - (Pr-molares),,,,,,0.0,12,,brana
,,,,,,"[{'codigo': 94, 'id': 94, 'nome': 'Tratamento de dentes c/ rizogenese incompleta - (Por sessão)', 'score': 0.9818}, {'codigo': 189, 'id': 189, 'nome': 'Enceramento de diagnóstico - (por elemento)', 'score': 0.5106}, {'codigo': 67, 'id': 67, 'nome': 'Tratamento Expectante com H. Cálcio', 'score': 0.4944}]",,,,4260,,,03,40650,,,,sem_match_confiavel_no_easy_dental,,Tratamento de dentes c/ rizogenese incompleta - (Por sessÆo),,,,,,0.0,57,,brana
,,,,,,"[{'codigo': 95, 'id': 95, 'nome': 'Tratamento de Trepanações / Perfurações', 'score': 0.8919}, {'codigo': 93, 'id': 93, 'nome': 'Tratamento de Canal - (Pré-molares)', 'score': 0.5588}, {'codigo': 88, 'id': 88, 'nome': 'Tratamento cirurgico de lesão endo-perio - (Curetagem)', 'score': 0.5517}]",,,,4270,,,03,40651,,,,sem_match_confiavel_no_easy_dental,,Tratamento de Trepanaäes / Perfuraäes,,,,,,0.0,12,,brana
,,,,,,"[{'codigo': 96, 'id': 96, 'nome': 'Cimentação de Coroa Total Definitiva', 'score': 0.9444}, {'codigo': 97, 'id': 97, 'nome': 'Cimentação de Coroa Total Provisória', 'score': 0.75}, {'codigo': 125, 'id': 125, 'nome': 'Aumento de Coroa Clínica - (Plastia)', 'score': 0.6176}]",,,,2000,,,02,40652,,,,sem_match_confiavel_no_easy_dental,,CimentaÆo de Coroa Total Definitiva,,,,,,0.0,1,,brana
,,,,,,"[{'codigo': 97, 'id': 97, 'nome': 'Cimentação de Coroa Total Provisória', 'score': 0.9167}, {'codigo': 96, 'id': 96, 'nome': 'Cimentação de Coroa Total Definitiva', 'score': 0.7222}, {'codigo': 218, 'id': 217, 'nome': 'Reembasamento de Coroa Provisória', 'score': 0.6957}]",,,,2010,,,02,40653,,,,sem_match_confiavel_no_easy_dental,,CimentaÆo de Coroa Total Provis¢ria,,,,,,0.0,30,,brana
,,,,,,"[{'codigo': 98, 'id': 98, 'nome': 'Cimentação de Núcleo Metálico Fundido', 'score': 0.8919}, {'codigo': 197, 'id': 197, 'nome': 'Núcleo Metálico-fundido', 'score': 0.7}, {'codigo': 335, 'id': 334, 'nome': 'Núcleo Metálico fundido bi-partido', 'score': 0.5915}]",,,,2020,,,02,40654,,,,sem_match_confiavel_no_easy_dental,,CimentaÆo de N£cleo Met lico Fundido,,,,,,0.0,14,,brana
,,,,,,"[{'codigo': 99, 'id': 99, 'nome': 'Cimentação de Prótese Parcial Fixa', 'score': 0.9118}, {'codigo': 168, 'id': 168, 'nome': 'Conserto de Prótese Total e Parcial', 'score': 0.6377}, {'codigo': 96, 'id': 96, 'nome': 'Cimentação de Coroa Total Definitiva', 'score': 0.5714}]",,,,2030,,,02,40655,,,,sem_match_confiavel_no_easy_dental,,CimentaÆo de Pr¢tese Parcial Fixa,,,,,,0.0,7,,brana
,,,,,,"[{'codigo': 100, 'id': 100, 'nome': 'Consulta de adaptação Psicológica', 'score': 0.9091}, {'codigo': 325, 'id': 324, 'nome': 'Consulta de Reavaliação Clínica', 'score': 0.6875}, {'codigo': 102, 'id': 102, 'nome': 'Consulta de Emergência - (Sábado, Domingo e Feriado)', 'score': 0.5}]",,,,2040,,,05,40656,,,,sem_match_confiavel_no_easy_dental,,Consulta de adaptaÆo Psicol¢gica,,,,,,0.0,10,,brana
,,,,,,"[{'codigo': 101, 'id': 101, 'nome': 'Consulta de Emergência', 'score': 0.9545}, {'codigo': 102, 'id': 102, 'nome': 'Consulta de Emergência - (Sábado, Domingo e Feriado)', 'score': 0.6087}, {'codigo': 103, 'id': 103, 'nome': 'Consulta de Emergência Noturna - (22:00 às 06:00 hs)', 'score': 0.6}]",,,,2050,,,05,40657,,,,sem_match_confiavel_no_easy_dental,,Consulta de Emergncia,,,,,,0.0,40,,brana
,,,,,,"[{'codigo': 102, 'id': 102, 'nome': 'Consulta de Emergência - (Sábado, Domingo e Feriado)', 'score': 0.9574}, {'codigo': 101, 'id': 101, 'nome': 'Consulta de Emergência', 'score': 0.6087}, {'codigo': 103, 'id': 103, 'nome': 'Consulta de Emergência Noturna - (22:00 às 06:00 hs)', 'score': 0.5474}]",,,,2060,,,05,40658,,,,sem_match_confiavel_no_easy_dental,,"Consulta de Emergncia - (S bado, Domingo e Feriado)",,,,,,0.0,40,,brana
,,,,,,"[{'codigo': 103, 'id': 103, 'nome': 'Consulta de Emergência Noturna - (22:00 às 06:00 hs)', 'score': 0.9684}, {'codigo': 101, 'id': 101, 'nome': 'Consulta de Emergência', 'score': 0.6087}, {'codigo': 102, 'id': 102, 'nome': 'Consulta de Emergência - (Sábado, Domingo e Feriado)', 'score': 0.5532}]",,,,2070,,,05,40659,,,,sem_match_confiavel_no_easy_dental,,Consulta de Emergncia Noturna - (22:00 s 06:00 hs),,,,,,0.0,40,,brana
,,,,,,"[{'codigo': 104, 'id': 104, 'nome': 'Consulta Inicial para Exame clínico', 'score': 0.9714}, {'codigo': 102, 'id': 102, 'nome': 'Consulta de Emergência - (Sábado, Domingo e Feriado)', 'score': 0.4634}, {'codigo': 101, 'id': 101, 'nome': 'Consulta de Emergência', 'score': 0.4561}]",,,,2080,,,05,40660,,,,sem_match_confiavel_no_easy_dental,,Consulta Inicial para Exame cl¡nico,,,,,,350.0,,,brana
,,,,,,"[{'codigo': 106, 'id': 106, 'nome': 'Exame para Perícia Inicial e Final', 'score': 0.9706}, {'codigo': 51, 'id': 51, 'nome': 'Núcleo de preenchimento em resina', 'score': 0.4478}, {'codigo': 300, 'id': 299, 'nome': 'Placa de expansão para mordida cruzada', 'score': 0.4444}]",,,,2100,,,05,40662,,,,sem_match_confiavel_no_easy_dental,,Exame para Per¡cia Inicial e Final,,,,,,0.0,54,,brana
,,,,,,"[{'codigo': 112, 'id': 112, 'nome': 'Implante - (técnica de Sammers)', 'score': 0.963}, {'codigo': 114, 'id': 114, 'nome': 'Implante ósseo integrável - Cone Morse', 'score': 0.5397}, {'codigo': 326, 'id': 325, 'nome': 'Implante Zigomático', 'score': 0.5217}]",,,,7000,,,13,40668,,,,sem_match_confiavel_no_easy_dental,,Implante - (tcnica de Sammers),,,,,,0.0,9,,brana
,,,,,,"[{'codigo': 114, 'id': 114, 'nome': 'Implante ósseo integrável - Cone Morse', 'score': 0.9444}, {'codigo': 116, 'id': 116, 'nome': 'Implante ósseo integrável - Standard', 'score': 0.7429}, {'codigo': 115, 'id': 115, 'nome': 'Implante ósseo integrável - H. Interno', 'score': 0.7042}]",,,,7022,,,13,40670,,,,sem_match_confiavel_no_easy_dental,,Implante ¢sseo integr vel - Cone Morse,,,,,,0.0,9,,brana
,,,,,,"[{'codigo': 115, 'id': 115, 'nome': 'Implante ósseo integrável - H. Interno', 'score': 0.9429}, {'codigo': 116, 'id': 116, 'nome': 'Implante ósseo integrável - Standard', 'score': 0.7536}, {'codigo': 114, 'id': 114, 'nome': 'Implante ósseo integrável - Cone Morse', 'score': 0.7324}]",,,,7021,,,13,40671,,,,sem_match_confiavel_no_easy_dental,,Implante ¢sseo integr vel - H. Interno,,,,,,0.0,9,,brana
,,,,,,"[{'codigo': 116, 'id': 116, 'nome': 'Implante ósseo integrável - Standard', 'score': 0.9412}, {'codigo': 115, 'id': 115, 'nome': 'Implante ósseo integrável - H. Interno', 'score': 0.7536}, {'codigo': 114, 'id': 114, 'nome': 'Implante ósseo integrável - Cone Morse', 'score': 0.7143}]",,,,7020,,,13,40672,,,,sem_match_confiavel_no_easy_dental,,Implante ¢sseo integr vel - Standard,,,,,,0.0,9,,brana
,,,,,,"[{'codigo': 117, 'id': 117, 'nome': 'Remoção de implante', 'score': 0.8947}, {'codigo': 255, 'id': 254, 'nome': 'Botão de Nance', 'score': 0.5455}, {'codigo': 181, 'id': 181, 'nome': 'Coroa Metalo-cerâmica sob implante', 'score': 0.5283}]",,,,7030,,,13,40673,,,,sem_match_confiavel_no_easy_dental,,RemoÆo de implante,,,,,,0.0,9,,brana
,,,,,,"[{'codigo': 123, 'id': 123, 'nome': 'Aumento de Coroa Clínica - (Osteotomia e deslize apical)', 'score': 0.9808}, {'codigo': 124, 'id': 124, 'nome': 'Aumento de Coroa Clínica - (Osteotomia)', 'score': 0.7816}, {'codigo': 125, 'id': 125, 'nome': 'Aumento de Coroa Clínica - (Plastia)', 'score': 0.6667}]",,,,3050,,,04,40679,,,,sem_match_confiavel_no_easy_dental,,Aumento de Coroa Cl¡nica - (Osteotomia e deslize apical),,,,,,0.0,49,,brana
,,,,,,"[{'codigo': 124, 'id': 124, 'nome': 'Aumento de Coroa Clínica - (Osteotomia)', 'score': 0.9714}, {'codigo': 125, 'id': 125, 'nome': 'Aumento de Coroa Clínica - (Plastia)', 'score': 0.8358}, {'codigo': 123, 'id': 123, 'nome': 'Aumento de Coroa Clínica - (Osteotomia e deslize apical)', 'score': 0.7816}]",,,,3060,,,04,40680,,,,sem_match_confiavel_no_easy_dental,,Aumento de Coroa Cl¡nica - (Osteotomia),,,,,,0.0,49,,brana
,,,,,,"[{'codigo': 125, 'id': 125, 'nome': 'Aumento de Coroa Clínica - (Plastia)', 'score': 0.9688}, {'codigo': 124, 'id': 124, 'nome': 'Aumento de Coroa Clínica - (Osteotomia)', 'score': 0.8358}, {'codigo': 123, 'id': 123, 'nome': 'Aumento de Coroa Clínica - (Osteotomia e deslize apical)', 'score': 0.6667}]",,,,3070,,,04,40681,,,,sem_match_confiavel_no_easy_dental,,Aumento de Coroa Cl¡nica - (Plastia),,,,,,0.0,49,,brana
,,,,,,"[{'codigo': 127, 'id': 127, 'nome': 'Cirurgia para colagem de botão Ortodôntico', 'score': 0.9524}, {'codigo': 128, 'id': 128, 'nome': 'Cirurgia para colagem de botão Ortodôntico com osteotomia', 'score': 0.8081}, {'codigo': 129, 'id': 129, 'nome': 'Cirurgia para Odonto-secção - (por elemento)', 'score': 0.5366}]",,,,3090,,,06,40683,,,,sem_match_confiavel_no_easy_dental,,Cirurgia para colagem de botÆo Ortodntico,,,,,,0.0,45,,brana
,,,,,,"[{'codigo': 128, 'id': 128, 'nome': 'Cirurgia para colagem de botão Ortodôntico com osteotomia', 'score': 0.9649}, {'codigo': 127, 'id': 127, 'nome': 'Cirurgia para colagem de botão Ortodôntico', 'score': 0.8081}, {'codigo': 124, 'id': 124, 'nome': 'Aumento de Coroa Clínica - (Osteotomia)', 'score': 0.5}]",,,,3100,,,06,40684,,,,sem_match_confiavel_no_easy_dental,,Cirurgia para colagem de botÆo Ortodntico com osteotomia,,,,,,0.0,45,,brana
,,,,,,"[{'codigo': 129, 'id': 129, 'nome': 'Cirurgia para Odonto-secção - (por elemento)', 'score': 0.95}, {'codigo': 189, 'id': 189, 'nome': 'Enceramento de diagnóstico - (por elemento)', 'score': 0.5823}, {'codigo': 128, 'id': 128, 'nome': 'Cirurgia para colagem de botão Ortodôntico com osteotomia', 'score': 0.5155}]",,,,3110,,,04,40685,,,,sem_match_confiavel_no_easy_dental,,Cirurgia para Odonto-secÆo - (por elemento),,,,,,0.0,46,,brana
,,,,,,"[{'codigo': 131, 'id': 131, 'nome': 'Enxerto de conjuntivo / tunelização', 'score': 0.9394}, {'codigo': 97, 'id': 97, 'nome': 'Cimentação de Coroa Total Provisória', 'score': 0.4638}, {'codigo': 137, 'id': 137, 'nome': 'Enxerto Osseo RTG - (Regeneração Tecidual Guiada)', 'score': 0.4615}]",,,,3130,,,04,40687,,,,sem_match_confiavel_no_easy_dental,,Enxerto de conjuntivo / tunelizaÆo,,,,,,0.0,25,,brana
,,,,,,"[{'codigo': 137, 'id': 137, 'nome': 'Enxerto Osseo RTG - (Regeneração Tecidual Guiada)', 'score': 0.9556}, {'codigo': 337, 'id': 336, 'nome': 'Regeneração óssea guiada - ROG', 'score': 0.5205}, {'codigo': 131, 'id': 131, 'nome': 'Enxerto de conjuntivo / tunelização', 'score': 0.4103}]",,,,3190,,,04,40693,,,,sem_match_confiavel_no_easy_dental,,Enxerto Osseo RTG - (RegeneraÆo Tecidual Guiada),,,,,,0.0,25,,brana
,,,,,,"[{'codigo': 143, 'id': 143, 'nome': 'Frenotomia Lábial Inferior', 'score': 0.9615}, {'codigo': 144, 'id': 144, 'nome': 'Frenotomia Lábial Superior', 'score': 0.8462}, {'codigo': 232, 'id': 231, 'nome': 'Aparelho Ortodôntico Fixo - (Arcada Inferior)', 'score': 0.5075}]",,,,3250,,,04,40699,,,,sem_match_confiavel_no_easy_dental,,Frenotomia L bial Inferior,,,,,,0.0,26,,brana
,,,,,,"[{'codigo': 144, 'id': 144, 'nome': 'Frenotomia Lábial Superior', 'score': 0.9615}, {'codigo': 143, 'id': 143, 'nome': 'Frenotomia Lábial Inferior', 'score': 0.8462}, {'codigo': 233, 'id': 232, 'nome': 'Aparelho Ortodôntico Fixo - (Arcada Superior)', 'score': 0.5075}]",,,,3260,,,04,40700,,,,sem_match_confiavel_no_easy_dental,,Frenotomia L bial Superior,,,,,,0.0,26,,brana
,,,,,,"[{'codigo': 150, 'id': 150, 'nome': 'Manutenção Periodontal - (por sessão)', 'score': 0.9091}, {'codigo': 40, 'id': 40, 'nome': 'Ajuste oclusal - (por sessão)', 'score': 0.5862}, {'codigo': 281, 'id': 280, 'nome': 'Mantenedor de espaço', 'score': 0.5283}]",,,,3320,,,01,40706,,,,sem_match_confiavel_no_easy_dental,,ManutenÆo Periodontal - (por sessÆo),,,,,,0.0,58,,brana
,,,,,,"[{'codigo': 153, 'id': 153, 'nome': 'Remoção de Fatores de Retenção - (por segmento)', 'score': 0.907}, {'codigo': 157, 'id': 157, 'nome': 'Aplicação de Flúor Verniz - (por elemento)', 'score': 0.5432}, {'codigo': 189, 'id': 189, 'nome': 'Enceramento de diagnóstico - (por elemento)', 'score': 0.5122}]",,,,3350,,,04,40709,,,,sem_match_confiavel_no_easy_dental,,RemoÆo de Fatores de RetenÆo - (por segmento),,,,,,0.0,58,,brana
,,,,,,"[{'codigo': 156, 'id': 156, 'nome': 'Aplicação de Cariostático - (sessão)', 'score': 0.875}, {'codigo': 31, 'id': 31, 'nome': 'Marzupialização de cisto', 'score': 0.5357}, {'codigo': 323, 'id': 322, 'nome': 'Alinhadores Estéticos', 'score': 0.5283}]",,,,1000,,,01,40712,,,,sem_match_confiavel_no_easy_dental,,AplicaÆo de Cariost tico - (sessÆo),,,,,,0.0,28,,brana
,,,,,,"[{'codigo': 157, 'id': 157, 'nome': 'Aplicação de Flúor Verniz - (por elemento)', 'score': 0.9211}, {'codigo': 158, 'id': 158, 'nome': 'Aplicação de Selnate Oclusa Invasivo - (por elemento)', 'score': 0.6667}, {'codigo': 45, 'id': 45, 'nome': 'Dessensibilização dentária - (por elemento)', 'score': 0.5714}]",,,,1010,,,08,40713,,,,sem_match_confiavel_no_easy_dental,,AplicaÆo de Fl£or Verniz - (por elemento),,,,,,0.0,20,,brana
,,,,,,"[{'codigo': 158, 'id': 158, 'nome': 'Aplicação de Selnate Oclusa Invasivo - (por elemento)', 'score': 0.9592}, {'codigo': 157, 'id': 157, 'nome': 'Aplicação de Flúor Verniz - (por elemento)', 'score': 0.6207}, {'codigo': 189, 'id': 189, 'nome': 'Enceramento de diagnóstico - (por elemento)', 'score': 0.5227}]",,,,1020,,,08,40714,,,,sem_match_confiavel_no_easy_dental,,AplicaÆo de Selnate Oclusa Invasivo - (por elemento),,,,,,0.0,3,,brana
,,,,,,"[{'codigo': 159, 'id': 159, 'nome': 'Aplicação Tópica de Flúor', 'score': 0.84}, {'codigo': 112, 'id': 112, 'nome': 'Implante - (técnica de Sammers)', 'score': 0.5}, {'codigo': 157, 'id': 157, 'nome': 'Aplicação de Flúor Verniz - (por elemento)', 'score': 0.4762}]",,,,1030,,,08,40715,,,,sem_match_confiavel_no_easy_dental,,AplicaÆo T¢pica de Fl£or,,,,,,0.0,20,,brana
,,,,,,"[{'codigo': 160, 'id': 160, 'nome': 'Controle da Placa Bacteriana - (por sessão)', 'score': 0.9744}, {'codigo': 309, 'id': 308, 'nome': 'Placa mantenedora de espaço.', 'score': 0.4848}, {'codigo': 261, 'id': 260, 'nome': 'Contenção móvel - (Placa de acetáto)', 'score': 0.4789}]",,,,1040,,,08,40716,,,,sem_match_confiavel_no_easy_dental,,Controle da Placa Bacteriana - (por sessÆo),,,,,,0.0,55,,brana
,,,,,,"[{'codigo': 161, 'id': 161, 'nome': 'Instrução de Higiene Oral - (I.H.O.)', 'score': 0.9355}, {'codigo': 99, 'id': 99, 'nome': 'Cimentação de Prótese Parcial Fixa', 'score': 0.4923}, {'codigo': 168, 'id': 168, 'nome': 'Conserto de Prótese Total e Parcial', 'score': 0.4848}]",,,,1050,,,08,40717,,,,sem_match_confiavel_no_easy_dental,,InstruÆo de Higiene Oral - (I.H.O.),,,,,,0.0,28,,brana
,,,,,,"[{'codigo': 162, 'id': 162, 'nome': 'Profilaxia - (Polimento com taça de borracha)', 'score': 0.9756}, {'codigo': 307, 'id': 306, 'nome': 'Placa interceptora de hábito', 'score': 0.4638}, {'codigo': 291, 'id': 290, 'nome': 'Placa com arco de contenção de Baag', 'score': 0.4474}]",,,,1060,,,08,40718,,,,sem_match_confiavel_no_easy_dental,,Profilaxia - (Polimento com taa de borracha),,,,,,0.0,8,,brana
,,,,,,"[{'codigo': 165, 'id': 165, 'nome': 'Teste de Risco de Cárie', 'score': 0.9565}, {'codigo': 18, 'id': 18, 'nome': 'Excisão de Mucocele', 'score': 0.4762}, {'codigo': 78, 'id': 78, 'nome': 'Desobturação de canal', 'score': 0.4545}]",,,,1090,,,08,40721,,,,sem_match_confiavel_no_easy_dental,,Teste de Risco de C rie,,,,,,0.0,28,,brana
,,,,,,"[{'codigo': 168, 'id': 168, 'nome': 'Conserto de Prótese Total e Parcial', 'score': 0.9714}, {'codigo': 219, 'id': 218, 'nome': 'Reembasamento Prótese Total ou Parcial', 'score': 0.6849}, {'codigo': 99, 'id': 99, 'nome': 'Cimentação de Prótese Parcial Fixa', 'score': 0.6377}]",,,,8020,,,02,40724,,,,sem_match_confiavel_no_easy_dental,,Conserto de Pr¢tese Total e Parcial,,,,,,0.0,56,,brana
,,,,,,"[{'codigo': 180, 'id': 180, 'nome': 'Coroa metalo-cerâmica', 'score': 0.9524}, {'codigo': 181, 'id': 181, 'nome': 'Coroa Metalo-cerâmica sob implante', 'score': 0.7273}, {'codigo': 185, 'id': 185, 'nome': 'Coroa metálica total', 'score': 0.6341}]",,,,8140,,,02,40736,,,,sem_match_confiavel_no_easy_dental,,Coroa metalo-cermica,,,,,,0.0,1,,brana
,,,,,,"[{'codigo': 181, 'id': 181, 'nome': 'Coroa Metalo-cerâmica sob implante', 'score': 0.9706}, {'codigo': 180, 'id': 180, 'nome': 'Coroa metalo-cerâmica', 'score': 0.7273}, {'codigo': 328, 'id': 327, 'nome': 'Coroa Provisória Imediata sob implante', 'score': 0.6389}]",,,,8150,,,02,40737,,,,sem_match_confiavel_no_easy_dental,,Coroa Metalo-cermica sob implante,,,,,,0.0,1,,brana
,,,,,,"[{'codigo': 182, 'id': 182, 'nome': 'Coroa Provisória Imediata', 'score': 0.96}, {'codigo': 328, 'id': 327, 'nome': 'Coroa Provisória Imediata sob implante', 'score': 0.7619}, {'codigo': 186, 'id': 186, 'nome': 'Coroa Provisória de Laboratório', 'score': 0.6786}]",,,,8160,,,,40738,,,,sem_match_confiavel_no_easy_dental,,Coroa Provis¢ria Imediata,,,,,,0.0,30,,brana
,,,,,,"[{'codigo': 183, 'id': 183, 'nome': 'Coroa Provisória de Onlay / Inlay', 'score': 0.9677}, {'codigo': 186, 'id': 186, 'nome': 'Coroa Provisória de Laboratório', 'score': 0.7097}, {'codigo': 182, 'id': 182, 'nome': 'Coroa Provisória Imediata', 'score': 0.6786}]",,,,8161,,,,40739,,,,sem_match_confiavel_no_easy_dental,,Coroa Provis¢ria de Onlay / Inlay,,,,,,0.0,2,,brana
,,,,,,"[{'codigo': 184, 'id': 184, 'nome': 'Coroa Provisória de Laboratório sob implante', 'score': 0.9545}, {'codigo': 328, 'id': 327, 'nome': 'Coroa Provisória Imediata sob implante', 'score': 0.7805}, {'codigo': 186, 'id': 186, 'nome': 'Coroa Provisória de Laboratório', 'score': 0.7733}]",,,,8170,,,02,40740,,,,sem_match_confiavel_no_easy_dental,,Coroa Provis¢ria de Laborat¢rio sob implante,,,,,,0.0,30,,brana
,,,,,,"[{'codigo': 185, 'id': 185, 'nome': 'Coroa metálica total', 'score': 0.95}, {'codigo': 180, 'id': 180, 'nome': 'Coroa metalo-cerâmica', 'score': 0.6341}, {'codigo': 82, 'id': 82, 'nome': 'Remoção de Coroal Total', 'score': 0.5581}]",,,,8180,,,02,40741,,,,sem_match_confiavel_no_easy_dental,,Coroa met lica total,,,,,,0.0,1,,brana
,,,,,,"[{'codigo': 186, 'id': 186, 'nome': 'Coroa Provisória de Laboratório', 'score': 0.9355}, {'codigo': 184, 'id': 184, 'nome': 'Coroa Provisória de Laboratório sob implante', 'score': 0.7733}, {'codigo': 183, 'id': 183, 'nome': 'Coroa Provisória de Onlay / Inlay', 'score': 0.7097}]",,,,8190,,,02,40742,,,,sem_match_confiavel_no_easy_dental,,Coroa Provis¢ria de Laborat¢rio,,,,,,0.0,1,,brana
,,,,,,"[{'codigo': 188, 'id': 188, 'nome': 'E-MAX - Restauração Onlay / Inlay em Dissilicato de lítio', 'score': 0.9434}, {'codigo': 222, 'id': 221, 'nome': 'Restauração Onlay / Inlay em Ceromero', 'score': 0.6591}, {'codigo': 221, 'id': 220, 'nome': 'Restauração Onlay / Inlay em Porcelana', 'score': 0.6067}]",,,,8481,,,02,40744,,,,sem_match_confiavel_no_easy_dental,,E-MAX - RestauraÆo Onlay / Inlay em Dissilicato de l¡tio,,,,,,0.0,2,,brana
,,,,,,"[{'codigo': 189, 'id': 189, 'nome': 'Enceramento de diagnóstico - (por elemento)', 'score': 0.9744}, {'codigo': 190, 'id': 190, 'nome': 'Enceramento de diagnóstico por elemento sob implante', 'score': 0.8352}, {'codigo': 129, 'id': 129, 'nome': 'Cirurgia para Odonto-secção - (por elemento)', 'score': 0.5823}]",,,,8200,,,02,40745,,,,sem_match_confiavel_no_easy_dental,,Enceramento de diagn¢stico - (por elemento),,,,,,0.0,41,,brana
,,,,,,"[{'codigo': 190, 'id': 190, 'nome': 'Enceramento de diagnóstico por elemento sob implante', 'score': 0.9808}, {'codigo': 189, 'id': 189, 'nome': 'Enceramento de diagnóstico - (por elemento)', 'score': 0.8352}, {'codigo': 184, 'id': 184, 'nome': 'Coroa Provisória de Laboratório sob implante', 'score': 0.5417}]",,,,8210,,,02,40746,,,,sem_match_confiavel_no_easy_dental,,Enceramento de diagn¢stico por elemento sob implante,,,,,,0.0,1,,brana
,,,,,,"[{'codigo': 194, 'id': 194, 'nome': 'Jig ou Front-Platô', 'score': 0.9444}, {'codigo': 125, 'id': 125, 'nome': 'Aumento de Coroa Clínica - (Plastia)', 'score': 0.4}, {'codigo': 129, 'id': 129, 'nome': 'Cirurgia para Odonto-secção - (por elemento)', 'score': 0.3793}]",,,,8250,,,07,40750,,,,sem_match_confiavel_no_easy_dental,,Jig ou Front-Plat,,,,,,0.0,37,,brana
,,,,,,"[{'codigo': 195, 'id': 195, 'nome': 'Munhão Universal - CM', 'score': 0.9474}, {'codigo': 282, 'id': 281, 'nome': 'Manutenção ortodôntico - (Mensal)', 'score': 0.4583}, {'codigo': 54, 'id': 54, 'nome': 'Núcleo rosqueavel - (Roach)', 'score': 0.4286}]",,,,8151,,,01,40751,,,,sem_match_confiavel_no_easy_dental,,MunhÆo Universal - CM,,,,,,0.0,14,,brana
,,,,,,"[{'codigo': 196, 'id': 196, 'nome': 'Núcleo Metal-free estético', 'score': 0.9231}, {'codigo': 49, 'id': 49, 'nome': 'Núcleo de preenchimento', 'score': 0.5714}, {'codigo': 197, 'id': 197, 'nome': 'Núcleo Metálico-fundido', 'score': 0.5306}]",,,,8270,,,01,40752,,,,sem_match_confiavel_no_easy_dental,,N£cleo Metal-free esttico,,,,,,0.0,14,,brana
,,,,,,"[{'codigo': 197, 'id': 197, 'nome': 'Núcleo Metálico-fundido', 'score': 0.913}, {'codigo': 335, 'id': 334, 'nome': 'Núcleo Metálico fundido bi-partido', 'score': 0.7368}, {'codigo': 98, 'id': 98, 'nome': 'Cimentação de Núcleo Metálico Fundido', 'score': 0.7}]",,,,8260,,,02,40753,,,,sem_match_confiavel_no_easy_dental,,N£cleo Met lico-fundido,,,,,,0.0,14,,brana
,,,,,,"[{'codigo': 200, 'id': 199, 'nome': 'Placa para Bruxismo Acrílica', 'score': 0.9643}, {'codigo': 104, 'id': 104, 'nome': 'Consulta Inicial para Exame clínico', 'score': 0.5397}, {'codigo': 304, 'id': 303, 'nome': 'Placa de ocupação lingual', 'score': 0.4906}]",,,,8300,,,07,40755,,,,sem_match_confiavel_no_easy_dental,,Placa para Bruxismo Acr¡lica,,,,,,0.0,37,,brana
,,,,,,"[{'codigo': 203, 'id': 202, 'nome': 'Prótese Parcial Fixa Adesiva Metal-free', 'score': 0.9744}, {'codigo': 204, 'id': 203, 'nome': 'Prótese Parcial Fixa Acrilica sob Implante', 'score': 0.642}, {'codigo': 205, 'id': 204, 'nome': 'Prótese Parcial Fixa Metalo-cerâmica - (1 Pôntico)', 'score': 0.6353}]",,,,8320,,,02,40758,,,,sem_match_confiavel_no_easy_dental,,Pr¢tese Parcial Fixa Adesiva Metal-free,,,,,,0.0,7,,brana
,,,,,,"[{'codigo': 204, 'id': 203, 'nome': 'Prótese Parcial Fixa Acrilica sob Implante', 'score': 0.9762}, {'codigo': 205, 'id': 204, 'nome': 'Prótese Parcial Fixa Metalo-cerâmica - (1 Pôntico)', 'score': 0.7045}, {'codigo': 206, 'id': 205, 'nome': 'Prótese Parcial Fixa Metalo-cerâmica - (2 Pônticos)', 'score': 0.6966}]",,,,8330,,,02,40759,,,,sem_match_confiavel_no_easy_dental,,Pr¢tese Parcial Fixa Acrilica sob Implante,,,,,,0.0,7,,brana
,,,,,,"[{'codigo': 205, 'id': 204, 'nome': 'Prótese Parcial Fixa Metalo-cerâmica - (1 Pôntico)', 'score': 0.9348}, {'codigo': 206, 'id': 205, 'nome': 'Prótese Parcial Fixa Metalo-cerâmica - (2 Pônticos)', 'score': 0.9032}, {'codigo': 207, 'id': 206, 'nome': 'Prótese Parcial Fixa Metalo-plastica - (1 Pôntico)', 'score': 0.8478}]",,,,8340,,,02,40760,,,,sem_match_confiavel_no_easy_dental,,Pr¢tese Parcial Fixa Metalo-cermica - (1 Pntico),,,,,,0.0,5,,brana
,,,,,,"[{'codigo': 206, 'id': 205, 'nome': 'Prótese Parcial Fixa Metalo-cerâmica - (2 Pônticos)', 'score': 0.9362}, {'codigo': 205, 'id': 204, 'nome': 'Prótese Parcial Fixa Metalo-cerâmica - (1 Pôntico)', 'score': 0.9032}, {'codigo': 208, 'id': 207, 'nome': 'Prótese Parcial Fixa Metalo-plastica - (2 Pônticos)', 'score': 0.8511}]",,,,8350,,,02,40761,,,,sem_match_confiavel_no_easy_dental,,Pr¢tese Parcial Fixa Metalo-cermica - (2 Pnticos),,,,,,0.0,5,,brana
,,,,,,"[{'codigo': 207, 'id': 206, 'nome': 'Prótese Parcial Fixa Metalo-plastica - (1 Pôntico)', 'score': 0.9565}, {'codigo': 208, 'id': 207, 'nome': 'Prótese Parcial Fixa Metalo-plastica - (2 Pônticos)', 'score': 0.9247}, {'codigo': 205, 'id': 204, 'nome': 'Prótese Parcial Fixa Metalo-cerâmica - (1 Pôntico)', 'score': 0.8478}]",,,,8360,,,02,40762,,,,sem_match_confiavel_no_easy_dental,,Pr¢tese Parcial Fixa Metalo-plastica - (1 Pntico),,,,,,0.0,5,,brana
,,,,,,"[{'codigo': 208, 'id': 207, 'nome': 'Prótese Parcial Fixa Metalo-plastica - (2 Pônticos)', 'score': 0.9574}, {'codigo': 207, 'id': 206, 'nome': 'Prótese Parcial Fixa Metalo-plastica - (1 Pôntico)', 'score': 0.9247}, {'codigo': 206, 'id': 205, 'nome': 'Prótese Parcial Fixa Metalo-cerâmica - (2 Pônticos)', 'score': 0.8511}]",,,,8361,,,02,40763,,,,sem_match_confiavel_no_easy_dental,,Pr¢tese Parcial Fixa Metalo-plastica - (2 Pnticos),,,,,,0.0,5,,brana
,,,,,,"[{'codigo': 209, 'id': 208, 'nome': 'Prótese Parcial Fixa Provisória - (1 Pôntico)', 'score': 0.9268}, {'codigo': 205, 'id': 204, 'nome': 'Prótese Parcial Fixa Metalo-cerâmica - (1 Pôntico)', 'score': 0.7356}, {'codigo': 207, 'id': 206, 'nome': 'Prótese Parcial Fixa Metalo-plastica - (1 Pôntico)', 'score': 0.7356}]",,,,8370,,,02,40764,,,,sem_match_confiavel_no_easy_dental,,Pr¢tese Parcial Fixa Provis¢ria - (1 Pntico),,,,,,0.0,5,,brana
,,,,,,"[{'codigo': 210, 'id': 209, 'nome': 'Prótese Parcial Removível - (Importada) / (por arcada)', 'score': 0.9565}, {'codigo': 211, 'id': 210, 'nome': 'Prótese Parcial Removível - (por arcada)', 'score': 0.8293}, {'codigo': 212, 'id': 211, 'nome': 'Prótese Parcial Removível Provisória - (por arcada)', 'score': 0.8172}]",,,,8380,,,02,40765,,,,sem_match_confiavel_no_easy_dental,,Pr¢tese Parcial Remov¡vel - (Importada) / (por arcada),,,,,,0.0,6,,brana
,,,,,,"[{'codigo': 211, 'id': 210, 'nome': 'Prótese Parcial Removível - (por arcada)', 'score': 0.9444}, {'codigo': 210, 'id': 209, 'nome': 'Prótese Parcial Removível - (Importada) / (por arcada)', 'score': 0.8293}, {'codigo': 212, 'id': 211, 'nome': 'Prótese Parcial Removível Provisória - (por arcada)', 'score': 0.8193}]",,,,8390,,,02,40766,,,,sem_match_confiavel_no_easy_dental,,Pr¢tese Parcial Remov¡vel - (por arcada),,,,,,0.0,6,,brana
,,,,,,"[{'codigo': 212, 'id': 211, 'nome': 'Prótese Parcial Removível Provisória - (por arcada)', 'score': 0.9362}, {'codigo': 211, 'id': 210, 'nome': 'Prótese Parcial Removível - (por arcada)', 'score': 0.8193}, {'codigo': 210, 'id': 209, 'nome': 'Prótese Parcial Removível - (Importada) / (por arcada)', 'score': 0.8172}]",,,,8400,,,02,40767,,,,sem_match_confiavel_no_easy_dental,,Pr¢tese Parcial Remov¡vel Provis¢ria - (por arcada),,,,,,0.0,6,,brana
,,,,,,"[{'codigo': 213, 'id': 212, 'nome': 'Prótese Total - (Importada) / (por arcada)', 'score': 0.9706}, {'codigo': 215, 'id': 214, 'nome': 'Prótese Total Imediada - (por arcada)', 'score': 0.8657}, {'codigo': 214, 'id': 213, 'nome': 'Prótese Total - (por arcada)', 'score': 0.7931}]",,,,8410,,,02,40768,,,,sem_match_confiavel_no_easy_dental,,Pr¢tese Total - (Importada) / (por arcada),,,,,,0.0,24,,brana
,,,,,,"[{'codigo': 214, 'id': 213, 'nome': 'Prótese Total - (por arcada)', 'score': 0.9583}, {'codigo': 215, 'id': 214, 'nome': 'Prótese Total Imediada - (por arcada)', 'score': 0.807}, {'codigo': 213, 'id': 212, 'nome': 'Prótese Total - (Importada) / (por arcada)', 'score': 0.7931}]",,,,8420,,,02,40769,,,,sem_match_confiavel_no_easy_dental,,Pr¢tese Total - (por arcada),,,,,,0.0,24,,brana
,,,,,,"[{'codigo': 215, 'id': 214, 'nome': 'Prótese Total Imediada - (por arcada)', 'score': 0.9697}, {'codigo': 213, 'id': 212, 'nome': 'Prótese Total - (Importada) / (por arcada)', 'score': 0.8657}, {'codigo': 214, 'id': 213, 'nome': 'Prótese Total - (por arcada)', 'score': 0.807}]",,,,8430,,,02,40770,,,,sem_match_confiavel_no_easy_dental,,Pr¢tese Total Imediada - (por arcada),,,,,,0.0,24,,brana
,,,,,,"[{'codigo': 217, 'id': 216, 'nome': 'Prótese Protocolo', 'score': 0.9412}, {'codigo': 214, 'id': 213, 'nome': 'Prótese Total - (por arcada)', 'score': 0.5366}, {'codigo': 211, 'id': 210, 'nome': 'Prótese Parcial Removível - (por arcada)', 'score': 0.4528}]",,,,8440,,,02,40772,,,,sem_match_confiavel_no_easy_dental,,Pr¢tese Protocolo,,,,,,0.0,24,,brana
,,,,,,"[{'codigo': 218, 'id': 217, 'nome': 'Reembasamento de Coroa Provisória', 'score': 0.9697}, {'codigo': 97, 'id': 97, 'nome': 'Cimentação de Coroa Total Provisória', 'score': 0.6957}, {'codigo': 219, 'id': 218, 'nome': 'Reembasamento Prótese Total ou Parcial', 'score': 0.6479}]",,,,8450,,,02,40773,,,,sem_match_confiavel_no_easy_dental,,Reembasamento de Coroa Provis¢ria,,,,,,0.0,57,,brana
,,,,,,"[{'codigo': 219, 'id': 218, 'nome': 'Reembasamento Prótese Total ou Parcial', 'score': 0.9737}, {'codigo': 168, 'id': 168, 'nome': 'Conserto de Prótese Total e Parcial', 'score': 0.6849}, {'codigo': 214, 'id': 213, 'nome': 'Prótese Total - (por arcada)', 'score': 0.6129}]",,,,8460,,,01,40774,,,,sem_match_confiavel_no_easy_dental,,Reembasamento Pr¢tese Total ou Parcial,,,,,,0.0,42,,brana
,,,,,,"[{'codigo': 220, 'id': 219, 'nome': 'Restauração Metálica Fundida - RMF', 'score': 0.9062}, {'codigo': 197, 'id': 197, 'nome': 'Núcleo Metálico-fundido', 'score': 0.5818}, {'codigo': 335, 'id': 334, 'nome': 'Núcleo Metálico fundido bi-partido', 'score': 0.5455}]",,,,8470,,,02,40775,,,,sem_match_confiavel_no_easy_dental,,RestauraÆo Met lica Fundida - RMF,,,,,,0.0,2,,brana
,,,,,,"[{'codigo': 221, 'id': 220, 'nome': 'Restauração Onlay / Inlay em Porcelana', 'score': 0.9444}, {'codigo': 222, 'id': 221, 'nome': 'Restauração Onlay / Inlay em Ceromero', 'score': 0.7606}, {'codigo': 188, 'id': 188, 'nome': 'E-MAX - Restauração Onlay / Inlay em Dissilicato de lítio', 'score': 0.6292}]",,,,8480,,,02,40776,,,,sem_match_confiavel_no_easy_dental,,RestauraÆo Onlay / Inlay em Porcelana,,,,,,0.0,2,,brana
,,,,,,"[{'codigo': 222, 'id': 221, 'nome': 'Restauração Onlay / Inlay em Ceromero', 'score': 0.9429}, {'codigo': 221, 'id': 220, 'nome': 'Restauração Onlay / Inlay em Porcelana', 'score': 0.7606}, {'codigo': 188, 'id': 188, 'nome': 'E-MAX - Restauração Onlay / Inlay em Dissilicato de lítio', 'score': 0.6364}]",,,,8490,,,02,40777,,,,sem_match_confiavel_no_easy_dental,,RestauraÆo Onlay / Inlay em Ceromero,,,,,,0.0,2,,brana
,,,,,,"[{'codigo': 225, 'id': 224, 'nome': 'Aparelho de contenção', 'score': 0.9048}, {'codigo': 291, 'id': 290, 'nome': 'Placa com arco de contenção de Baag', 'score': 0.5357}, {'codigo': 290, 'id': 289, 'nome': 'Placa com arco de contenção contínua', 'score': 0.5263}]",,,,225,,,07,40780,,,,sem_match_confiavel_no_easy_dental,,Aparelho de contenÆo,,,,,,0.0,37,,brana
,,,,,,"[{'codigo': 228, 'id': 227, 'nome': 'Aparelho Ortodôntico Estético em Porcelana - (Arcada Inferior)', 'score': 0.9655}, {'codigo': 229, 'id': 228, 'nome': 'Aparelho Ortodôntico Estético em Porcelana - (Arcada Superior)', 'score': 0.9138}, {'codigo': 230, 'id': 229, 'nome': 'Aparelho Ortodôntico Estético em Zafira - (Arcada Inferior)', 'score': 0.8673}]",,,,228,,,07,40783,,,,sem_match_confiavel_no_easy_dental,,Aparelho Ortodntico Esttico em Porcelana - (Arcada Inferior),,,,,,0.0,22,,brana
,,,,,,"[{'codigo': 229, 'id': 228, 'nome': 'Aparelho Ortodôntico Estético em Porcelana - (Arcada Superior)', 'score': 0.9655}, {'codigo': 228, 'id': 227, 'nome': 'Aparelho Ortodôntico Estético em Porcelana - (Arcada Inferior)', 'score': 0.9138}, {'codigo': 231, 'id': 230, 'nome': 'Aparelho Ortodôntico Estético em Zafira - (Arcada Superior)', 'score': 0.8673}]",,,,229,,,07,40784,,,,sem_match_confiavel_no_easy_dental,,Aparelho Ortodntico Esttico em Porcelana - (Arcada Superior),,,,,,0.0,22,,brana
,,,,,,"[{'codigo': 230, 'id': 229, 'nome': 'Aparelho Ortodôntico Estético em Zafira - (Arcada Inferior)', 'score': 0.9636}, {'codigo': 231, 'id': 230, 'nome': 'Aparelho Ortodôntico Estético em Zafira - (Arcada Superior)', 'score': 0.9091}, {'codigo': 228, 'id': 227, 'nome': 'Aparelho Ortodôntico Estético em Porcelana - (Arcada Inferior)', 'score': 0.8673}]",,,,230,,,07,40785,,,,sem_match_confiavel_no_easy_dental,,Aparelho Ortodntico Esttico em Zafira - (Arcada Inferior),,,,,,0.0,22,,brana
,,,,,,"[{'codigo': 231, 'id': 230, 'nome': 'Aparelho Ortodôntico Estético em Zafira - (Arcada Superior)', 'score': 0.9636}, {'codigo': 230, 'id': 229, 'nome': 'Aparelho Ortodôntico Estético em Zafira - (Arcada Inferior)', 'score': 0.9091}, {'codigo': 229, 'id': 228, 'nome': 'Aparelho Ortodôntico Estético em Porcelana - (Arcada Superior)', 'score': 0.8673}]",,,,231,,,07,40786,,,,sem_match_confiavel_no_easy_dental,,Aparelho Ortodntico Esttico em Zafira - (Arcada Superior),,,,,,0.0,22,,brana
,,,,,,"[{'codigo': 232, 'id': 231, 'nome': 'Aparelho Ortodôntico Fixo - (Arcada Inferior)', 'score': 0.9756}, {'codigo': 233, 'id': 232, 'nome': 'Aparelho Ortodôntico Fixo - (Arcada Superior)', 'score': 0.9024}, {'codigo': 230, 'id': 229, 'nome': 'Aparelho Ortodôntico Estético em Zafira - (Arcada Inferior)', 'score': 0.7917}]",,,,232,,,07,40787,,,,sem_match_confiavel_no_easy_dental,,Aparelho Ortodntico Fixo - (Arcada Inferior),,,,,,0.0,22,,brana
,,,,,,"[{'codigo': 233, 'id': 232, 'nome': 'Aparelho Ortodôntico Fixo - (Arcada Superior)', 'score': 0.9756}, {'codigo': 232, 'id': 231, 'nome': 'Aparelho Ortodôntico Fixo - (Arcada Inferior)', 'score': 0.9024}, {'codigo': 231, 'id': 230, 'nome': 'Aparelho Ortodôntico Estético em Zafira - (Arcada Superior)', 'score': 0.7917}]",,,,233,,,07,40788,,,,sem_match_confiavel_no_easy_dental,,Aparelho Ortodntico Fixo - (Arcada Superior),,,,,,0.0,22,,brana
,,,,,,"[{'codigo': 240, 'id': 239, 'nome': 'Ativador de Zurick - Suíça', 'score': 0.9167}, {'codigo': 281, 'id': 280, 'nome': 'Mantenedor de espaço', 'score': 0.5}, {'codigo': 323, 'id': 322, 'nome': 'Alinhadores Estéticos', 'score': 0.4889}]",,,,240,,,07,40795,,,,sem_match_confiavel_no_easy_dental,,Ativador de Zurick - Su¡a,,,,,,0.0,22,,brana
,,,,,,"[{'codigo': 246, 'id': 245, 'nome': 'Bi-hélice', 'score': 0.8889}, {'codigo': 313, 'id': 312, 'nome': 'Quadri-hélice', 'score': 0.6364}, {'codigo': 3, 'id': 3, 'nome': 'Biópsia', 'score': 0.375}]",,,,246,,,07,40801,,,,sem_match_confiavel_no_easy_dental,,Bi-hlice,,,,,,0.0,37,,brana
,,,,,,"[{'codigo': 255, 'id': 254, 'nome': 'Botão de Nance', 'score': 0.9286}, {'codigo': 117, 'id': 117, 'nome': 'Remoção de implante', 'score': 0.5455}, {'codigo': 78, 'id': 78, 'nome': 'Desobturação de canal', 'score': 0.5143}]",,,,255,,,07,40810,,,,sem_match_confiavel_no_easy_dental,,BotÆo de Nance,,,,,,0.0,22,,brana
,,,,,,"[{'codigo': 260, 'id': 259, 'nome': 'Contenção Fixa Lingual', 'score': 0.9091}, {'codigo': 304, 'id': 303, 'nome': 'Placa de ocupação lingual', 'score': 0.4681}, {'codigo': 16, 'id': 16, 'nome': 'Excisão de glândula sublingual', 'score': 0.4615}]",,,,260,,,01,40815,,,,sem_match_confiavel_no_easy_dental,,ContenÆo Fixa Lingual,,,,,,0.0,29,,brana
,,,,,,"[{'codigo': 261, 'id': 260, 'nome': 'Contenção móvel - (Placa de acetáto)', 'score': 0.875}, {'codigo': 160, 'id': 160, 'nome': 'Controle da Placa Bacteriana - (por sessão)', 'score': 0.507}, {'codigo': 185, 'id': 185, 'nome': 'Coroa metálica total', 'score': 0.4615}]",,,,261,,,07,40816,,,,sem_match_confiavel_no_easy_dental,,ContenÆo m¢vel - (Placa de acet to),,,,,,0.0,37,,brana
,,,,,,"[{'codigo': 268, 'id': 267, 'nome': 'Distabilizador Pendex com Pêndulo', 'score': 0.9697}, {'codigo': 31, 'id': 31, 'nome': 'Marzupialização de cisto', 'score': 0.4561}, {'codigo': 67, 'id': 67, 'nome': 'Tratamento Expectante com H. Cálcio', 'score': 0.4478}]",,,,268,,,07,40823,,,,sem_match_confiavel_no_easy_dental,,Distabilizador Pendex com Pndulo,,,,,,0.0,37,,brana
,,,,,,"[{'codigo': 270, 'id': 269, 'nome': 'Documentação ortodôntica', 'score': 0.875}, {'codigo': 96, 'id': 96, 'nome': 'Cimentação de Coroa Total Definitiva', 'score': 0.5667}, {'codigo': 282, 'id': 281, 'nome': 'Manutenção ortodôntico - (Mensal)', 'score': 0.566}]",,,,270,,,07,40825,,,,sem_match_confiavel_no_easy_dental,,DocumentaÆo ortodntica,,,,,,0.0,43,,brana
,,,,,,"[{'codigo': 276, 'id': 275, 'nome': 'Grade palatina móvel', 'score': 0.95}, {'codigo': 304, 'id': 303, 'nome': 'Placa de ocupação lingual', 'score': 0.4889}, {'codigo': 4, 'id': 4, 'nome': 'Cirurgia de Hipertrofia de Lábio', 'score': 0.4615}]",,,,276,,,07,40831,,,,sem_match_confiavel_no_easy_dental,,Grade palatina m¢vel,,,,,,0.0,37,,brana
,,,,,,"[{'codigo': 281, 'id': 280, 'nome': 'Mantenedor de espaço', 'score': 0.95}, {'codigo': 309, 'id': 308, 'nome': 'Placa mantenedora de espaço.', 'score': 0.8085}, {'codigo': 310, 'id': 309, 'nome': 'Placa recuperadora de espaço', 'score': 0.625}]",,,,281,,,09,40836,,,,sem_match_confiavel_no_easy_dental,,Mantenedor de espao,,,,,,0.0,19,,brana
,,,,,,"[{'codigo': 282, 'id': 281, 'nome': 'Manutenção ortodôntico - (Mensal)', 'score': 0.8966}, {'codigo': 270, 'id': 269, 'nome': 'Documentação ortodôntica', 'score': 0.566}, {'codigo': 336, 'id': 335, 'nome': 'Remoção de aparelho ortodontico fixo.', 'score': 0.4923}]",,,,282,,,07,40837,,,,sem_match_confiavel_no_easy_dental,,ManutenÆo ortodntico - (Mensal),,,,,,0.0,23,,brana
,,,,,,"[{'codigo': 289, 'id': 288, 'nome': 'Placa com arco alça dupla para expanção Y', 'score': 0.9268}, {'codigo': 290, 'id': 289, 'nome': 'Placa com arco de contenção contínua', 'score': 0.5195}, {'codigo': 291, 'id': 290, 'nome': 'Placa com arco de contenção de Baag', 'score': 0.5}]",,,,289,,,07,40844,,,,sem_match_confiavel_no_easy_dental,,Placa com arco ala dupla para expanÆo Y,,,,,,0.0,37,,brana
,,,,,,"[{'codigo': 290, 'id': 289, 'nome': 'Placa com arco de contenção contínua', 'score': 0.9167}, {'codigo': 291, 'id': 290, 'nome': 'Placa com arco de contenção de Baag', 'score': 0.7606}, {'codigo': 225, 'id': 224, 'nome': 'Aparelho de contenção', 'score': 0.5263}]",,,,290,,,07,40845,,,,sem_match_confiavel_no_easy_dental,,Placa com arco de contenÆo cont¡nua,,,,,,0.0,37,,brana
,,,,,,"[{'codigo': 291, 'id': 290, 'nome': 'Placa com arco de contenção de Baag', 'score': 0.9429}, {'codigo': 290, 'id': 289, 'nome': 'Placa com arco de contenção contínua', 'score': 0.7606}, {'codigo': 225, 'id': 224, 'nome': 'Aparelho de contenção', 'score': 0.5357}]",,,,291,,,07,40846,,,,sem_match_confiavel_no_easy_dental,,Placa com arco de contenÆo de Baag,,,,,,0.0,37,,brana
,,,,,,"[{'codigo': 297, 'id': 296, 'nome': 'Placa de Apnéia', 'score': 0.9333}, {'codigo': 298, 'id': 297, 'nome': 'Placa de ativação mandibular', 'score': 0.6047}, {'codigo': 304, 'id': 303, 'nome': 'Placa de ocupação lingual', 'score': 0.6}]",,,,297,,,07,40852,,,,sem_match_confiavel_no_easy_dental,,Placa de Apnia,,,,,,0.0,37,,brana
,,,,,,"[{'codigo': 298, 'id': 297, 'nome': 'Placa de ativação mandibular', 'score': 0.9286}, {'codigo': 306, 'id': 305, 'nome': 'Placa dupla de avanço - Piamant', 'score': 0.5965}, {'codigo': 297, 'id': 296, 'nome': 'Placa de Apnéia', 'score': 0.5581}]",,,,298,,,07,40853,,,,sem_match_confiavel_no_easy_dental,,Placa de ativaÆo mandibular,,,,,,0.0,37,,brana
,,,,,,"[{'codigo': 300, 'id': 299, 'nome': 'Placa de expansão para mordida cruzada', 'score': 0.9737}, {'codigo': 200, 'id': 199, 'nome': 'Placa para Bruxismo Acrílica', 'score': 0.5152}, {'codigo': 306, 'id': 305, 'nome': 'Placa dupla de avanço - Piamant', 'score': 0.4776}]",,,,300,,,07,40855,,,,sem_match_confiavel_no_easy_dental,,Placa de expansÆo para mordida cruzada,,,,,,0.0,37,,brana
,,,,,,"[{'codigo': 304, 'id': 303, 'nome': 'Placa de ocupação lingual', 'score': 0.92}, {'codigo': 297, 'id': 296, 'nome': 'Placa de Apnéia', 'score': 0.55}, {'codigo': 16, 'id': 16, 'nome': 'Excisão de glândula sublingual', 'score': 0.5455}]",,,,304,,,01,40859,,,,sem_match_confiavel_no_easy_dental,,Placa de ocupaÆo lingual,,,,,,0.0,37,,brana
,,,,,,"[{'codigo': 306, 'id': 305, 'nome': 'Placa dupla de avanço - Piamant', 'score': 0.9655}, {'codigo': 298, 'id': 297, 'nome': 'Placa de ativação mandibular', 'score': 0.5965}, {'codigo': 297, 'id': 296, 'nome': 'Placa de Apnéia', 'score': 0.5909}]",,,,306,,,07,40861,,,,sem_match_confiavel_no_easy_dental,,Placa dupla de avano - Piamant,,,,,,0.0,37,,brana
,,,,,,"[{'codigo': 307, 'id': 306, 'nome': 'Placa interceptora de hábito', 'score': 0.9643}, {'codigo': 309, 'id': 308, 'nome': 'Placa mantenedora de espaço.', 'score': 0.6545}, {'codigo': 310, 'id': 309, 'nome': 'Placa recuperadora de espaço', 'score': 0.5714}]",,,,307,,,07,40862,,,,sem_match_confiavel_no_easy_dental,,Placa interceptora de h bito,,,,,,0.0,37,,brana
,,,,,,"[{'codigo': 309, 'id': 308, 'nome': 'Placa mantenedora de espaço.', 'score': 0.963}, {'codigo': 281, 'id': 280, 'nome': 'Mantenedor de espaço', 'score': 0.8085}, {'codigo': 310, 'id': 309, 'nome': 'Placa recuperadora de espaço', 'score': 0.7273}]",,,,309,,,09,40864,,,,sem_match_confiavel_no_easy_dental,,Placa mantenedora de espao.,,,,,,0.0,19,,brana
,,,,,,"[{'codigo': 310, 'id': 309, 'nome': 'Placa recuperadora de espaço', 'score': 0.9643}, {'codigo': 309, 'id': 308, 'nome': 'Placa mantenedora de espaço.', 'score': 0.7636}, {'codigo': 281, 'id': 280, 'nome': 'Mantenedor de espaço', 'score': 0.625}]",,,,310,,,09,40865,,,,sem_match_confiavel_no_easy_dental,,Placa recuperadora de espao,,,,,,0.0,19,,brana
,,,,,,"[{'codigo': 313, 'id': 312, 'nome': 'Quadri-hélice', 'score': 0.9231}, {'codigo': 246, 'id': 245, 'nome': 'Bi-hélice', 'score': 0.6364}, {'codigo': 39, 'id': 39, 'nome': 'Adequação de meio bucal', 'score': 0.3889}]",,,,313,,,07,40868,,,,sem_match_confiavel_no_easy_dental,,Quadri-hlice,,,,,,0.0,37,,brana
,,,,,,"[{'codigo': 316, 'id': 315, 'nome': 'Vilma Simões - SN1, SN2, SN3, SN4, SN5', 'score': 0.9688}, {'codigo': 317, 'id': 316, 'nome': 'Vilma Simões - SN6, SN7', 'score': 0.6538}, {'codigo': 35, 'id': 35, 'nome': 'Suturas simples da face ou lábio', 'score': 0.3438}]",,,,316,,,07,40871,,,,sem_match_confiavel_no_easy_dental,,"Vilma Simäes - SN1, SN2, SN3, SN4, SN5",,,,,,0.0,37,,brana
,,,,,,"[{'codigo': 317, 'id': 316, 'nome': 'Vilma Simões - SN6, SN7', 'score': 0.95}, {'codigo': 316, 'id': 315, 'nome': 'Vilma Simões - SN1, SN2, SN3, SN4, SN5', 'score': 0.6538}, {'codigo': 35, 'id': 35, 'nome': 'Suturas simples da face ou lábio', 'score': 0.3462}]",,,,317,,,07,40872,,,,sem_match_confiavel_no_easy_dental,,"Vilma Simäes - SN6, SN7",,,,,,0.0,37,,brana
,,,,,,"[{'codigo': 323, 'id': 322, 'nome': 'Alinhadores Estéticos', 'score': 0.9524}, {'codigo': 196, 'id': 196, 'nome': 'Núcleo Metal-free estético', 'score': 0.5106}, {'codigo': 156, 'id': 156, 'nome': 'Aplicação de Cariostático - (sessão)', 'score': 0.4906}]",,,,323,,,07,40878,,,,sem_match_confiavel_no_easy_dental,,Alinhadores Estticos,,,,,,0.0,22,,brana
,,,,,,"[{'codigo': 325, 'id': 324, 'nome': 'Consulta de Reavaliação Clínica', 'score': 0.9032}, {'codigo': 100, 'id': 100, 'nome': 'Consulta de adaptação Psicológica', 'score': 0.6875}, {'codigo': 101, 'id': 101, 'nome': 'Consulta de Emergência', 'score': 0.566}]",,,,2081,,,05,40880,,,,sem_match_confiavel_no_easy_dental,,Consulta de ReavaliaÆo Cl¡nica,,,,,,0.0,10,,brana
,,,,,,"[{'codigo': 326, 'id': 325, 'nome': 'Implante Zigomático', 'score': 0.9474}, {'codigo': 112, 'id': 112, 'nome': 'Implante - (técnica de Sammers)', 'score': 0.5217}, {'codigo': 114, 'id': 114, 'nome': 'Implante ósseo integrável - Cone Morse', 'score': 0.5091}]",,,,7060,,,13,40881,,,,sem_match_confiavel_no_easy_dental,,Implante Zigom tico,,,,,,0.0,9,,brana
,,,,,,"[{'codigo': 328, 'id': 327, 'nome': 'Coroa Provisória Imediata sob implante', 'score': 0.9737}, {'codigo': 184, 'id': 184, 'nome': 'Coroa Provisória de Laboratório sob implante', 'score': 0.7805}, {'codigo': 182, 'id': 182, 'nome': 'Coroa Provisória Imediata', 'score': 0.7619}]",,,,8171,,,02,40883,,,,sem_match_confiavel_no_easy_dental,,Coroa Provis¢ria Imediata sob implante,,,,,,0.0,30,,brana
,,,,,,"[{'codigo': 329, 'id': 328, 'nome': 'Fios de sustentação', 'score': 0.8947}, {'codigo': 225, 'id': 224, 'nome': 'Aparelho de contenção', 'score': 0.45}, {'codigo': 19, 'id': 19, 'nome': 'Excisão de rânula', 'score': 0.4444}]",,,,9040,,,01,40884,,,,sem_match_confiavel_no_easy_dental,,Fios de sustentaÆo,,,,,,0.0,45,,brana
,,,,,,"[{'codigo': 331, 'id': 330, 'nome': 'Cimentação adesiva', 'score': 0.8889}, {'codigo': 99, 'id': 99, 'nome': 'Cimentação de Prótese Parcial Fixa', 'score': 0.5385}, {'codigo': 96, 'id': 96, 'nome': 'Cimentação de Coroa Total Definitiva', 'score': 0.5185}]",,,,2011,,,02,40886,,,,sem_match_confiavel_no_easy_dental,,CimentaÆo adesiva,,,,,,0.0,1,,brana
,,,,,,"[{'codigo': 335, 'id': 334, 'nome': 'Núcleo Metálico fundido bi-partido', 'score': 0.9412}, {'codigo': 197, 'id': 197, 'nome': 'Núcleo Metálico-fundido', 'score': 0.7368}, {'codigo': 98, 'id': 98, 'nome': 'Cimentação de Núcleo Metálico Fundido', 'score': 0.5915}]",,,,8261,,,01,40890,,,,sem_match_confiavel_no_easy_dental,,N£cleo Met lico fundido bi-partido,,,,,,0.0,14,,brana
,,,,,,"[{'codigo': 336, 'id': 335, 'nome': 'Remoção de aparelho ortodontico fixo.', 'score': 0.9444}, {'codigo': 232, 'id': 231, 'nome': 'Aparelho Ortodôntico Fixo - (Arcada Inferior)', 'score': 0.6234}, {'codigo': 233, 'id': 232, 'nome': 'Aparelho Ortodôntico Fixo - (Arcada Superior)', 'score': 0.6234}]",,,,336,,,07,40891,,,,sem_match_confiavel_no_easy_dental,,RemoÆo de aparelho ortodontico fixo.,,,,,,0.0,37,,brana
,,,,,,"[{'codigo': 337, 'id': 336, 'nome': 'Regeneração óssea guiada - ROG', 'score': 0.8929}, {'codigo': 137, 'id': 137, 'nome': 'Enxerto Osseo RTG - (Regeneração Tecidual Guiada)', 'score': 0.5205}, {'codigo': 220, 'id': 219, 'nome': 'Restauração Metálica Fundida - RMF', 'score': 0.5}]",,,,7070,,,,40892,,,,sem_match_confiavel_no_easy_dental,,RegeneraÆo ¢ssea guiada - ROG,,,,,,0.0,25,,brana
